{
"type": "FeatureCollection",
"name": "buurten_amsterdam",
"crs": { "type": "name", "properties": { "name": "urn:ogc:def:crs:OGC:1.3:CRS84" } },
"features": [
{ "type": "Feature", "properties": { "buurt_naam": "Planciusbuurt-Noord", "stadsdeel": "Centrum", "bevolking": 325, "oppervlakte_km2": 0.024, "bev_dichtheid": 13522.5 }, "geometry": { "type": "Polygon", "coordinates": [ [ [ 4.8830398, 52.3860025 ], [ 4.8840776, 52.3856681 ], [ 4.8843388, 52.3859595 ], [ 4.8857008, 52.3880018 ], [ 4.8857518, 52.3881674 ], [ 4.8844846, 52.3883795 ], [ 4.8840028, 52.387343 ], [ 4.8832397, 52.3862432 ], [ 4.8830398, 52.3860025 ] ] ] } },
{ "type": "Feature", "properties": { "buurt_naam": "Westelijke eilanden", "stadsdeel": "Centrum", "bevolking": 2915, "oppervlakte_km2": 0.2157, "bev_dichtheid": 13511.6 }, "geometry": { "type": "Polygon", "coordinates": [ [ [ 4.8839296, 52.3855065 ], [ 4.8846528, 52.3851995 ], [ 4.8850354, 52.3850088 ], [ 4.8877803, 52.3834745 ], [ 4.8881496, 52.3832792 ], [ 4.8885232, 52.3831002 ], [ 4.8893868, 52.38272 ], [ 4.890156, 52.3823637 ], [ 4.890185, 52.3823954 ], [ 4.8907496, 52.3829971 ], [ 4.890644, 52.3832457 ], [ 4.891178, 52.3877804 ], [ 4.8910666, 52.3882769 ], [ 4.891015, 52.3884412 ], [ 4.8859771, 52.3881297 ], [ 4.8857518, 52.3881674 ], [ 4.8857008, 52.3880018 ], [ 4.8843388, 52.3859595 ], [ 4.8840776, 52.3856681 ], [ 4.8839296, 52.3855065 ] ] ] } },
{ "type": "Feature", "properties": { "buurt_naam": "Westerdokseiland", "stadsdeel": "Centrum", "bevolking": 1845, "oppervlakte_km2": 0.3365, "bev_dichtheid": 5483.2 }, "geometry": { "type": "Polygon", "coordinates": [ [ [ 4.890185, 52.3823954 ], [ 4.8906368, 52.3821788 ], [ 4.8906415, 52.3821608 ], [ 4.8914992, 52.3817627 ], [ 4.8918974, 52.3816089 ], [ 4.894487, 52.3806634 ], [ 4.8945074, 52.3806833 ], [ 4.8947257, 52.3805997 ], [ 4.8947082, 52.3805825 ], [ 4.8948614, 52.3805373 ], [ 4.8948498, 52.3805238 ], [ 4.8958058, 52.380144 ], [ 4.8966563, 52.3810597 ], [ 4.8987723, 52.3829702 ], [ 4.8986643, 52.3830444 ], [ 4.8979156, 52.3836758 ], [ 4.8973112, 52.384271 ], [ 4.8967639, 52.3848871 ], [ 4.8962473, 52.3856489 ], [ 4.8958781, 52.3863619 ], [ 4.8956619, 52.3869227 ], [ 4.895084, 52.3886917 ], [ 4.8923669, 52.3885241 ], [ 4.8923144, 52.3883585 ], [ 4.8923012, 52.3882228 ], [ 4.8923086, 52.3882075 ], [ 4.8922134, 52.3881909 ], [ 4.8920747, 52.3885067 ], [ 4.891015, 52.3884412 ], [ 4.8910666, 52.3882769 ], [ 4.891178, 52.3877804 ], [ 4.890644, 52.3832457 ], [ 4.8907496, 52.3829971 ], [ 4.890185, 52.3823954 ] ] ] } },
{ "type": "Feature", "properties": { "buurt_naam": "Planciusbuurt-Zuid", "stadsdeel": "Centrum", "bevolking": 160, "oppervlakte_km2": 0.0173, "bev_dichtheid": 9251.8 }, "geometry": { "type": "Polygon", "coordinates": [ [ [ 4.8816665, 52.3841803 ], [ 4.8825361, 52.3839242 ], [ 4.8826098, 52.3838931 ], [ 4.8826534, 52.383932 ], [ 4.882826, 52.3841348 ], [ 4.8830239, 52.3844287 ], [ 4.8835173, 52.3849547 ], [ 4.8839296, 52.3855065 ], [ 4.8840776, 52.3856681 ], [ 4.8830398, 52.3860025 ], [ 4.8825919, 52.3854613 ], [ 4.8823513, 52.3851862 ], [ 4.881831, 52.3844362 ], [ 4.8816665, 52.3841803 ] ] ] } },
{ "type": "Feature", "properties": { "buurt_naam": "Haarlemmerbuurt-West", "stadsdeel": "Centrum", "bevolking": 2395, "oppervlakte_km2": 0.1169, "bev_dichtheid": 20491.1 }, "geometry": { "type": "Polygon", "coordinates": [ [ [ 4.8826098, 52.3838931 ], [ 4.8829366, 52.3837021 ], [ 4.882965, 52.3836518 ], [ 4.8830664, 52.3835202 ], [ 4.8880695, 52.3807273 ], [ 4.8884362, 52.3805212 ], [ 4.8899088, 52.3821317 ], [ 4.890156, 52.3823637 ], [ 4.8893868, 52.38272 ], [ 4.8885232, 52.3831002 ], [ 4.8881496, 52.3832792 ], [ 4.8877803, 52.3834745 ], [ 4.8850354, 52.3850088 ], [ 4.8846528, 52.3851995 ], [ 4.8839296, 52.3855065 ], [ 4.8835173, 52.3849547 ], [ 4.8830239, 52.3844287 ], [ 4.882826, 52.3841348 ], [ 4.8826534, 52.383932 ], [ 4.8826098, 52.3838931 ] ] ] } },
{ "type": "Feature", "properties": { "buurt_naam": "Haarlemmerbuurt-Oost", "stadsdeel": "Centrum", "bevolking": 1510, "oppervlakte_km2": 0.101, "bev_dichtheid": 14952.0 }, "geometry": { "type": "Polygon", "coordinates": [ [ [ 4.8884362, 52.3805212 ], [ 4.8898477, 52.3797309 ], [ 4.8901336, 52.3796314 ], [ 4.8902383, 52.3795995 ], [ 4.8917194, 52.3792705 ], [ 4.8920088, 52.3792654 ], [ 4.8935251, 52.3789445 ], [ 4.8936841, 52.3789012 ], [ 4.8940029, 52.3787659 ], [ 4.8943406, 52.3790297 ], [ 4.8951946, 52.3796237 ], [ 4.8954683, 52.3798558 ], [ 4.8958058, 52.380144 ], [ 4.8948498, 52.3805238 ], [ 4.8948614, 52.3805373 ], [ 4.8947082, 52.3805825 ], [ 4.8947257, 52.3805997 ], [ 4.8945074, 52.3806833 ], [ 4.894487, 52.3806634 ], [ 4.8918974, 52.3816089 ], [ 4.8914992, 52.3817627 ], [ 4.8906415, 52.3821608 ], [ 4.8906368, 52.3821788 ], [ 4.890185, 52.3823954 ], [ 4.890156, 52.3823637 ], [ 4.8899088, 52.3821317 ], [ 4.8884362, 52.3805212 ] ] ] } },
{ "type": "Feature", "properties": { "buurt_naam": "Marnixbuurt-Noord", "stadsdeel": "Centrum", "bevolking": 1445, "oppervlakte_km2": 0.0718, "bev_dichtheid": 20116.1 }, "geometry": { "type": "Polygon", "coordinates": [ [ [ 4.8781666, 52.3785067 ], [ 4.8789914, 52.378308 ], [ 4.8786916, 52.3778179 ], [ 4.8791833, 52.3777057 ], [ 4.8803663, 52.3795812 ], [ 4.882965, 52.3836518 ], [ 4.8829366, 52.3837021 ], [ 4.8826098, 52.3838931 ], [ 4.8825361, 52.3839242 ], [ 4.8816665, 52.3841803 ], [ 4.8807609, 52.3827087 ], [ 4.8806509, 52.3825654 ], [ 4.8804867, 52.3824118 ], [ 4.8803336, 52.382306 ], [ 4.8801015, 52.3821847 ], [ 4.8798091, 52.3820683 ], [ 4.8797041, 52.3819996 ], [ 4.8796389, 52.3819318 ], [ 4.879597, 52.3818652 ], [ 4.879577, 52.3818094 ], [ 4.8795719, 52.3817393 ], [ 4.8795829, 52.3816827 ], [ 4.879631, 52.3815877 ], [ 4.879854, 52.3813405 ], [ 4.8798724, 52.3812831 ], [ 4.8798614, 52.3812201 ], [ 4.8781666, 52.3785067 ] ] ] } },
{ "type": "Feature", "properties": { "buurt_naam": "Driehoekbuurt", "stadsdeel": "Centrum", "bevolking": 2730, "oppervlakte_km2": 0.1057, "bev_dichtheid": 25833.2 }, "geometry": { "type": "Polygon", "coordinates": [ [ [ 4.8803663, 52.3795812 ], [ 4.8880695, 52.3807273 ], [ 4.8830664, 52.3835202 ], [ 4.882965, 52.3836518 ], [ 4.8803663, 52.3795812 ] ] ] } },
{ "type": "Feature", "properties": { "buurt_naam": "Anjeliersbuurt-Noord", "stadsdeel": "Centrum", "bevolking": 2070, "oppervlakte_km2": 0.0984, "bev_dichtheid": 21029.7 }, "geometry": { "type": "Polygon", "coordinates": [ [ [ 4.8791833, 52.3777057 ], [ 4.8793585, 52.3776697 ], [ 4.8871289, 52.3790957 ], [ 4.8881665, 52.3802164 ], [ 4.8884362, 52.3805212 ], [ 4.8880695, 52.3807273 ], [ 4.8803663, 52.3795812 ], [ 4.8791833, 52.3777057 ] ] ] } },
{ "type": "Feature", "properties": { "buurt_naam": "Zaagpoortbuurt", "stadsdeel": "Centrum", "bevolking": 935, "oppervlakte_km2": 0.0378, "bev_dichtheid": 24729.6 }, "geometry": { "type": "Polygon", "coordinates": [ [ [ 4.8755139, 52.3740769 ], [ 4.8767724, 52.3739529 ], [ 4.8769265, 52.3739608 ], [ 4.8769418, 52.3740364 ], [ 4.877033, 52.3742813 ], [ 4.8770732, 52.3743632 ], [ 4.8776039, 52.3752059 ], [ 4.8791833, 52.3777057 ], [ 4.8786916, 52.3778179 ], [ 4.8789914, 52.378308 ], [ 4.8781666, 52.3785067 ], [ 4.8781004, 52.3783994 ], [ 4.8782933, 52.3783517 ], [ 4.8781014, 52.3780436 ], [ 4.878078, 52.3780488 ], [ 4.8779092, 52.3777866 ], [ 4.8780137, 52.3777619 ], [ 4.8765917, 52.3754891 ], [ 4.8759948, 52.3745383 ], [ 4.8758872, 52.3743168 ], [ 4.8758534, 52.3741836 ], [ 4.8755404, 52.3742137 ], [ 4.8755139, 52.3740769 ] ] ] } },
{ "type": "Feature", "properties": { "buurt_naam": "Anjeliersbuurt-Zuid", "stadsdeel": "Centrum", "bevolking": 2945, "oppervlakte_km2": 0.1191, "bev_dichtheid": 24720.1 }, "geometry": { "type": "Polygon", "coordinates": [ [ [ 4.8776039, 52.3752059 ], [ 4.8777963, 52.3751986 ], [ 4.8842713, 52.3765986 ], [ 4.884471, 52.3766048 ], [ 4.8847787, 52.3765297 ], [ 4.8862061, 52.3780897 ], [ 4.8871289, 52.3790957 ], [ 4.8793585, 52.3776697 ], [ 4.8791833, 52.3777057 ], [ 4.8776039, 52.3752059 ] ] ] } },
{ "type": "Feature", "properties": { "buurt_naam": "Marnixbuurt-Midden", "stadsdeel": "Centrum", "bevolking": 195, "oppervlakte_km2": 0.0215, "bev_dichtheid": 9066.8 }, "geometry": { "type": "Polygon", "coordinates": [ [ [ 4.8754864, 52.37341 ], [ 4.8754312, 52.3732354 ], [ 4.8753837, 52.3731498 ], [ 4.8752955, 52.3730353 ], [ 4.8752359, 52.3729739 ], [ 4.8751689, 52.3729242 ], [ 4.8748306, 52.3727268 ], [ 4.8747824, 52.3726897 ], [ 4.8746458, 52.3725625 ], [ 4.8745562, 52.3724497 ], [ 4.8744828, 52.3723236 ], [ 4.8744401, 52.3722011 ], [ 4.874452, 52.3720601 ], [ 4.874504, 52.3718886 ], [ 4.8753577, 52.3720829 ], [ 4.876314, 52.3723144 ], [ 4.8763665, 52.3724773 ], [ 4.876683, 52.3732929 ], [ 4.876785, 52.3736169 ], [ 4.8768567, 52.3737799 ], [ 4.8769257, 52.3739033 ], [ 4.8769265, 52.3739608 ], [ 4.8767724, 52.3739529 ], [ 4.8755139, 52.3740769 ], [ 4.8754765, 52.3737596 ], [ 4.8754864, 52.37341 ] ] ] } },
{ "type": "Feature", "properties": { "buurt_naam": "Bloemgrachtbuurt", "stadsdeel": "Centrum", "bevolking": 2955, "oppervlakte_km2": 0.1266, "bev_dichtheid": 23339.2 }, "geometry": { "type": "Polygon", "coordinates": [ [ [ 4.8769257, 52.3739033 ], [ 4.8768567, 52.3737799 ], [ 4.876785, 52.3736169 ], [ 4.876683, 52.3732929 ], [ 4.8763665, 52.3724773 ], [ 4.876314, 52.3723144 ], [ 4.8830688, 52.3739916 ], [ 4.8831329, 52.3746794 ], [ 4.8831556, 52.3747513 ], [ 4.8847787, 52.3765297 ], [ 4.884471, 52.3766048 ], [ 4.8842713, 52.3765986 ], [ 4.8777963, 52.3751986 ], [ 4.8776039, 52.3752059 ], [ 4.8770732, 52.3743632 ], [ 4.877033, 52.3742813 ], [ 4.8769418, 52.3740364 ], [ 4.8769265, 52.3739608 ], [ 4.8769257, 52.3739033 ] ] ] } },
{ "type": "Feature", "properties": { "buurt_naam": "Groenmarktkadebuurt", "stadsdeel": "Centrum", "bevolking": 335, "oppervlakte_km2": 0.0493, "bev_dichtheid": 6798.0 }, "geometry": { "type": "Polygon", "coordinates": [ [ [ 4.874504, 52.3718886 ], [ 4.875045, 52.370683 ], [ 4.8756737, 52.3696396 ], [ 4.8758065, 52.3694613 ], [ 4.8759925, 52.3692536 ], [ 4.8763026, 52.3689664 ], [ 4.8766788, 52.3686768 ], [ 4.8768085, 52.3685031 ], [ 4.8776167, 52.3687123 ], [ 4.8782962, 52.3688519 ], [ 4.8762064, 52.371843 ], [ 4.8761792, 52.3719031 ], [ 4.876314, 52.3723144 ], [ 4.8753577, 52.3720829 ], [ 4.874504, 52.3718886 ] ] ] } },
{ "type": "Feature", "properties": { "buurt_naam": "Marnixbuurt-Zuid", "stadsdeel": "Centrum", "bevolking": 690, "oppervlakte_km2": 0.051, "bev_dichtheid": 13520.1 }, "geometry": { "type": "Polygon", "coordinates": [ [ [ 4.8768085, 52.3685031 ], [ 4.8770876, 52.368108 ], [ 4.8771987, 52.367898 ], [ 4.8772655, 52.3677025 ], [ 4.8773202, 52.3673009 ], [ 4.8773492, 52.3671833 ], [ 4.8774313, 52.3669535 ], [ 4.8775185, 52.3667715 ], [ 4.8777262, 52.3665881 ], [ 4.8778891, 52.3664666 ], [ 4.8781376, 52.3663095 ], [ 4.8783975, 52.3661731 ], [ 4.8785336, 52.3660811 ], [ 4.8787011, 52.365947 ], [ 4.8788169, 52.3658343 ], [ 4.8789599, 52.3656632 ], [ 4.8790702, 52.3655019 ], [ 4.8791362, 52.3653818 ], [ 4.879186, 52.3652607 ], [ 4.8792184, 52.3651268 ], [ 4.8792317, 52.3649877 ], [ 4.8792251, 52.3649247 ], [ 4.8800999, 52.3652115 ], [ 4.8807183, 52.3654272 ], [ 4.8809128, 52.3654936 ], [ 4.8808669, 52.3655383 ], [ 4.8804908, 52.3660607 ], [ 4.8802469, 52.3663454 ], [ 4.8800234, 52.3666465 ], [ 4.87989, 52.36661 ], [ 4.8790754, 52.3677452 ], [ 4.8782962, 52.3688519 ], [ 4.8776167, 52.3687123 ], [ 4.8768085, 52.3685031 ] ] ] } },
{ "type": "Feature", "properties": { "buurt_naam": "Elandsgrachtbuurt", "stadsdeel": "Centrum", "bevolking": 4300, "oppervlakte_km2": 0.2071, "bev_dichtheid": 20762.8 }, "geometry": { "type": "Polygon", "coordinates": [ [ [ 4.8761792, 52.3719031 ], [ 4.8762064, 52.371843 ], [ 4.8782962, 52.3688519 ], [ 4.8790754, 52.3677452 ], [ 4.8822089, 52.3687643 ], [ 4.8822809, 52.3687673 ], [ 4.8826024, 52.3687561 ], [ 4.8826137, 52.3689314 ], [ 4.8830688, 52.3739916 ], [ 4.876314, 52.3723144 ], [ 4.8761792, 52.3719031 ] ] ] } },
{ "type": "Feature", "properties": { "buurt_naam": "Passeerdersgrachtbuurt", "stadsdeel": "Centrum", "bevolking": 895, "oppervlakte_km2": 0.0545, "bev_dichtheid": 16431.4 }, "geometry": { "type": "Polygon", "coordinates": [ [ [ 4.8790754, 52.3677452 ], [ 4.87989, 52.36661 ], [ 4.8800234, 52.3666465 ], [ 4.8802469, 52.3663454 ], [ 4.8804908, 52.3660607 ], [ 4.8808669, 52.3655383 ], [ 4.8809128, 52.3654936 ], [ 4.8827976, 52.3661766 ], [ 4.8827425, 52.3662455 ], [ 4.8825478, 52.3665782 ], [ 4.8824324, 52.3666649 ], [ 4.8824243, 52.3667439 ], [ 4.8826024, 52.3687561 ], [ 4.8822809, 52.3687673 ], [ 4.8822089, 52.3687643 ], [ 4.8790754, 52.3677452 ] ] ] } },
{ "type": "Feature", "properties": { "buurt_naam": "Langestraat e.o.", "stadsdeel": "Centrum", "bevolking": 1885, "oppervlakte_km2": 0.1228, "bev_dichtheid": 15346.0 }, "geometry": { "type": "Polygon", "coordinates": [ [ [ 4.8862061, 52.3780897 ], [ 4.8895439, 52.3769552 ], [ 4.8898998, 52.3768991 ], [ 4.8913146, 52.3763244 ], [ 4.8920821, 52.3770313 ], [ 4.8939141, 52.3786963 ], [ 4.8940029, 52.3787659 ], [ 4.8936841, 52.3789012 ], [ 4.8935251, 52.3789445 ], [ 4.8920088, 52.3792654 ], [ 4.8917194, 52.3792705 ], [ 4.8902383, 52.3795995 ], [ 4.8901336, 52.3796314 ], [ 4.8898477, 52.3797309 ], [ 4.8884362, 52.3805212 ], [ 4.8881665, 52.3802164 ], [ 4.8871289, 52.3790957 ], [ 4.8862061, 52.3780897 ] ] ] } },
{ "type": "Feature", "properties": { "buurt_naam": "Leliegracht e.o.", "stadsdeel": "Centrum", "bevolking": 1825, "oppervlakte_km2": 0.1728, "bev_dichtheid": 10561.3 }, "geometry": { "type": "Polygon", "coordinates": [ [ [ 4.8830688, 52.3739916 ], [ 4.8833851, 52.3740649 ], [ 4.8851568, 52.3739978 ], [ 4.8853891, 52.3739771 ], [ 4.8855584, 52.3739338 ], [ 4.8857088, 52.3738814 ], [ 4.8858328, 52.3738235 ], [ 4.8862982, 52.3735702 ], [ 4.8864679, 52.3735062 ], [ 4.8866593, 52.3734558 ], [ 4.8869063, 52.37342 ], [ 4.8888553, 52.3732602 ], [ 4.8889078, 52.3734401 ], [ 4.8892591, 52.3743089 ], [ 4.889303, 52.3744619 ], [ 4.8896734, 52.3748202 ], [ 4.891181, 52.3761917 ], [ 4.8913146, 52.3763244 ], [ 4.8898998, 52.3768991 ], [ 4.8895439, 52.3769552 ], [ 4.8862061, 52.3780897 ], [ 4.8847787, 52.3765297 ], [ 4.8831556, 52.3747513 ], [ 4.8831329, 52.3746794 ], [ 4.8830688, 52.3739916 ] ] ] } },
{ "type": "Feature", "properties": { "buurt_naam": "Felix Meritisbuurt", "stadsdeel": "Centrum", "bevolking": 2115, "oppervlakte_km2": 0.2024, "bev_dichtheid": 10448.8 }, "geometry": { "type": "Polygon", "coordinates": [ [ [ 4.8826137, 52.3689314 ], [ 4.8844118, 52.3688618 ], [ 4.8866222, 52.368792 ], [ 4.8872789, 52.3687615 ], [ 4.8876783, 52.3687551 ], [ 4.8878397, 52.3687648 ], [ 4.8878275, 52.3688034 ], [ 4.8881265, 52.370301 ], [ 4.8885091, 52.372324 ], [ 4.8887653, 52.3730377 ], [ 4.8888214, 52.3731468 ], [ 4.8888553, 52.3732602 ], [ 4.8869063, 52.37342 ], [ 4.8866593, 52.3734558 ], [ 4.8864679, 52.3735062 ], [ 4.8862982, 52.3735702 ], [ 4.8858328, 52.3738235 ], [ 4.8857088, 52.3738814 ], [ 4.8855584, 52.3739338 ], [ 4.8853891, 52.3739771 ], [ 4.8851568, 52.3739978 ], [ 4.8833851, 52.3740649 ], [ 4.8830688, 52.3739916 ], [ 4.8826137, 52.3689314 ] ] ] } },
{ "type": "Feature", "properties": { "buurt_naam": "Leidsegracht-Noord", "stadsdeel": "Centrum", "bevolking": 685, "oppervlakte_km2": 0.0689, "bev_dichtheid": 9947.3 }, "geometry": { "type": "Polygon", "coordinates": [ [ [ 4.8824243, 52.3667439 ], [ 4.8824324, 52.3666649 ], [ 4.8825478, 52.3665782 ], [ 4.8827425, 52.3662455 ], [ 4.8827976, 52.3661766 ], [ 4.8845365, 52.3667843 ], [ 4.8851652, 52.3670117 ], [ 4.8858746, 52.3672456 ], [ 4.8866657, 52.3675465 ], [ 4.8867026, 52.36804 ], [ 4.8877192, 52.3683922 ], [ 4.8880602, 52.3684987 ], [ 4.8878519, 52.3687262 ], [ 4.8878397, 52.3687648 ], [ 4.8876783, 52.3687551 ], [ 4.8872789, 52.3687615 ], [ 4.8866222, 52.368792 ], [ 4.8844118, 52.3688618 ], [ 4.8826137, 52.3689314 ], [ 4.8826024, 52.3687561 ], [ 4.8824243, 52.3667439 ] ] ] } },
{ "type": "Feature", "properties": { "buurt_naam": "Stationsplein e.o.", "stadsdeel": "Centrum", "bevolking": 0, "oppervlakte_km2": 0.2594, "bev_dichtheid": 0.0 }, "geometry": { "type": "Polygon", "coordinates": [ [ [ 4.8954683, 52.3798558 ], [ 4.8975276, 52.3787607 ], [ 4.8977136, 52.3786779 ], [ 4.8979305, 52.378579 ], [ 4.8980621, 52.3785049 ], [ 4.8984411, 52.378227 ], [ 4.8985612, 52.3781223 ], [ 4.8986667, 52.3780122 ], [ 4.8988679, 52.3777407 ], [ 4.8996922, 52.3773028 ], [ 4.9009676, 52.3772416 ], [ 4.9019589, 52.3772438 ], [ 4.9024519, 52.3771406 ], [ 4.9029781, 52.3766898 ], [ 4.9032539, 52.3765894 ], [ 4.9035457, 52.377173 ], [ 4.9042865, 52.3779336 ], [ 4.9064092, 52.3800409 ], [ 4.9060061, 52.3801066 ], [ 4.9054749, 52.3802043 ], [ 4.9043132, 52.3804638 ], [ 4.9032641, 52.380775 ], [ 4.902263, 52.3811286 ], [ 4.9020964, 52.3811962 ], [ 4.9011846, 52.3815628 ], [ 4.9003679, 52.38198 ], [ 4.9000605, 52.382155 ], [ 4.8994796, 52.3824859 ], [ 4.8987723, 52.3829702 ], [ 4.8966563, 52.3810597 ], [ 4.8958058, 52.380144 ], [ 4.8954683, 52.3798558 ] ] ] } },
{ "type": "Feature", "properties": { "buurt_naam": "Hemelrijk", "stadsdeel": "Centrum", "bevolking": 580, "oppervlakte_km2": 0.0627, "bev_dichtheid": 9248.3 }, "geometry": { "type": "Polygon", "coordinates": [ [ [ 4.8920821, 52.3770313 ], [ 4.8942, 52.3766097 ], [ 4.8944218, 52.3767381 ], [ 4.8947753, 52.3769167 ], [ 4.8949663, 52.3770398 ], [ 4.8951045, 52.3771464 ], [ 4.8955843, 52.3775995 ], [ 4.8956629, 52.377661 ], [ 4.8957475, 52.3777116 ], [ 4.8958497, 52.377757 ], [ 4.8959536, 52.3777916 ], [ 4.8968941, 52.3780013 ], [ 4.8977136, 52.3786779 ], [ 4.8975276, 52.3787607 ], [ 4.8954683, 52.3798558 ], [ 4.8951946, 52.3796237 ], [ 4.8943406, 52.3790297 ], [ 4.8940029, 52.3787659 ], [ 4.8939141, 52.3786963 ], [ 4.8920821, 52.3770313 ] ] ] } },
{ "type": "Feature", "properties": { "buurt_naam": "Nieuwendijk-Noord", "stadsdeel": "Centrum", "bevolking": 485, "oppervlakte_km2": 0.0657, "bev_dichtheid": 7378.3 }, "geometry": { "type": "Polygon", "coordinates": [ [ [ 4.8935818, 52.3762215 ], [ 4.8951003, 52.3762063 ], [ 4.8953415, 52.3761812 ], [ 4.8954725, 52.3761557 ], [ 4.8956227, 52.3761159 ], [ 4.8957014, 52.3760353 ], [ 4.8962662, 52.3758183 ], [ 4.896474, 52.3757635 ], [ 4.8970789, 52.3755053 ], [ 4.8991407, 52.3769716 ], [ 4.8996922, 52.3773028 ], [ 4.8988679, 52.3777407 ], [ 4.8986667, 52.3780122 ], [ 4.8985612, 52.3781223 ], [ 4.8984411, 52.378227 ], [ 4.8980621, 52.3785049 ], [ 4.8979305, 52.378579 ], [ 4.8977136, 52.3786779 ], [ 4.8968941, 52.3780013 ], [ 4.8959536, 52.3777916 ], [ 4.8958497, 52.377757 ], [ 4.8957475, 52.3777116 ], [ 4.8956629, 52.377661 ], [ 4.8955843, 52.3775995 ], [ 4.8951045, 52.3771464 ], [ 4.8949663, 52.3770398 ], [ 4.8947753, 52.3769167 ], [ 4.8944218, 52.3767381 ], [ 4.8942, 52.3766097 ], [ 4.8935818, 52.3762215 ] ] ] } },
{ "type": "Feature", "properties": { "buurt_naam": "Spuistraat-Noord", "stadsdeel": "Centrum", "bevolking": 845, "oppervlakte_km2": 0.0566, "bev_dichtheid": 14929.6 }, "geometry": { "type": "Polygon", "coordinates": [ [ [ 4.8888553, 52.3732602 ], [ 4.890589, 52.373174 ], [ 4.8906499, 52.3733917 ], [ 4.8908806, 52.3738924 ], [ 4.8909383, 52.3739906 ], [ 4.8913516, 52.3744516 ], [ 4.8917566, 52.3748739 ], [ 4.8919335, 52.3750741 ], [ 4.8920688, 52.3751915 ], [ 4.8924506, 52.3754582 ], [ 4.8935818, 52.3762215 ], [ 4.8942, 52.3766097 ], [ 4.8920821, 52.3770313 ], [ 4.8913146, 52.3763244 ], [ 4.891181, 52.3761917 ], [ 4.8896734, 52.3748202 ], [ 4.889303, 52.3744619 ], [ 4.8892591, 52.3743089 ], [ 4.8889078, 52.3734401 ], [ 4.8888553, 52.3732602 ] ] ] } },
{ "type": "Feature", "properties": { "buurt_naam": "Nieuwe Kerk e.o.", "stadsdeel": "Centrum", "bevolking": 830, "oppervlakte_km2": 0.0838, "bev_dichtheid": 9899.6 }, "geometry": { "type": "Polygon", "coordinates": [ [ [ 4.890589, 52.373174 ], [ 4.890574, 52.3729465 ], [ 4.8906052, 52.3726429 ], [ 4.8913695, 52.3727189 ], [ 4.8917513, 52.372725 ], [ 4.8921255, 52.3727427 ], [ 4.8929746, 52.3727075 ], [ 4.8930114, 52.3727069 ], [ 4.8932994, 52.3732005 ], [ 4.8935652, 52.3734884 ], [ 4.8943633, 52.3740668 ], [ 4.896474, 52.3757635 ], [ 4.8962662, 52.3758183 ], [ 4.8957014, 52.3760353 ], [ 4.8956227, 52.3761159 ], [ 4.8954725, 52.3761557 ], [ 4.8953415, 52.3761812 ], [ 4.8951003, 52.3762063 ], [ 4.8935818, 52.3762215 ], [ 4.8924506, 52.3754582 ], [ 4.8920688, 52.3751915 ], [ 4.8919335, 52.3750741 ], [ 4.8917566, 52.3748739 ], [ 4.8913516, 52.3744516 ], [ 4.8909383, 52.3739906 ], [ 4.8908806, 52.3738924 ], [ 4.8906499, 52.3733917 ], [ 4.890589, 52.373174 ] ] ] } },
{ "type": "Feature", "properties": { "buurt_naam": "Spuistraat-Zuid", "stadsdeel": "Centrum", "bevolking": 765, "oppervlakte_km2": 0.0668, "bev_dichtheid": 11444.6 }, "geometry": { "type": "Polygon", "coordinates": [ [ [ 4.8888214, 52.3731468 ], [ 4.8887653, 52.3730377 ], [ 4.8885091, 52.372324 ], [ 4.8881265, 52.370301 ], [ 4.8878275, 52.3688034 ], [ 4.8878397, 52.3687648 ], [ 4.8878519, 52.3687262 ], [ 4.8880602, 52.3684987 ], [ 4.8885399, 52.3681296 ], [ 4.8890187, 52.3685172 ], [ 4.8891044, 52.3686002 ], [ 4.8891898, 52.368703 ], [ 4.8892533, 52.3688039 ], [ 4.889302, 52.3689075 ], [ 4.8893529, 52.3693499 ], [ 4.8895103, 52.3697102 ], [ 4.8897087, 52.3700938 ], [ 4.890062, 52.3705509 ], [ 4.8901997, 52.3706881 ], [ 4.8903187, 52.3708378 ], [ 4.8905951, 52.3713162 ], [ 4.890644, 52.3714216 ], [ 4.8906707, 52.3715304 ], [ 4.8906781, 52.3716446 ], [ 4.8906464, 52.3722503 ], [ 4.8906052, 52.3726429 ], [ 4.890574, 52.3729465 ], [ 4.890589, 52.373174 ], [ 4.8888553, 52.3732602 ], [ 4.8888214, 52.3731468 ] ] ] } },
{ "type": "Feature", "properties": { "buurt_naam": "Begijnhofbuurt", "stadsdeel": "Centrum", "bevolking": 485, "oppervlakte_km2": 0.0703, "bev_dichtheid": 6894.8 }, "geometry": { "type": "Polygon", "coordinates": [ [ [ 4.8891898, 52.368703 ], [ 4.8897557, 52.3687854 ], [ 4.8902188, 52.3688628 ], [ 4.8904686, 52.3688323 ], [ 4.8909671, 52.3689154 ], [ 4.8911426, 52.3689826 ], [ 4.8912157, 52.3689928 ], [ 4.8913991, 52.3690107 ], [ 4.8920139, 52.369051 ], [ 4.8920488, 52.3692102 ], [ 4.8924704, 52.3702455 ], [ 4.8925387, 52.3704481 ], [ 4.8928031, 52.3714934 ], [ 4.8928413, 52.3717588 ], [ 4.8928814, 52.3723727 ], [ 4.8929205, 52.3725636 ], [ 4.8929746, 52.3727075 ], [ 4.8921255, 52.3727427 ], [ 4.8917513, 52.372725 ], [ 4.8913695, 52.3727189 ], [ 4.8906052, 52.3726429 ], [ 4.8906464, 52.3722503 ], [ 4.8906781, 52.3716446 ], [ 4.8906707, 52.3715304 ], [ 4.890644, 52.3714216 ], [ 4.8905951, 52.3713162 ], [ 4.8903187, 52.3708378 ], [ 4.8901997, 52.3706881 ], [ 4.890062, 52.3705509 ], [ 4.8897087, 52.3700938 ], [ 4.8895103, 52.3697102 ], [ 4.8893529, 52.3693499 ], [ 4.889302, 52.3689075 ], [ 4.8892533, 52.3688039 ], [ 4.8891898, 52.368703 ] ] ] } },
{ "type": "Feature", "properties": { "buurt_naam": "Kalverdriehoek", "stadsdeel": "Centrum", "bevolking": 350, "oppervlakte_km2": 0.0602, "bev_dichtheid": 5818.0 }, "geometry": { "type": "Polygon", "coordinates": [ [ [ 4.8885399, 52.3681296 ], [ 4.8896402, 52.3672848 ], [ 4.8901001, 52.3671403 ], [ 4.8911605, 52.3669704 ], [ 4.891744, 52.3669153 ], [ 4.8927499, 52.3669007 ], [ 4.8931521, 52.3669077 ], [ 4.8932898, 52.3669433 ], [ 4.8933569, 52.3669706 ], [ 4.8934663, 52.3670419 ], [ 4.8938059, 52.3672654 ], [ 4.8938806, 52.36729 ], [ 4.8941478, 52.3672884 ], [ 4.8928911, 52.3683312 ], [ 4.8924362, 52.3689638 ], [ 4.8923924, 52.3690805 ], [ 4.8920139, 52.369051 ], [ 4.8913991, 52.3690107 ], [ 4.8912157, 52.3689928 ], [ 4.8911426, 52.3689826 ], [ 4.8909671, 52.3689154 ], [ 4.8904686, 52.3688323 ], [ 4.8902188, 52.3688628 ], [ 4.8897557, 52.3687854 ], [ 4.8891898, 52.368703 ], [ 4.8891044, 52.3686002 ], [ 4.8890187, 52.3685172 ], [ 4.8885399, 52.3681296 ] ] ] } },
{ "type": "Feature", "properties": { "buurt_naam": "Kop Zeedijk", "stadsdeel": "Centrum", "bevolking": 1150, "oppervlakte_km2": 0.0802, "bev_dichtheid": 14342.2 }, "geometry": { "type": "Polygon", "coordinates": [ [ [ 4.8970789, 52.3755053 ], [ 4.8978888, 52.3751599 ], [ 4.8980011, 52.3752377 ], [ 4.8992321, 52.3747889 ], [ 4.8994058, 52.3747492 ], [ 4.8996667, 52.3746784 ], [ 4.9002019, 52.3744899 ], [ 4.9002751, 52.3744858 ], [ 4.90048, 52.3744183 ], [ 4.900586, 52.3744026 ], [ 4.9012669, 52.3741735 ], [ 4.9022734, 52.3761415 ], [ 4.9032539, 52.3765894 ], [ 4.9029781, 52.3766898 ], [ 4.9024519, 52.3771406 ], [ 4.9019589, 52.3772438 ], [ 4.9009676, 52.3772416 ], [ 4.8996922, 52.3773028 ], [ 4.8991407, 52.3769716 ], [ 4.8970789, 52.3755053 ] ] ] } },
{ "type": "Feature", "properties": { "buurt_naam": "Oude Kerk e.o.", "stadsdeel": "Centrum", "bevolking": 770, "oppervlakte_km2": 0.0923, "bev_dichtheid": 8345.9 }, "geometry": { "type": "Polygon", "coordinates": [ [ [ 4.8930114, 52.3727069 ], [ 4.8938356, 52.3725358 ], [ 4.8948202, 52.3721993 ], [ 4.8958767, 52.3718603 ], [ 4.8968561, 52.3726742 ], [ 4.8987242, 52.3741163 ], [ 4.8990135, 52.3743746 ], [ 4.8994058, 52.3747492 ], [ 4.8992321, 52.3747889 ], [ 4.8980011, 52.3752377 ], [ 4.8978888, 52.3751599 ], [ 4.8970789, 52.3755053 ], [ 4.896474, 52.3757635 ], [ 4.8943633, 52.3740668 ], [ 4.8935652, 52.3734884 ], [ 4.8932994, 52.3732005 ], [ 4.8930114, 52.3727069 ] ] ] } },
{ "type": "Feature", "properties": { "buurt_naam": "Burgwallen-Oost", "stadsdeel": "Centrum", "bevolking": 1715, "oppervlakte_km2": 0.0722, "bev_dichtheid": 23751.2 }, "geometry": { "type": "Polygon", "coordinates": [ [ [ 4.8958767, 52.3718603 ], [ 4.8970636, 52.3714383 ], [ 4.8987541, 52.370995 ], [ 4.8992953, 52.371577 ], [ 4.8998566, 52.3722237 ], [ 4.8996665, 52.3722759 ], [ 4.8996863, 52.3723407 ], [ 4.9000988, 52.3729095 ], [ 4.9001656, 52.3729682 ], [ 4.9002459, 52.3730081 ], [ 4.9003689, 52.3730347 ], [ 4.9005509, 52.3730445 ], [ 4.9007084, 52.3730181 ], [ 4.9009351, 52.3734945 ], [ 4.9012669, 52.3741735 ], [ 4.900586, 52.3744026 ], [ 4.90048, 52.3744183 ], [ 4.9002751, 52.3744858 ], [ 4.9002019, 52.3744899 ], [ 4.8996667, 52.3746784 ], [ 4.8994058, 52.3747492 ], [ 4.8990135, 52.3743746 ], [ 4.8987242, 52.3741163 ], [ 4.8968561, 52.3726742 ], [ 4.8958767, 52.3718603 ] ] ] } },
{ "type": "Feature", "properties": { "buurt_naam": "Nes e.o.", "stadsdeel": "Centrum", "bevolking": 410, "oppervlakte_km2": 0.0576, "bev_dichtheid": 7115.6 }, "geometry": { "type": "Polygon", "coordinates": [ [ [ 4.8929205, 52.3725636 ], [ 4.8928814, 52.3723727 ], [ 4.8928413, 52.3717588 ], [ 4.8928031, 52.3714934 ], [ 4.8925387, 52.3704481 ], [ 4.8924704, 52.3702455 ], [ 4.8920488, 52.3692102 ], [ 4.8920139, 52.369051 ], [ 4.8923924, 52.3690805 ], [ 4.8935116, 52.3691768 ], [ 4.8936669, 52.3692169 ], [ 4.8942628, 52.3692301 ], [ 4.8947538, 52.3707619 ], [ 4.8948257, 52.370898 ], [ 4.8949592, 52.3710504 ], [ 4.8952031, 52.3712995 ], [ 4.8958767, 52.3718603 ], [ 4.8948202, 52.3721993 ], [ 4.8938356, 52.3725358 ], [ 4.8930114, 52.3727069 ], [ 4.8929746, 52.3727075 ], [ 4.8929205, 52.3725636 ] ] ] } },
{ "type": "Feature", "properties": { "buurt_naam": "BG-terrein e.o.", "stadsdeel": "Centrum", "bevolking": 720, "oppervlakte_km2": 0.1009, "bev_dichtheid": 7135.4 }, "geometry": { "type": "Polygon", "coordinates": [ [ [ 4.8923924, 52.3690805 ], [ 4.8924362, 52.3689638 ], [ 4.8928911, 52.3683312 ], [ 4.8941478, 52.3672884 ], [ 4.8943224, 52.3672874 ], [ 4.8948302, 52.3673074 ], [ 4.8950517, 52.3673308 ], [ 4.8952686, 52.3673677 ], [ 4.8953722, 52.3674237 ], [ 4.8954743, 52.3674979 ], [ 4.8957865, 52.3678111 ], [ 4.896232, 52.368291 ], [ 4.8963661, 52.3684974 ], [ 4.8987541, 52.370995 ], [ 4.8970636, 52.3714383 ], [ 4.8958767, 52.3718603 ], [ 4.8952031, 52.3712995 ], [ 4.8949592, 52.3710504 ], [ 4.8948257, 52.370898 ], [ 4.8947538, 52.3707619 ], [ 4.8942628, 52.3692301 ], [ 4.8936669, 52.3692169 ], [ 4.8935116, 52.3691768 ], [ 4.8923924, 52.3690805 ] ] ] } },
{ "type": "Feature", "properties": { "buurt_naam": "Oosterdokseiland", "stadsdeel": "Centrum", "bevolking": 510, "oppervlakte_km2": 0.242, "bev_dichtheid": 2107.2 }, "geometry": { "type": "Polygon", "coordinates": [ [ [ 4.9032539, 52.3765894 ], [ 4.904283, 52.376217 ], [ 4.9051764, 52.3758863 ], [ 4.9092607, 52.3740891 ], [ 4.9095748, 52.3739672 ], [ 4.9109173, 52.3748992 ], [ 4.9113795, 52.3749407 ], [ 4.9107523, 52.3776829 ], [ 4.9111582, 52.377637 ], [ 4.9105933, 52.379914 ], [ 4.9086848, 52.3798568 ], [ 4.9076225, 52.3798849 ], [ 4.9065313, 52.3800198 ], [ 4.9064092, 52.3800409 ], [ 4.9042865, 52.3779336 ], [ 4.9035457, 52.377173 ], [ 4.9032539, 52.3765894 ] ] ] } },
{ "type": "Feature", "properties": { "buurt_naam": "Lastage", "stadsdeel": "Centrum", "bevolking": 1110, "oppervlakte_km2": 0.0775, "bev_dichtheid": 14323.3 }, "geometry": { "type": "Polygon", "coordinates": [ [ [ 4.9009351, 52.3734945 ], [ 4.901355, 52.3733695 ], [ 4.9042373, 52.3717616 ], [ 4.9048124, 52.3714153 ], [ 4.9057948, 52.3718219 ], [ 4.9063706, 52.3720759 ], [ 4.9058552, 52.3723345 ], [ 4.9036511, 52.3735666 ], [ 4.9035459, 52.373648 ], [ 4.9034478, 52.3737528 ], [ 4.9031802, 52.374175 ], [ 4.9031285, 52.3743411 ], [ 4.9031313, 52.3744858 ], [ 4.9033235, 52.3750546 ], [ 4.9038056, 52.3754143 ], [ 4.904283, 52.376217 ], [ 4.9032539, 52.3765894 ], [ 4.9022734, 52.3761415 ], [ 4.9012669, 52.3741735 ], [ 4.9009351, 52.3734945 ] ] ] } },
{ "type": "Feature", "properties": { "buurt_naam": "Scheepvaarthuisbuurt", "stadsdeel": "Centrum", "bevolking": 760, "oppervlakte_km2": 0.1074, "bev_dichtheid": 7077.3 }, "geometry": { "type": "Polygon", "coordinates": [ [ [ 4.9038056, 52.3754143 ], [ 4.9033235, 52.3750546 ], [ 4.9031313, 52.3744858 ], [ 4.9031285, 52.3743411 ], [ 4.9031802, 52.374175 ], [ 4.9034478, 52.3737528 ], [ 4.9035459, 52.373648 ], [ 4.9036511, 52.3735666 ], [ 4.9058552, 52.3723345 ], [ 4.9063706, 52.3720759 ], [ 4.9072005, 52.3724468 ], [ 4.9078694, 52.3727839 ], [ 4.9095748, 52.3739672 ], [ 4.9092607, 52.3740891 ], [ 4.9051764, 52.3758863 ], [ 4.904283, 52.376217 ], [ 4.9038056, 52.3754143 ] ] ] } },
{ "type": "Feature", "properties": { "buurt_naam": "Rapenburg", "stadsdeel": "Centrum", "bevolking": 1030, "oppervlakte_km2": 0.1653, "bev_dichtheid": 6230.8 }, "geometry": { "type": "Polygon", "coordinates": [ [ [ 4.9063706, 52.3720759 ], [ 4.9066731, 52.3719243 ], [ 4.9073234, 52.3715379 ], [ 4.9083089, 52.3708506 ], [ 4.9091537, 52.3703858 ], [ 4.909648, 52.3707132 ], [ 4.9105078, 52.370216 ], [ 4.9107889, 52.3701596 ], [ 4.9111272, 52.3699677 ], [ 4.9134135, 52.371467 ], [ 4.9135196, 52.3718449 ], [ 4.9135859, 52.372237 ], [ 4.9136083, 52.3726209 ], [ 4.913585, 52.3730144 ], [ 4.9135207, 52.3733961 ], [ 4.9134125, 52.373775 ], [ 4.9132631, 52.3741483 ], [ 4.9130667, 52.3745232 ], [ 4.9127232, 52.3750638 ], [ 4.9113795, 52.3749407 ], [ 4.9109173, 52.3748992 ], [ 4.9095748, 52.3739672 ], [ 4.9078694, 52.3727839 ], [ 4.9072005, 52.3724468 ], [ 4.9063706, 52.3720759 ] ] ] } },
{ "type": "Feature", "properties": { "buurt_naam": "Nieuwmarkt", "stadsdeel": "Centrum", "bevolking": 1575, "oppervlakte_km2": 0.071, "bev_dichtheid": 22184.7 }, "geometry": { "type": "Polygon", "coordinates": [ [ [ 4.9007084, 52.3730181 ], [ 4.9005509, 52.3730445 ], [ 4.9003689, 52.3730347 ], [ 4.9002459, 52.3730081 ], [ 4.9001656, 52.3729682 ], [ 4.9000988, 52.3729095 ], [ 4.8996863, 52.3723407 ], [ 4.8996665, 52.3722759 ], [ 4.8998566, 52.3722237 ], [ 4.9004675, 52.3720888 ], [ 4.9004391, 52.3719924 ], [ 4.9004347, 52.3718513 ], [ 4.9006902, 52.3701186 ], [ 4.9007854, 52.3698773 ], [ 4.9009075, 52.3697115 ], [ 4.9011199, 52.3696216 ], [ 4.9016345, 52.369967 ], [ 4.9021523, 52.3702819 ], [ 4.9048124, 52.3714153 ], [ 4.9042373, 52.3717616 ], [ 4.901355, 52.3733695 ], [ 4.9009351, 52.3734945 ], [ 4.9007084, 52.3730181 ] ] ] } },
{ "type": "Feature", "properties": { "buurt_naam": "Uilenburg", "stadsdeel": "Centrum", "bevolking": 1255, "oppervlakte_km2": 0.1065, "bev_dichtheid": 11784.7 }, "geometry": { "type": "Polygon", "coordinates": [ [ [ 4.9011199, 52.3696216 ], [ 4.9026246, 52.368986 ], [ 4.903716, 52.3685384 ], [ 4.9039681, 52.3684469 ], [ 4.9082187, 52.3700711 ], [ 4.9087067, 52.3701629 ], [ 4.9091537, 52.3703858 ], [ 4.9083089, 52.3708506 ], [ 4.9073234, 52.3715379 ], [ 4.9066731, 52.3719243 ], [ 4.9063706, 52.3720759 ], [ 4.9057948, 52.3718219 ], [ 4.9048124, 52.3714153 ], [ 4.9021523, 52.3702819 ], [ 4.9016345, 52.369967 ], [ 4.9011199, 52.3696216 ] ] ] } },
{ "type": "Feature", "properties": { "buurt_naam": "Valkenburg", "stadsdeel": "Centrum", "bevolking": 1215, "oppervlakte_km2": 0.0733, "bev_dichtheid": 16573.2 }, "geometry": { "type": "Polygon", "coordinates": [ [ [ 4.9039681, 52.3684469 ], [ 4.9053846, 52.3679322 ], [ 4.9071045, 52.3673424 ], [ 4.9096847, 52.3690686 ], [ 4.9100374, 52.3693154 ], [ 4.9106852, 52.3696999 ], [ 4.9111272, 52.3699677 ], [ 4.9107889, 52.3701596 ], [ 4.9105078, 52.370216 ], [ 4.909648, 52.3707132 ], [ 4.9091537, 52.3703858 ], [ 4.9087067, 52.3701629 ], [ 4.9082187, 52.3700711 ], [ 4.9039681, 52.3684469 ] ] ] } },
{ "type": "Feature", "properties": { "buurt_naam": "Zuiderkerkbuurt", "stadsdeel": "Centrum", "bevolking": 1600, "oppervlakte_km2": 0.0907, "bev_dichtheid": 17647.6 }, "geometry": { "type": "Polygon", "coordinates": [ [ [ 4.8952686, 52.3673677 ], [ 4.8960776, 52.3673783 ], [ 4.8971268, 52.3674283 ], [ 4.89725, 52.3674279 ], [ 4.898241, 52.3673198 ], [ 4.8987036, 52.3678384 ], [ 4.8989849, 52.3680328 ], [ 4.9000852, 52.3690386 ], [ 4.900176, 52.3690758 ], [ 4.9003054, 52.3691787 ], [ 4.9006418, 52.3692951 ], [ 4.9009463, 52.3695238 ], [ 4.9010106, 52.3695473 ], [ 4.9011199, 52.3696216 ], [ 4.9009075, 52.3697115 ], [ 4.9007854, 52.3698773 ], [ 4.9006902, 52.3701186 ], [ 4.9004347, 52.3718513 ], [ 4.9004391, 52.3719924 ], [ 4.9004675, 52.3720888 ], [ 4.8998566, 52.3722237 ], [ 4.8992953, 52.371577 ], [ 4.8987541, 52.370995 ], [ 4.8963661, 52.3684974 ], [ 4.896232, 52.368291 ], [ 4.8957865, 52.3678111 ], [ 4.8954743, 52.3674979 ], [ 4.8953722, 52.3674237 ], [ 4.8952686, 52.3673677 ] ] ] } },
{ "type": "Feature", "properties": { "buurt_naam": "Waterloopleinbuurt", "stadsdeel": "Centrum", "bevolking": 880, "oppervlakte_km2": 0.1291, "bev_dichtheid": 6818.2 }, "geometry": { "type": "Polygon", "coordinates": [ [ [ 4.898241, 52.3673198 ], [ 4.8987951, 52.3672627 ], [ 4.8992851, 52.3671721 ], [ 4.9007519, 52.3666245 ], [ 4.9012178, 52.3657788 ], [ 4.9018346, 52.3658893 ], [ 4.9056309, 52.3666129 ], [ 4.9060348, 52.3667251 ], [ 4.9061152, 52.3667641 ], [ 4.9063709, 52.3668882 ], [ 4.906546, 52.3669842 ], [ 4.9071045, 52.3673424 ], [ 4.9053846, 52.3679322 ], [ 4.9039681, 52.3684469 ], [ 4.903716, 52.3685384 ], [ 4.9026246, 52.368986 ], [ 4.9011199, 52.3696216 ], [ 4.9010106, 52.3695473 ], [ 4.9009463, 52.3695238 ], [ 4.9006418, 52.3692951 ], [ 4.9003054, 52.3691787 ], [ 4.900176, 52.3690758 ], [ 4.9000852, 52.3690386 ], [ 4.8989849, 52.3680328 ], [ 4.8987036, 52.3678384 ], [ 4.898241, 52.3673198 ] ] ] } },
{ "type": "Feature", "properties": { "buurt_naam": "Leidsegracht-Zuid", "stadsdeel": "Centrum", "bevolking": 735, "oppervlakte_km2": 0.0684, "bev_dichtheid": 10749.4 }, "geometry": { "type": "Polygon", "coordinates": [ [ [ 4.8827976, 52.3661766 ], [ 4.8828826, 52.3660745 ], [ 4.8835049, 52.3656871 ], [ 4.8843647, 52.3651083 ], [ 4.8844683, 52.365026 ], [ 4.8879193, 52.3666584 ], [ 4.8882687, 52.3667794 ], [ 4.8883989, 52.3668222 ], [ 4.8886274, 52.3668726 ], [ 4.8894174, 52.3671365 ], [ 4.8896402, 52.3672848 ], [ 4.8885399, 52.3681296 ], [ 4.8880602, 52.3684987 ], [ 4.8877192, 52.3683922 ], [ 4.8867026, 52.36804 ], [ 4.8866657, 52.3675465 ], [ 4.8858746, 52.3672456 ], [ 4.8851652, 52.3670117 ], [ 4.8845365, 52.3667843 ], [ 4.8827976, 52.3661766 ] ] ] } },
{ "type": "Feature", "properties": { "buurt_naam": "Geelvinckbuurt", "stadsdeel": "Centrum", "bevolking": 330, "oppervlakte_km2": 0.0477, "bev_dichtheid": 6918.2 }, "geometry": { "type": "Polygon", "coordinates": [ [ [ 4.8882687, 52.3667794 ], [ 4.8883989, 52.3666918 ], [ 4.890342, 52.365591 ], [ 4.8905295, 52.3654992 ], [ 4.8928175, 52.3651807 ], [ 4.892897, 52.3654246 ], [ 4.8930077, 52.3656408 ], [ 4.8931555, 52.3660899 ], [ 4.8932956, 52.3666782 ], [ 4.8934663, 52.3670419 ], [ 4.8933569, 52.3669706 ], [ 4.8932898, 52.3669433 ], [ 4.8931521, 52.3669077 ], [ 4.8927499, 52.3669007 ], [ 4.891744, 52.3669153 ], [ 4.8911605, 52.3669704 ], [ 4.8901001, 52.3671403 ], [ 4.8896402, 52.3672848 ], [ 4.8894174, 52.3671365 ], [ 4.8886274, 52.3668726 ], [ 4.8883989, 52.3668222 ], [ 4.8882687, 52.3667794 ] ] ] } },
{ "type": "Feature", "properties": { "buurt_naam": "Rembrandtplein e.o.", "stadsdeel": "Centrum", "bevolking": 880, "oppervlakte_km2": 0.1227, "bev_dichtheid": 7172.8 }, "geometry": { "type": "Polygon", "coordinates": [ [ [ 4.8928175, 52.3651807 ], [ 4.8958731, 52.3647548 ], [ 4.8969073, 52.3649667 ], [ 4.9012178, 52.3657788 ], [ 4.9007519, 52.3666245 ], [ 4.8992851, 52.3671721 ], [ 4.8987951, 52.3672627 ], [ 4.898241, 52.3673198 ], [ 4.89725, 52.3674279 ], [ 4.8971268, 52.3674283 ], [ 4.8960776, 52.3673783 ], [ 4.8952686, 52.3673677 ], [ 4.8950517, 52.3673308 ], [ 4.8948302, 52.3673074 ], [ 4.8943224, 52.3672874 ], [ 4.8941478, 52.3672884 ], [ 4.8938806, 52.36729 ], [ 4.8938059, 52.3672654 ], [ 4.8934663, 52.3670419 ], [ 4.8932956, 52.3666782 ], [ 4.8931555, 52.3660899 ], [ 4.8930077, 52.3656408 ], [ 4.892897, 52.3654246 ], [ 4.8928175, 52.3651807 ] ] ] } },
{ "type": "Feature", "properties": { "buurt_naam": "Spiegelbuurt", "stadsdeel": "Centrum", "bevolking": 850, "oppervlakte_km2": 0.0939, "bev_dichtheid": 9052.5 }, "geometry": { "type": "Polygon", "coordinates": [ [ [ 4.8844683, 52.365026 ], [ 4.884572, 52.3649438 ], [ 4.8847537, 52.3648386 ], [ 4.8878748, 52.3627737 ], [ 4.8879679, 52.3627139 ], [ 4.8880342, 52.3626926 ], [ 4.8900569, 52.3649525 ], [ 4.8905295, 52.3654992 ], [ 4.890342, 52.365591 ], [ 4.8883989, 52.3666918 ], [ 4.8882687, 52.3667794 ], [ 4.8879193, 52.3666584 ], [ 4.8844683, 52.365026 ] ] ] } },
{ "type": "Feature", "properties": { "buurt_naam": "Vijzelstraatbuurt", "stadsdeel": "Centrum", "bevolking": 1390, "oppervlakte_km2": 0.1595, "bev_dichtheid": 8716.2 }, "geometry": { "type": "Polygon", "coordinates": [ [ [ 4.8880342, 52.3626926 ], [ 4.888099, 52.3626723 ], [ 4.8959079, 52.3616047 ], [ 4.8960883, 52.3616199 ], [ 4.8958731, 52.3647548 ], [ 4.8928175, 52.3651807 ], [ 4.8905295, 52.3654992 ], [ 4.8900569, 52.3649525 ], [ 4.8880342, 52.3626926 ] ] ] } },
{ "type": "Feature", "properties": { "buurt_naam": "Amstelveldbuurt", "stadsdeel": "Centrum", "bevolking": 1525, "oppervlakte_km2": 0.1473, "bev_dichtheid": 10354.6 }, "geometry": { "type": "Polygon", "coordinates": [ [ [ 4.8958731, 52.3647548 ], [ 4.8960883, 52.3616199 ], [ 4.8963449, 52.3616407 ], [ 4.8965164, 52.3616665 ], [ 4.9027698, 52.362805 ], [ 4.9015563, 52.3651619 ], [ 4.9012178, 52.3657788 ], [ 4.8969073, 52.3649667 ], [ 4.8958731, 52.3647548 ] ] ] } },
{ "type": "Feature", "properties": { "buurt_naam": "Leidsebuurt-Noordwest", "stadsdeel": "Centrum", "bevolking": 290, "oppervlakte_km2": 0.0284, "bev_dichtheid": 10198.3 }, "geometry": { "type": "Polygon", "coordinates": [ [ [ 4.8807183, 52.3654272 ], [ 4.8808727, 52.3652858 ], [ 4.8816812, 52.3646816 ], [ 4.8817995, 52.3647406 ], [ 4.8822939, 52.364385 ], [ 4.8825802, 52.3645202 ], [ 4.8829796, 52.3642423 ], [ 4.8831656, 52.3644031 ], [ 4.8844683, 52.365026 ], [ 4.8843647, 52.3651083 ], [ 4.8835049, 52.3656871 ], [ 4.8828826, 52.3660745 ], [ 4.8827976, 52.3661766 ], [ 4.8809128, 52.3654936 ], [ 4.8807183, 52.3654272 ] ] ] } },
{ "type": "Feature", "properties": { "buurt_naam": "Leidsebuurt-Noordoost", "stadsdeel": "Centrum", "bevolking": 1120, "oppervlakte_km2": 0.0613, "bev_dichtheid": 18263.9 }, "geometry": { "type": "Polygon", "coordinates": [ [ [ 4.8825885, 52.3639054 ], [ 4.8835679, 52.3632409 ], [ 4.8868293, 52.3616154 ], [ 4.8876995, 52.3625582 ], [ 4.8878748, 52.3627737 ], [ 4.8847537, 52.3648386 ], [ 4.884572, 52.3649438 ], [ 4.8844683, 52.365026 ], [ 4.8831656, 52.3644031 ], [ 4.8829796, 52.3642423 ], [ 4.8825885, 52.3639054 ] ] ] } },
{ "type": "Feature", "properties": { "buurt_naam": "Weteringbuurt", "stadsdeel": "Centrum", "bevolking": 2440, "oppervlakte_km2": 0.1358, "bev_dichtheid": 17973.6 }, "geometry": { "type": "Polygon", "coordinates": [ [ [ 4.8868293, 52.3616154 ], [ 4.8869828, 52.3615387 ], [ 4.8900159, 52.3600891 ], [ 4.8901203, 52.3600716 ], [ 4.890777, 52.3600249 ], [ 4.8961844, 52.3596961 ], [ 4.8962118, 52.3598741 ], [ 4.8961797, 52.3602532 ], [ 4.8960883, 52.3616199 ], [ 4.8959079, 52.3616047 ], [ 4.888099, 52.3626723 ], [ 4.8880342, 52.3626926 ], [ 4.8879679, 52.3627139 ], [ 4.8878748, 52.3627737 ], [ 4.8876995, 52.3625582 ], [ 4.8868293, 52.3616154 ] ] ] } },
{ "type": "Feature", "properties": { "buurt_naam": "Utrechtsebuurt-Zuid", "stadsdeel": "Centrum", "bevolking": 1190, "oppervlakte_km2": 0.0685, "bev_dichtheid": 17367.2 }, "geometry": { "type": "Polygon", "coordinates": [ [ [ 4.8960883, 52.3616199 ], [ 4.8961797, 52.3602532 ], [ 4.901194, 52.3612265 ], [ 4.9033503, 52.3616559 ], [ 4.9027698, 52.362805 ], [ 4.8965164, 52.3616665 ], [ 4.8963449, 52.3616407 ], [ 4.8960883, 52.3616199 ] ] ] } },
{ "type": "Feature", "properties": { "buurt_naam": "Leidsebuurt-Zuidwest", "stadsdeel": "Centrum", "bevolking": 170, "oppervlakte_km2": 0.0324, "bev_dichtheid": 5241.6 }, "geometry": { "type": "Polygon", "coordinates": [ [ [ 4.879218, 52.3647781 ], [ 4.87923, 52.3646316 ], [ 4.8792639, 52.3644862 ], [ 4.8793169, 52.3643435 ], [ 4.879359, 52.3642583 ], [ 4.8794202, 52.3641786 ], [ 4.8794958, 52.3641089 ], [ 4.8796038, 52.3640393 ], [ 4.8797808, 52.3639636 ], [ 4.8800621, 52.3638884 ], [ 4.8802596, 52.3638244 ], [ 4.8805427, 52.3637097 ], [ 4.8807081, 52.3636269 ], [ 4.8808514, 52.363543 ], [ 4.8811207, 52.3633617 ], [ 4.8812362, 52.3632696 ], [ 4.8825885, 52.3639054 ], [ 4.8829796, 52.3642423 ], [ 4.8825802, 52.3645202 ], [ 4.8822939, 52.364385 ], [ 4.8817995, 52.3647406 ], [ 4.8816812, 52.3646816 ], [ 4.8808727, 52.3652858 ], [ 4.8807183, 52.3654272 ], [ 4.8800999, 52.3652115 ], [ 4.8792251, 52.3649247 ], [ 4.879218, 52.3647781 ] ] ] } },
{ "type": "Feature", "properties": { "buurt_naam": "Leidsebuurt-Zuidoost", "stadsdeel": "Centrum", "bevolking": 315, "oppervlakte_km2": 0.0509, "bev_dichtheid": 6187.9 }, "geometry": { "type": "Polygon", "coordinates": [ [ [ 4.8812362, 52.3632696 ], [ 4.8814126, 52.3631275 ], [ 4.881516, 52.3629383 ], [ 4.8815767, 52.3627651 ], [ 4.8816207, 52.3625091 ], [ 4.88166, 52.3624167 ], [ 4.8817153, 52.3623226 ], [ 4.8817482, 52.3622805 ], [ 4.8818535, 52.3621857 ], [ 4.8819629, 52.3621196 ], [ 4.8820987, 52.3620564 ], [ 4.8822608, 52.3619942 ], [ 4.8823977, 52.361957 ], [ 4.882511, 52.3619377 ], [ 4.8826344, 52.3619274 ], [ 4.8836389, 52.3619101 ], [ 4.883846, 52.3618876 ], [ 4.8840462, 52.361849 ], [ 4.8842361, 52.3617932 ], [ 4.8844043, 52.3617265 ], [ 4.885386, 52.3612363 ], [ 4.8862999, 52.36078 ], [ 4.8864425, 52.3608867 ], [ 4.8865502, 52.3609859 ], [ 4.8867855, 52.3613312 ], [ 4.8869828, 52.3615387 ], [ 4.8868293, 52.3616154 ], [ 4.8835679, 52.3632409 ], [ 4.8825885, 52.3639054 ], [ 4.8812362, 52.3632696 ] ] ] } },
{ "type": "Feature", "properties": { "buurt_naam": "Den Texbuurt", "stadsdeel": "Centrum", "bevolking": 1090, "oppervlakte_km2": 0.1124, "bev_dichtheid": 9695.7 }, "geometry": { "type": "Polygon", "coordinates": [ [ [ 4.8862999, 52.36078 ], [ 4.8873896, 52.3602327 ], [ 4.8876849, 52.360074 ], [ 4.8879511, 52.3598962 ], [ 4.8881749, 52.3597048 ], [ 4.8882922, 52.3595849 ], [ 4.8884114, 52.3594407 ], [ 4.8886441, 52.3592296 ], [ 4.8889313, 52.3590187 ], [ 4.8892535, 52.3588277 ], [ 4.889404, 52.3587519 ], [ 4.8896046, 52.3586665 ], [ 4.8898065, 52.3585936 ], [ 4.8900084, 52.3585325 ], [ 4.8902159, 52.3584786 ], [ 4.8904368, 52.3584327 ], [ 4.8906543, 52.3583967 ], [ 4.8908792, 52.3583698 ], [ 4.8961776, 52.3580468 ], [ 4.8963903, 52.3595296 ], [ 4.8963887, 52.3596833 ], [ 4.8961844, 52.3596961 ], [ 4.890777, 52.3600249 ], [ 4.8901203, 52.3600716 ], [ 4.8900159, 52.3600891 ], [ 4.8869828, 52.3615387 ], [ 4.8867855, 52.3613312 ], [ 4.8865502, 52.3609859 ], [ 4.8864425, 52.3608867 ], [ 4.8862999, 52.36078 ] ] ] } },
{ "type": "Feature", "properties": { "buurt_naam": "Frederikspleinbuurt", "stadsdeel": "Centrum", "bevolking": 960, "oppervlakte_km2": 0.1554, "bev_dichtheid": 6178.1 }, "geometry": { "type": "Polygon", "coordinates": [ [ [ 4.8961797, 52.3602532 ], [ 4.8962118, 52.3598741 ], [ 4.8961844, 52.3596961 ], [ 4.8963887, 52.3596833 ], [ 4.8963903, 52.3595296 ], [ 4.8961776, 52.3580468 ], [ 4.8980388, 52.3579349 ], [ 4.8982588, 52.3579484 ], [ 4.898511, 52.3579728 ], [ 4.8987602, 52.3580062 ], [ 4.8990062, 52.3580486 ], [ 4.8992465, 52.3581007 ], [ 4.901675, 52.3585952 ], [ 4.9039997, 52.3590486 ], [ 4.9046336, 52.3592121 ], [ 4.9042042, 52.3599473 ], [ 4.9034148, 52.3615295 ], [ 4.9033503, 52.3616559 ], [ 4.901194, 52.3612265 ], [ 4.8961797, 52.3602532 ] ] ] } },
{ "type": "Feature", "properties": { "buurt_naam": "Weesperbuurt", "stadsdeel": "Centrum", "bevolking": 3195, "oppervlakte_km2": 0.2781, "bev_dichtheid": 11490.5 }, "geometry": { "type": "Polygon", "coordinates": [ [ [ 4.9012178, 52.3657788 ], [ 4.9015563, 52.3651619 ], [ 4.9027698, 52.362805 ], [ 4.9033503, 52.3616559 ], [ 4.9034148, 52.3615295 ], [ 4.9051172, 52.3618511 ], [ 4.9050498, 52.3619864 ], [ 4.9107795, 52.3630917 ], [ 4.9142239, 52.3637687 ], [ 4.9143863, 52.3639455 ], [ 4.9133418, 52.3642874 ], [ 4.9112596, 52.3650025 ], [ 4.9105507, 52.3652559 ], [ 4.9088768, 52.3658154 ], [ 4.9082454, 52.3656978 ], [ 4.9080984, 52.3659875 ], [ 4.9079312, 52.3661127 ], [ 4.9077332, 52.366226 ], [ 4.9075531, 52.366307 ], [ 4.90736, 52.3663754 ], [ 4.9072201, 52.3664126 ], [ 4.9063224, 52.3666184 ], [ 4.9061152, 52.3667641 ], [ 4.9060348, 52.3667251 ], [ 4.9056309, 52.3666129 ], [ 4.9018346, 52.3658893 ], [ 4.9012178, 52.3657788 ] ] ] } },
{ "type": "Feature", "properties": { "buurt_naam": "Plantage", "stadsdeel": "Centrum", "bevolking": 2465, "oppervlakte_km2": 0.3762, "bev_dichtheid": 6552.1 }, "geometry": { "type": "Polygon", "coordinates": [ [ [ 4.9061152, 52.3667641 ], [ 4.9063224, 52.3666184 ], [ 4.9072201, 52.3664126 ], [ 4.90736, 52.3663754 ], [ 4.9075531, 52.366307 ], [ 4.9077332, 52.366226 ], [ 4.9079312, 52.3661127 ], [ 4.9080984, 52.3659875 ], [ 4.9082454, 52.3656978 ], [ 4.9088768, 52.3658154 ], [ 4.9105507, 52.3652559 ], [ 4.9112596, 52.3650025 ], [ 4.9133418, 52.3642874 ], [ 4.9143863, 52.3639455 ], [ 4.9151111, 52.3637076 ], [ 4.9151439, 52.3636609 ], [ 4.9158911, 52.3634033 ], [ 4.9159765, 52.363383 ], [ 4.9161543, 52.3633558 ], [ 4.9163849, 52.3633504 ], [ 4.9165652, 52.36337 ], [ 4.916779, 52.363423 ], [ 4.9184566, 52.3638836 ], [ 4.919635, 52.3643636 ], [ 4.9203655, 52.3647008 ], [ 4.9205521, 52.3648202 ], [ 4.9212668, 52.3652759 ], [ 4.9216233, 52.3655758 ], [ 4.9212434, 52.3661018 ], [ 4.9106852, 52.3696999 ], [ 4.9100374, 52.3693154 ], [ 4.9096847, 52.3690686 ], [ 4.9071045, 52.3673424 ], [ 4.906546, 52.3669842 ], [ 4.9063709, 52.3668882 ], [ 4.9061152, 52.3667641 ] ] ] } },
{ "type": "Feature", "properties": { "buurt_naam": "Sarphatistrook", "stadsdeel": "Centrum", "bevolking": 1950, "oppervlakte_km2": 0.2137, "bev_dichtheid": 9126.5 }, "geometry": { "type": "Polygon", "coordinates": [ [ [ 4.9034148, 52.3615295 ], [ 4.9042042, 52.3599473 ], [ 4.9046336, 52.3592121 ], [ 4.9051635, 52.3593481 ], [ 4.9059751, 52.3594988 ], [ 4.9061712, 52.3595509 ], [ 4.9065047, 52.3596646 ], [ 4.906642, 52.3597245 ], [ 4.9069223, 52.3598765 ], [ 4.9071029, 52.360005 ], [ 4.9073794, 52.3602199 ], [ 4.9075092, 52.3603004 ], [ 4.9076451, 52.3603702 ], [ 4.9077838, 52.360431 ], [ 4.907974, 52.3604992 ], [ 4.9083267, 52.3605913 ], [ 4.9085669, 52.3606408 ], [ 4.9088106, 52.3606606 ], [ 4.9090381, 52.3606518 ], [ 4.9093557, 52.3605991 ], [ 4.9096438, 52.3605787 ], [ 4.9099607, 52.3605862 ], [ 4.9102568, 52.3606242 ], [ 4.9105659, 52.3606965 ], [ 4.9108379, 52.3607956 ], [ 4.911089, 52.360926 ], [ 4.9112041, 52.3610037 ], [ 4.9112898, 52.3610751 ], [ 4.91137, 52.3611258 ], [ 4.9114913, 52.3611802 ], [ 4.9116275, 52.3612211 ], [ 4.9117813, 52.3612488 ], [ 4.9128504, 52.3613592 ], [ 4.9140364, 52.3614959 ], [ 4.9150802, 52.3617868 ], [ 4.9157814, 52.3619801 ], [ 4.9160054, 52.3620286 ], [ 4.9162414, 52.3620682 ], [ 4.9164144, 52.3620887 ], [ 4.91749, 52.3621307 ], [ 4.916779, 52.363423 ], [ 4.9165652, 52.36337 ], [ 4.9163849, 52.3633504 ], [ 4.9161543, 52.3633558 ], [ 4.9159765, 52.363383 ], [ 4.9158911, 52.3634033 ], [ 4.9151439, 52.3636609 ], [ 4.9151111, 52.3637076 ], [ 4.9143863, 52.3639455 ], [ 4.9142239, 52.3637687 ], [ 4.9107795, 52.3630917 ], [ 4.9050498, 52.3619864 ], [ 4.9051172, 52.3618511 ], [ 4.9034148, 52.3615295 ] ] ] } },
{ "type": "Feature", "properties": { "buurt_naam": "Alexanderplein e.o.", "stadsdeel": "Centrum", "bevolking": 400, "oppervlakte_km2": 0.0484, "bev_dichtheid": 8259.2 }, "geometry": { "type": "Polygon", "coordinates": [ [ [ 4.916779, 52.363423 ], [ 4.91749, 52.3621307 ], [ 4.91781, 52.3621455 ], [ 4.918131, 52.3621916 ], [ 4.9184267, 52.3622673 ], [ 4.9187074, 52.3623737 ], [ 4.9188724, 52.3624561 ], [ 4.9190285, 52.3625538 ], [ 4.9197198, 52.3631362 ], [ 4.9198774, 52.3632214 ], [ 4.9200469, 52.3632885 ], [ 4.9202123, 52.3633368 ], [ 4.9203882, 52.3633717 ], [ 4.9211054, 52.363432 ], [ 4.9214852, 52.3634784 ], [ 4.9217651, 52.3635217 ], [ 4.9219173, 52.363561 ], [ 4.9220666, 52.3636164 ], [ 4.922201, 52.3636834 ], [ 4.9223132, 52.3637585 ], [ 4.9205521, 52.3648202 ], [ 4.9203655, 52.3647008 ], [ 4.919635, 52.3643636 ], [ 4.9184566, 52.3638836 ], [ 4.916779, 52.363423 ] ] ] } },
{ "type": "Feature", "properties": { "buurt_naam": "Marine-Etablissement", "stadsdeel": "Centrum", "bevolking": 95, "oppervlakte_km2": 0.2705, "bev_dichtheid": 351.1 }, "geometry": { "type": "Polygon", "coordinates": [ [ [ 4.9107523, 52.3776829 ], [ 4.9113795, 52.3749407 ], [ 4.9127232, 52.3750638 ], [ 4.9130667, 52.3745232 ], [ 4.9132631, 52.3741483 ], [ 4.9134125, 52.373775 ], [ 4.9135207, 52.3733961 ], [ 4.913585, 52.3730144 ], [ 4.9136083, 52.3726209 ], [ 4.9135859, 52.372237 ], [ 4.9135196, 52.3718449 ], [ 4.9134135, 52.371467 ], [ 4.9144532, 52.3709067 ], [ 4.9146768, 52.3710029 ], [ 4.9176622, 52.3721085 ], [ 4.9208761, 52.3741029 ], [ 4.9211321, 52.3749003 ], [ 4.921411, 52.375605 ], [ 4.9212919, 52.3756226 ], [ 4.9212804, 52.3756072 ], [ 4.9212612, 52.3756099 ], [ 4.9212484, 52.3755757 ], [ 4.9205012, 52.3756869 ], [ 4.9145111, 52.3766599 ], [ 4.9141168, 52.3767159 ], [ 4.9135597, 52.3767712 ], [ 4.9133027, 52.3767864 ], [ 4.9127297, 52.3767975 ], [ 4.9124038, 52.37679 ], [ 4.912122, 52.3767754 ], [ 4.912091, 52.376786 ], [ 4.912082, 52.3768057 ], [ 4.9119807, 52.3767973 ], [ 4.9119056, 52.3770989 ], [ 4.9120376, 52.377112 ], [ 4.9120868, 52.377185 ], [ 4.9119841, 52.37758 ], [ 4.9111582, 52.377637 ], [ 4.9107523, 52.3776829 ] ] ] } },
{ "type": "Feature", "properties": { "buurt_naam": "Kattenburg", "stadsdeel": "Centrum", "bevolking": 1725, "oppervlakte_km2": 0.1203, "bev_dichtheid": 14342.6 }, "geometry": { "type": "Polygon", "coordinates": [ [ [ 4.9144532, 52.3709067 ], [ 4.9148224, 52.3707168 ], [ 4.915135, 52.3705823 ], [ 4.9170157, 52.3699174 ], [ 4.9174905, 52.3704209 ], [ 4.9176883, 52.3706014 ], [ 4.9187289, 52.371071 ], [ 4.9192893, 52.3714086 ], [ 4.9193117, 52.3714922 ], [ 4.9193579, 52.3715778 ], [ 4.9194318, 52.3716607 ], [ 4.9195092, 52.3717176 ], [ 4.9196116, 52.3717549 ], [ 4.9197244, 52.3717751 ], [ 4.9198507, 52.3717793 ], [ 4.9200226, 52.371761 ], [ 4.9200974, 52.3717685 ], [ 4.9201603, 52.3717858 ], [ 4.9215794, 52.3726991 ], [ 4.924932, 52.3748037 ], [ 4.9242573, 52.3750203 ], [ 4.9240481, 52.3750797 ], [ 4.9235166, 52.3752107 ], [ 4.923037, 52.3753023 ], [ 4.9215441, 52.3755301 ], [ 4.9215655, 52.3755832 ], [ 4.921411, 52.375605 ], [ 4.9211321, 52.3749003 ], [ 4.9208761, 52.3741029 ], [ 4.9176622, 52.3721085 ], [ 4.9146768, 52.3710029 ], [ 4.9144532, 52.3709067 ] ] ] } },
{ "type": "Feature", "properties": { "buurt_naam": "Wittenburg", "stadsdeel": "Centrum", "bevolking": 2625, "oppervlakte_km2": 0.1798, "bev_dichtheid": 14601.9 }, "geometry": { "type": "Polygon", "coordinates": [ [ [ 4.9170157, 52.3699174 ], [ 4.9195379, 52.368972 ], [ 4.9201995, 52.3687509 ], [ 4.9207061, 52.3693092 ], [ 4.9210649, 52.3695461 ], [ 4.9212801, 52.3694624 ], [ 4.9224966, 52.3702239 ], [ 4.9237408, 52.3711761 ], [ 4.927865, 52.3737608 ], [ 4.9279068, 52.3738536 ], [ 4.9276977, 52.3739148 ], [ 4.924932, 52.3748037 ], [ 4.9215794, 52.3726991 ], [ 4.9201603, 52.3717858 ], [ 4.9200974, 52.3717685 ], [ 4.9200226, 52.371761 ], [ 4.9198507, 52.3717793 ], [ 4.9197244, 52.3717751 ], [ 4.9196116, 52.3717549 ], [ 4.9195092, 52.3717176 ], [ 4.9194318, 52.3716607 ], [ 4.9193579, 52.3715778 ], [ 4.9193117, 52.3714922 ], [ 4.9192893, 52.3714086 ], [ 4.9187289, 52.371071 ], [ 4.9176883, 52.3706014 ], [ 4.9174905, 52.3704209 ], [ 4.9170157, 52.3699174 ] ] ] } },
{ "type": "Feature", "properties": { "buurt_naam": "Oostenburg", "stadsdeel": "Centrum", "bevolking": 3710, "oppervlakte_km2": 0.2465, "bev_dichtheid": 15050.3 }, "geometry": { "type": "Polygon", "coordinates": [ [ [ 4.9201995, 52.3687509 ], [ 4.9222992, 52.3680518 ], [ 4.9237609, 52.3675551 ], [ 4.92402, 52.3674905 ], [ 4.9242964, 52.367443 ], [ 4.9253616, 52.3680961 ], [ 4.9257962, 52.3683746 ], [ 4.9258716, 52.3683308 ], [ 4.9261298, 52.3684892 ], [ 4.9260529, 52.3685374 ], [ 4.9265415, 52.3688493 ], [ 4.9288322, 52.3702585 ], [ 4.9298102, 52.3708204 ], [ 4.9319741, 52.3721561 ], [ 4.9317489, 52.3723494 ], [ 4.9314323, 52.3725863 ], [ 4.9311779, 52.3727508 ], [ 4.9308796, 52.3729204 ], [ 4.9305506, 52.3730764 ], [ 4.9301908, 52.3732252 ], [ 4.9298548, 52.3733452 ], [ 4.9294027, 52.3734747 ], [ 4.9285503, 52.3736808 ], [ 4.9279068, 52.3738536 ], [ 4.927865, 52.3737608 ], [ 4.9237408, 52.3711761 ], [ 4.9224966, 52.3702239 ], [ 4.9212801, 52.3694624 ], [ 4.9210649, 52.3695461 ], [ 4.9207061, 52.3693092 ], [ 4.9201995, 52.3687509 ] ] ] } },
{ "type": "Feature", "properties": { "buurt_naam": "Czaar Peterbuurt", "stadsdeel": "Centrum", "bevolking": 2320, "oppervlakte_km2": 0.1073, "bev_dichtheid": 21623.0 }, "geometry": { "type": "Polygon", "coordinates": [ [ [ 4.9242964, 52.367443 ], [ 4.9244949, 52.3674204 ], [ 4.9253001, 52.3672187 ], [ 4.9255961, 52.367138 ], [ 4.926708, 52.3671064 ], [ 4.927145, 52.3671459 ], [ 4.9276013, 52.3671728 ], [ 4.9275999, 52.3673148 ], [ 4.9282161, 52.3676542 ], [ 4.9290652, 52.3681653 ], [ 4.9290628, 52.3684007 ], [ 4.9291312, 52.368454 ], [ 4.9296062, 52.3686814 ], [ 4.930103, 52.3689063 ], [ 4.9301625, 52.3689712 ], [ 4.9307779, 52.3693861 ], [ 4.930842, 52.369435 ], [ 4.9309495, 52.3695422 ], [ 4.9310372, 52.3695911 ], [ 4.9310502, 52.36961 ], [ 4.9310495, 52.3696765 ], [ 4.9310684, 52.3697018 ], [ 4.9312573, 52.3698894 ], [ 4.9313524, 52.3699275 ], [ 4.9315735, 52.3699949 ], [ 4.9316451, 52.3700239 ], [ 4.9318738, 52.3701983 ], [ 4.9318892, 52.3702595 ], [ 4.9320111, 52.3702771 ], [ 4.9327527, 52.3705575 ], [ 4.9328013, 52.3705397 ], [ 4.9328454, 52.3705336 ], [ 4.9328908, 52.3705347 ], [ 4.9329421, 52.3705466 ], [ 4.9329145, 52.370666 ], [ 4.9328997, 52.3706651 ], [ 4.9328952, 52.3706831 ], [ 4.9328497, 52.3706829 ], [ 4.9328173, 52.3706927 ], [ 4.9327787, 52.3707303 ], [ 4.9327682, 52.3709027 ], [ 4.9326277, 52.3712787 ], [ 4.9325065, 52.3715048 ], [ 4.9323253, 52.3716982 ], [ 4.9323206, 52.3717314 ], [ 4.9323323, 52.3717495 ], [ 4.9323964, 52.3717848 ], [ 4.9322581, 52.3719622 ], [ 4.9321803, 52.3719574 ], [ 4.9321065, 52.3719832 ], [ 4.9319741, 52.3721561 ], [ 4.9298102, 52.3708204 ], [ 4.9288322, 52.3702585 ], [ 4.9265415, 52.3688493 ], [ 4.9260529, 52.3685374 ], [ 4.9261298, 52.3684892 ], [ 4.9258716, 52.3683308 ], [ 4.9257962, 52.3683746 ], [ 4.9253616, 52.3680961 ], [ 4.9242964, 52.367443 ] ] ] } },
{ "type": "Feature", "properties": { "buurt_naam": "Het Funen", "stadsdeel": "Centrum", "bevolking": 1275, "oppervlakte_km2": 0.0915, "bev_dichtheid": 13940.7 }, "geometry": { "type": "Polygon", "coordinates": [ [ [ 4.926708, 52.3671064 ], [ 4.9271374, 52.3664601 ], [ 4.9273192, 52.3664877 ], [ 4.9275143, 52.3665001 ], [ 4.9315864, 52.3665689 ], [ 4.9319892, 52.3672355 ], [ 4.9321901, 52.3675697 ], [ 4.932128, 52.3676009 ], [ 4.93211, 52.3676359 ], [ 4.9321156, 52.3676629 ], [ 4.9320934, 52.3676674 ], [ 4.9325902, 52.3684979 ], [ 4.9326909, 52.3686987 ], [ 4.9328251, 52.3690704 ], [ 4.9328964, 52.3694023 ], [ 4.9329501, 52.369904 ], [ 4.9329192, 52.3700486 ], [ 4.9329028, 52.3703658 ], [ 4.9329611, 52.3704065 ], [ 4.9329729, 52.3704074 ], [ 4.9329421, 52.3705466 ], [ 4.9328908, 52.3705347 ], [ 4.9328454, 52.3705336 ], [ 4.9328013, 52.3705397 ], [ 4.9327527, 52.3705575 ], [ 4.9320111, 52.3702771 ], [ 4.9318892, 52.3702595 ], [ 4.9318738, 52.3701983 ], [ 4.9316451, 52.3700239 ], [ 4.9315735, 52.3699949 ], [ 4.9313524, 52.3699275 ], [ 4.9312573, 52.3698894 ], [ 4.9310684, 52.3697018 ], [ 4.9310495, 52.3696765 ], [ 4.9310502, 52.36961 ], [ 4.9310372, 52.3695911 ], [ 4.9309495, 52.3695422 ], [ 4.930842, 52.369435 ], [ 4.9307779, 52.3693861 ], [ 4.9301625, 52.3689712 ], [ 4.930103, 52.3689063 ], [ 4.9296062, 52.3686814 ], [ 4.9291312, 52.368454 ], [ 4.9290628, 52.3684007 ], [ 4.9290652, 52.3681653 ], [ 4.9282161, 52.3676542 ], [ 4.9275999, 52.3673148 ], [ 4.9276013, 52.3671728 ], [ 4.927145, 52.3671459 ], [ 4.926708, 52.3671064 ] ] ] } },
{ "type": "Feature", "properties": { "buurt_naam": "Kadijken", "stadsdeel": "Centrum", "bevolking": 2845, "oppervlakte_km2": 0.2174, "bev_dichtheid": 13084.1 }, "geometry": { "type": "Polygon", "coordinates": [ [ [ 4.9106852, 52.3696999 ], [ 4.9212434, 52.3661018 ], [ 4.9216233, 52.3655758 ], [ 4.9220413, 52.3653212 ], [ 4.9239568, 52.366499 ], [ 4.9250441, 52.3669938 ], [ 4.9251286, 52.3670526 ], [ 4.9253001, 52.3672187 ], [ 4.9244949, 52.3674204 ], [ 4.9242964, 52.367443 ], [ 4.92402, 52.3674905 ], [ 4.9237609, 52.3675551 ], [ 4.9222992, 52.3680518 ], [ 4.9201995, 52.3687509 ], [ 4.9195379, 52.368972 ], [ 4.9170157, 52.3699174 ], [ 4.915135, 52.3705823 ], [ 4.9148224, 52.3707168 ], [ 4.9144532, 52.3709067 ], [ 4.9134135, 52.371467 ], [ 4.9111272, 52.3699677 ], [ 4.9106852, 52.3696999 ] ] ] } },
{ "type": "Feature", "properties": { "buurt_naam": "Kazernebuurt", "stadsdeel": "Centrum", "bevolking": 930, "oppervlakte_km2": 0.0658, "bev_dichtheid": 14132.0 }, "geometry": { "type": "Polygon", "coordinates": [ [ [ 4.9205521, 52.3648202 ], [ 4.9223132, 52.3637585 ], [ 4.9247789, 52.3652484 ], [ 4.9256026, 52.3656658 ], [ 4.926602, 52.3662701 ], [ 4.9267262, 52.3663327 ], [ 4.9268534, 52.3663835 ], [ 4.926988, 52.3664253 ], [ 4.9271374, 52.3664601 ], [ 4.926708, 52.3671064 ], [ 4.9255961, 52.367138 ], [ 4.9253001, 52.3672187 ], [ 4.9251286, 52.3670526 ], [ 4.9250441, 52.3669938 ], [ 4.9239568, 52.366499 ], [ 4.9220413, 52.3653212 ], [ 4.9216233, 52.3655758 ], [ 4.9212668, 52.3652759 ], [ 4.9205521, 52.3648202 ] ] ] } },
{ "type": "Feature", "properties": { "buurt_naam": "Afrikahaven", "stadsdeel": "Westpoort", "bevolking": 5, "oppervlakte_km2": 5.3374, "bev_dichtheid": 0.9 }, "geometry": { "type": "Polygon", "coordinates": [ [ [ 4.753215, 52.4292434 ], [ 4.7502307, 52.4296211 ], [ 4.7392175, 52.431066 ], [ 4.7384991, 52.4290075 ], [ 4.738257, 52.4282736 ], [ 4.7382286, 52.4282034 ], [ 4.7379223, 52.4273273 ], [ 4.7376926, 52.4266466 ], [ 4.7375019, 52.426108 ], [ 4.7373205, 52.425557 ], [ 4.7362911, 52.4225657 ], [ 4.7361688, 52.4221885 ], [ 4.735685, 52.4207935 ], [ 4.7353777, 52.419886 ], [ 4.7349682, 52.4186479 ], [ 4.7348812, 52.4184633 ], [ 4.734816, 52.4182974 ], [ 4.7347399, 52.4180768 ], [ 4.7344245, 52.417126 ], [ 4.7329691, 52.4128552 ], [ 4.732542, 52.4116215 ], [ 4.7324641, 52.4114117 ], [ 4.7314121, 52.4083124 ], [ 4.7310566, 52.407302 ], [ 4.7309419, 52.406914 ], [ 4.7301568, 52.4046493 ], [ 4.7301427, 52.4046114 ], [ 4.730074, 52.4044861 ], [ 4.7298476, 52.4037991 ], [ 4.7297755, 52.4036028 ], [ 4.7293951, 52.4024979 ], [ 4.7290031, 52.4013839 ], [ 4.7288429, 52.400895 ], [ 4.7287676, 52.400714 ], [ 4.7289871, 52.400682 ], [ 4.7330621, 52.4001526 ], [ 4.7461547, 52.3984696 ], [ 4.7485011, 52.3981731 ], [ 4.7554342, 52.397271 ], [ 4.7560613, 52.3971943 ], [ 4.7560301, 52.3971052 ], [ 4.7565954, 52.3970309 ], [ 4.757196, 52.3969468 ], [ 4.7574554, 52.3968962 ], [ 4.7574893, 52.3968856 ], [ 4.758294, 52.399205 ], [ 4.7593721, 52.3989097 ], [ 4.7598209, 52.4002162 ], [ 4.7602746, 52.4011838 ], [ 4.7598847, 52.4018477 ], [ 4.7598636, 52.4019726 ], [ 4.759562, 52.4031537 ], [ 4.7589306, 52.4051951 ], [ 4.7588578, 52.4053663 ], [ 4.7587494, 52.4055437 ], [ 4.7586641, 52.405653 ], [ 4.7584628, 52.4058568 ], [ 4.7583469, 52.4059515 ], [ 4.7581909, 52.4060611 ], [ 4.7578118, 52.4062802 ], [ 4.7579775, 52.4064097 ], [ 4.7580369, 52.4064666 ], [ 4.7580929, 52.4065478 ], [ 4.7581283, 52.4066468 ], [ 4.7581283, 52.4067637 ], [ 4.7580449, 52.4070472 ], [ 4.7580217, 52.4072224 ], [ 4.7577209, 52.408231 ], [ 4.757494, 52.4090962 ], [ 4.7567134, 52.4117047 ], [ 4.7565403, 52.4124057 ], [ 4.7563458, 52.4130581 ], [ 4.7562563, 52.4132527 ], [ 4.7557762, 52.4148661 ], [ 4.7554741, 52.4159565 ], [ 4.7551108, 52.4171157 ], [ 4.7547385, 52.4183765 ], [ 4.7543657, 52.4196903 ], [ 4.7540806, 52.4209255 ], [ 4.7538547, 52.4223228 ], [ 4.7537246, 52.4236162 ], [ 4.7536551, 52.4254952 ], [ 4.7536327, 52.4257296 ], [ 4.7536123, 52.4258302 ], [ 4.7535583, 52.4259944 ], [ 4.7534855, 52.4261566 ], [ 4.7533272, 52.4264335 ], [ 4.7531817, 52.4266367 ], [ 4.753098, 52.4267361 ], [ 4.7529113, 52.4269275 ], [ 4.7526986, 52.4271087 ], [ 4.7525247, 52.4272372 ], [ 4.753215, 52.4292434 ] ] ] } },
{ "type": "Feature", "properties": { "buurt_naam": "Amerikahaven", "stadsdeel": "Westpoort", "bevolking": 0, "oppervlakte_km2": 10.0829, "bev_dichtheid": 0.0 }, "geometry": { "type": "Polygon", "coordinates": [ [ [ 4.7525247, 52.4272372 ], [ 4.7526986, 52.4271087 ], [ 4.7529113, 52.4269275 ], [ 4.753098, 52.4267361 ], [ 4.7531817, 52.4266367 ], [ 4.7533272, 52.4264335 ], [ 4.7534855, 52.4261566 ], [ 4.7535583, 52.4259944 ], [ 4.7536123, 52.4258302 ], [ 4.7536327, 52.4257296 ], [ 4.7536551, 52.4254952 ], [ 4.7537246, 52.4236162 ], [ 4.7538547, 52.4223228 ], [ 4.7540806, 52.4209255 ], [ 4.7543657, 52.4196903 ], [ 4.7547385, 52.4183765 ], [ 4.7551108, 52.4171157 ], [ 4.7554741, 52.4159565 ], [ 4.7557762, 52.4148661 ], [ 4.7562563, 52.4132527 ], [ 4.7563458, 52.4130581 ], [ 4.7565403, 52.4124057 ], [ 4.7567134, 52.4117047 ], [ 4.757494, 52.4090962 ], [ 4.7577209, 52.408231 ], [ 4.7580217, 52.4072224 ], [ 4.7580449, 52.4070472 ], [ 4.7581283, 52.4067637 ], [ 4.7581283, 52.4066468 ], [ 4.7580929, 52.4065478 ], [ 4.7580369, 52.4064666 ], [ 4.7579775, 52.4064097 ], [ 4.7578118, 52.4062802 ], [ 4.7581909, 52.4060611 ], [ 4.7583469, 52.4059515 ], [ 4.7584628, 52.4058568 ], [ 4.7586641, 52.405653 ], [ 4.7587494, 52.4055437 ], [ 4.7588578, 52.4053663 ], [ 4.7589306, 52.4051951 ], [ 4.759562, 52.4031537 ], [ 4.7598636, 52.4019726 ], [ 4.7598847, 52.4018477 ], [ 4.7602746, 52.4011838 ], [ 4.7598209, 52.4002162 ], [ 4.7647682, 52.3995923 ], [ 4.7654141, 52.3995328 ], [ 4.767413, 52.3992692 ], [ 4.7689228, 52.3990128 ], [ 4.7692293, 52.3989425 ], [ 4.7712529, 52.3983905 ], [ 4.7710056, 52.398213 ], [ 4.7708566, 52.3980451 ], [ 4.7707359, 52.3978467 ], [ 4.7706994, 52.3977224 ], [ 4.7706337, 52.3973734 ], [ 4.7729918, 52.3948251 ], [ 4.7750114, 52.3991261 ], [ 4.792715, 52.3991424 ], [ 4.7930305, 52.3991682 ], [ 4.7937872, 52.3992727 ], [ 4.7948971, 52.3993511 ], [ 4.7952983, 52.3993369 ], [ 4.7955437, 52.3993444 ], [ 4.7957079, 52.3993722 ], [ 4.7959584, 52.3994211 ], [ 4.7963039, 52.3995198 ], [ 4.7967789, 52.3997046 ], [ 4.7973883, 52.3999647 ], [ 4.7979282, 52.4001274 ], [ 4.7982534, 52.4001991 ], [ 4.7984104, 52.4002241 ], [ 4.7986421, 52.4002541 ], [ 4.7989122, 52.4002752 ], [ 4.7991442, 52.4002836 ], [ 4.7994177, 52.4002804 ], [ 4.799772, 52.400257 ], [ 4.8001797, 52.4002014 ], [ 4.8004273, 52.400147 ], [ 4.8006721, 52.4000816 ], [ 4.8009614, 52.3999869 ], [ 4.801146, 52.3999168 ], [ 4.8013294, 52.3998251 ], [ 4.8013864, 52.3997311 ], [ 4.8017198, 52.3999736 ], [ 4.8018204, 52.3999165 ], [ 4.8018632, 52.3999006 ], [ 4.8019029, 52.3998954 ], [ 4.8020568, 52.3999347 ], [ 4.8021092, 52.3999692 ], [ 4.8017957, 52.4006813 ], [ 4.8016797, 52.4009009 ], [ 4.8020317, 52.4009431 ], [ 4.8020465, 52.4009279 ], [ 4.8020835, 52.4009182 ], [ 4.8023167, 52.4009499 ], [ 4.802403, 52.4009781 ], [ 4.802445, 52.4010287 ], [ 4.8024681, 52.4018323 ], [ 4.8025065, 52.4024931 ], [ 4.8025498, 52.4028843 ], [ 4.8026084, 52.4031182 ], [ 4.8026627, 52.4034546 ], [ 4.8027988, 52.4051872 ], [ 4.8028794, 52.4064225 ], [ 4.8029522, 52.4071518 ], [ 4.8030482, 52.4078901 ], [ 4.8032047, 52.4087348 ], [ 4.8034847, 52.4099037 ], [ 4.8037532, 52.4108306 ], [ 4.8040637, 52.4117085 ], [ 4.8041037, 52.4117923 ], [ 4.8041401, 52.4118087 ], [ 4.8042033, 52.4118143 ], [ 4.8045454, 52.4126276 ], [ 4.8048299, 52.413242 ], [ 4.8052369, 52.4140312 ], [ 4.8056909, 52.4148316 ], [ 4.8055965, 52.4148527 ], [ 4.8057319, 52.4150709 ], [ 4.8059957, 52.415011 ], [ 4.8099482, 52.4230256 ], [ 4.807012, 52.4234049 ], [ 4.8066762, 52.423451 ], [ 4.8018874, 52.4240566 ], [ 4.7952413, 52.4249125 ], [ 4.7921206, 52.4253058 ], [ 4.7834506, 52.4264206 ], [ 4.7724686, 52.4278706 ], [ 4.7675462, 52.4285002 ], [ 4.767193, 52.4274702 ], [ 4.7665699, 52.4275515 ], [ 4.753215, 52.4292434 ], [ 4.7525247, 52.4272372 ] ] ] } },
{ "type": "Feature", "properties": { "buurt_naam": "Westhaven-Noord", "stadsdeel": "Westpoort", "bevolking": 10, "oppervlakte_km2": 5.6742, "bev_dichtheid": 1.8 }, "geometry": { "type": "Polygon", "coordinates": [ [ [ 4.8013864, 52.3997311 ], [ 4.8016277, 52.3995974 ], [ 4.8018916, 52.3994145 ], [ 4.8020866, 52.3992375 ], [ 4.8022222, 52.3990827 ], [ 4.8023753, 52.3988453 ], [ 4.8024461, 52.3987063 ], [ 4.8027432, 52.3980112 ], [ 4.8030734, 52.3973756 ], [ 4.8034051, 52.3968344 ], [ 4.803579, 52.3965783 ], [ 4.8039873, 52.3960329 ], [ 4.8041887, 52.3957894 ], [ 4.8046241, 52.3953044 ], [ 4.8048862, 52.395037 ], [ 4.8049545, 52.3949815 ], [ 4.8050329, 52.394937 ], [ 4.8051815, 52.394821 ], [ 4.8052959, 52.3947119 ], [ 4.8054125, 52.3945713 ], [ 4.8055276, 52.3945152 ], [ 4.8057994, 52.3945255 ], [ 4.8058783, 52.3945574 ], [ 4.8059898, 52.3944456 ], [ 4.8071579, 52.3948962 ], [ 4.8073621, 52.3950024 ], [ 4.8076224, 52.3951025 ], [ 4.8078771, 52.3951802 ], [ 4.8085524, 52.3954351 ], [ 4.8087754, 52.3952411 ], [ 4.8089785, 52.3953293 ], [ 4.8091299, 52.3952015 ], [ 4.8092252, 52.3951077 ], [ 4.8093162, 52.3949984 ], [ 4.8095244, 52.3948126 ], [ 4.8096165, 52.3948506 ], [ 4.8096612, 52.3948006 ], [ 4.8289399, 52.3948901 ], [ 4.8289836, 52.3948022 ], [ 4.8290961, 52.3947461 ], [ 4.8290964, 52.3937763 ], [ 4.8356633, 52.3937836 ], [ 4.8357462, 52.3950306 ], [ 4.8357971, 52.3954344 ], [ 4.8361394, 52.395436 ], [ 4.8361307, 52.3956624 ], [ 4.8361608, 52.3959591 ], [ 4.8361094, 52.3963085 ], [ 4.8361245, 52.3968668 ], [ 4.8362705, 52.397777 ], [ 4.8363666, 52.398554 ], [ 4.8363855, 52.3988057 ], [ 4.8363957, 52.3998851 ], [ 4.8363929, 52.4034253 ], [ 4.836409, 52.4036699 ], [ 4.8364363, 52.4037302 ], [ 4.8364897, 52.4037952 ], [ 4.8389259, 52.4059491 ], [ 4.8374837, 52.406594 ], [ 4.834405, 52.4079027 ], [ 4.8296977, 52.4100134 ], [ 4.8294123, 52.4101532 ], [ 4.8288691, 52.4104607 ], [ 4.8284304, 52.4107472 ], [ 4.8279854, 52.4110893 ], [ 4.8277565, 52.4112824 ], [ 4.8272687, 52.4117429 ], [ 4.827005, 52.4120256 ], [ 4.8266632, 52.4124339 ], [ 4.826448, 52.4127223 ], [ 4.8262929, 52.4128914 ], [ 4.8260646, 52.4132741 ], [ 4.8259427, 52.4135117 ], [ 4.8258455, 52.4137539 ], [ 4.8257703, 52.4139989 ], [ 4.8257217, 52.4142458 ], [ 4.8256925, 52.4145782 ], [ 4.8257012, 52.4148273 ], [ 4.825737, 52.4151186 ], [ 4.8257859, 52.4153264 ], [ 4.8258825, 52.4156001 ], [ 4.8262708, 52.4163892 ], [ 4.8263258, 52.4165693 ], [ 4.8263442, 52.4167473 ], [ 4.8263257, 52.4169296 ], [ 4.8262692, 52.4171001 ], [ 4.8261701, 52.4172632 ], [ 4.826686, 52.4173763 ], [ 4.8267299, 52.4173927 ], [ 4.8268423, 52.4174597 ], [ 4.8268989, 52.4175238 ], [ 4.8269231, 52.4175751 ], [ 4.826924, 52.4177404 ], [ 4.8268719, 52.418382 ], [ 4.8276914, 52.4207738 ], [ 4.8277309, 52.4207856 ], [ 4.826615, 52.4209224 ], [ 4.8261114, 52.4209794 ], [ 4.8243156, 52.4211649 ], [ 4.8202811, 52.4216841 ], [ 4.8099482, 52.4230256 ], [ 4.8059957, 52.415011 ], [ 4.8057319, 52.4150709 ], [ 4.8055965, 52.4148527 ], [ 4.8056909, 52.4148316 ], [ 4.8052369, 52.4140312 ], [ 4.8048299, 52.413242 ], [ 4.8045454, 52.4126276 ], [ 4.8042033, 52.4118143 ], [ 4.8041401, 52.4118087 ], [ 4.8041037, 52.4117923 ], [ 4.8040637, 52.4117085 ], [ 4.8037532, 52.4108306 ], [ 4.8034847, 52.4099037 ], [ 4.8032047, 52.4087348 ], [ 4.8030482, 52.4078901 ], [ 4.8029522, 52.4071518 ], [ 4.8028794, 52.4064225 ], [ 4.8027988, 52.4051872 ], [ 4.8026627, 52.4034546 ], [ 4.8026084, 52.4031182 ], [ 4.8025498, 52.4028843 ], [ 4.8025065, 52.4024931 ], [ 4.8024681, 52.4018323 ], [ 4.802445, 52.4010287 ], [ 4.802403, 52.4009781 ], [ 4.8023167, 52.4009499 ], [ 4.8020835, 52.4009182 ], [ 4.8020465, 52.4009279 ], [ 4.8020317, 52.4009431 ], [ 4.8016797, 52.4009009 ], [ 4.8017957, 52.4006813 ], [ 4.8021092, 52.3999692 ], [ 4.8020568, 52.3999347 ], [ 4.8019029, 52.3998954 ], [ 4.8018632, 52.3999006 ], [ 4.8018204, 52.3999165 ], [ 4.8017198, 52.3999736 ], [ 4.8013864, 52.3997311 ] ] ] } },
{ "type": "Feature", "properties": { "buurt_naam": "Petroleumhaven", "stadsdeel": "Westpoort", "bevolking": 0, "oppervlakte_km2": 3.2049, "bev_dichtheid": 0.0 }, "geometry": { "type": "Polygon", "coordinates": [ [ [ 4.8276914, 52.4207738 ], [ 4.8268719, 52.418382 ], [ 4.826924, 52.4177404 ], [ 4.8269231, 52.4175751 ], [ 4.8268989, 52.4175238 ], [ 4.8268423, 52.4174597 ], [ 4.8267299, 52.4173927 ], [ 4.826686, 52.4173763 ], [ 4.8261701, 52.4172632 ], [ 4.8262692, 52.4171001 ], [ 4.8263257, 52.4169296 ], [ 4.8263442, 52.4167473 ], [ 4.8263258, 52.4165693 ], [ 4.8262708, 52.4163892 ], [ 4.8258825, 52.4156001 ], [ 4.8257859, 52.4153264 ], [ 4.825737, 52.4151186 ], [ 4.8257012, 52.4148273 ], [ 4.8256925, 52.4145782 ], [ 4.8257217, 52.4142458 ], [ 4.8257703, 52.4139989 ], [ 4.8258455, 52.4137539 ], [ 4.8259427, 52.4135117 ], [ 4.8260646, 52.4132741 ], [ 4.8262929, 52.4128914 ], [ 4.826448, 52.4127223 ], [ 4.8266632, 52.4124339 ], [ 4.827005, 52.4120256 ], [ 4.8272687, 52.4117429 ], [ 4.8277565, 52.4112824 ], [ 4.8279854, 52.4110893 ], [ 4.8284304, 52.4107472 ], [ 4.8288691, 52.4104607 ], [ 4.8294123, 52.4101532 ], [ 4.8296977, 52.4100134 ], [ 4.834405, 52.4079027 ], [ 4.8374837, 52.406594 ], [ 4.8389259, 52.4059491 ], [ 4.8425255, 52.4043407 ], [ 4.8443433, 52.4034988 ], [ 4.848646, 52.4014233 ], [ 4.8493463, 52.4011066 ], [ 4.8555717, 52.4062854 ], [ 4.8583335, 52.4085833 ], [ 4.8597114, 52.4097506 ], [ 4.8616054, 52.4117676 ], [ 4.863632, 52.4139048 ], [ 4.8608819, 52.414902 ], [ 4.8557191, 52.4163242 ], [ 4.8560854, 52.4166637 ], [ 4.8514563, 52.4174349 ], [ 4.8507827, 52.4175783 ], [ 4.8496027, 52.4177995 ], [ 4.8492094, 52.4178704 ], [ 4.8480325, 52.4180745 ], [ 4.846395, 52.4183133 ], [ 4.8452921, 52.4184701 ], [ 4.8363336, 52.4195874 ], [ 4.8338247, 52.4199127 ], [ 4.8328116, 52.4200492 ], [ 4.8317159, 52.4202075 ], [ 4.8295553, 52.4205454 ], [ 4.8285937, 52.4206818 ], [ 4.8277309, 52.4207856 ], [ 4.8276914, 52.4207738 ] ] ] } },
{ "type": "Feature", "properties": { "buurt_naam": "Vervoerscentrum", "stadsdeel": "Westpoort", "bevolking": 5, "oppervlakte_km2": 0.6977, "bev_dichtheid": 7.2 }, "geometry": { "type": "Polygon", "coordinates": [ [ [ 4.8389259, 52.4059491 ], [ 4.8364897, 52.4037952 ], [ 4.8364363, 52.4037302 ], [ 4.836409, 52.4036699 ], [ 4.8363929, 52.4034253 ], [ 4.8363957, 52.3998851 ], [ 4.8363855, 52.3988057 ], [ 4.8363666, 52.398554 ], [ 4.8362705, 52.397777 ], [ 4.8361245, 52.3968668 ], [ 4.8361094, 52.3963085 ], [ 4.8361608, 52.3959591 ], [ 4.8361307, 52.3956624 ], [ 4.8361394, 52.395436 ], [ 4.8373131, 52.3954423 ], [ 4.8378936, 52.3954334 ], [ 4.8388556, 52.3961739 ], [ 4.8394912, 52.3959818 ], [ 4.8395301, 52.3958031 ], [ 4.8417647, 52.3950845 ], [ 4.8414564, 52.3948278 ], [ 4.8406663, 52.3942112 ], [ 4.8410897, 52.3944226 ], [ 4.841357, 52.3945415 ], [ 4.8419068, 52.3947625 ], [ 4.8422462, 52.3948817 ], [ 4.8423794, 52.3949156 ], [ 4.8425131, 52.3949333 ], [ 4.8429507, 52.3950612 ], [ 4.8432715, 52.3951408 ], [ 4.8436877, 52.3952317 ], [ 4.8439914, 52.3952583 ], [ 4.8443184, 52.3953038 ], [ 4.8444174, 52.3956214 ], [ 4.8445567, 52.3959988 ], [ 4.844684, 52.3962878 ], [ 4.8448461, 52.3966076 ], [ 4.8450273, 52.3969275 ], [ 4.8453346, 52.3973953 ], [ 4.8455428, 52.3976732 ], [ 4.8458294, 52.3980213 ], [ 4.8462529, 52.3984772 ], [ 4.8467484, 52.3989369 ], [ 4.8472092, 52.3993317 ], [ 4.8493463, 52.4011066 ], [ 4.848646, 52.4014233 ], [ 4.8443433, 52.4034988 ], [ 4.8425255, 52.4043407 ], [ 4.8389259, 52.4059491 ] ] ] } },
{ "type": "Feature", "properties": { "buurt_naam": "Westhaven-Zuid", "stadsdeel": "Westpoort", "bevolking": 5, "oppervlakte_km2": 0.4682, "bev_dichtheid": 10.7 }, "geometry": { "type": "Polygon", "coordinates": [ [ [ 4.8356633, 52.3937836 ], [ 4.8290964, 52.3937763 ], [ 4.8290961, 52.3947461 ], [ 4.8289836, 52.3948022 ], [ 4.8289399, 52.3948901 ], [ 4.8096612, 52.3948006 ], [ 4.8098932, 52.394577 ], [ 4.8100312, 52.394468 ], [ 4.8105977, 52.3940699 ], [ 4.8108391, 52.3939148 ], [ 4.8112654, 52.3936651 ], [ 4.8117598, 52.3933889 ], [ 4.8121029, 52.3932135 ], [ 4.8124591, 52.3930445 ], [ 4.81305, 52.3927939 ], [ 4.8137099, 52.3925401 ], [ 4.8143534, 52.3923149 ], [ 4.814647, 52.3922237 ], [ 4.8151363, 52.3920957 ], [ 4.8153705, 52.3920439 ], [ 4.8156503, 52.3919886 ], [ 4.8161802, 52.391912 ], [ 4.8174718, 52.3918976 ], [ 4.818785, 52.3918949 ], [ 4.8330143, 52.391909 ], [ 4.8336561, 52.3919238 ], [ 4.8338704, 52.3919383 ], [ 4.8343034, 52.3919672 ], [ 4.834924, 52.3920393 ], [ 4.8354488, 52.3921244 ], [ 4.8355288, 52.3921913 ], [ 4.8355759, 52.3922931 ], [ 4.8355814, 52.3923237 ], [ 4.8355806, 52.3927505 ], [ 4.8356303, 52.3930124 ], [ 4.8356633, 52.3937836 ] ] ] } },
{ "type": "Feature", "properties": { "buurt_naam": "Coenhaven", "stadsdeel": "Westpoort", "bevolking": 970, "oppervlakte_km2": 1.1268, "bev_dichtheid": 860.8 }, "geometry": { "type": "Polygon", "coordinates": [ [ [ 4.8555717, 52.4062854 ], [ 4.8682141, 52.4006287 ], [ 4.869383, 52.4011938 ], [ 4.8777765, 52.4052538 ], [ 4.8735503, 52.4083004 ], [ 4.8734377, 52.4083808 ], [ 4.8709925, 52.4101317 ], [ 4.8671037, 52.412386 ], [ 4.8638799, 52.4138152 ], [ 4.863632, 52.4139048 ], [ 4.8616054, 52.4117676 ], [ 4.8597114, 52.4097506 ], [ 4.8583335, 52.4085833 ], [ 4.8555717, 52.4062854 ] ] ] } },
{ "type": "Feature", "properties": { "buurt_naam": "Vlothaven", "stadsdeel": "Westpoort", "bevolking": 0, "oppervlakte_km2": 0.7044, "bev_dichtheid": 0.0 }, "geometry": { "type": "Polygon", "coordinates": [ [ [ 4.8493463, 52.4011066 ], [ 4.8503553, 52.400651 ], [ 4.8514976, 52.3999955 ], [ 4.8525548, 52.3994422 ], [ 4.8530454, 52.3992143 ], [ 4.8550854, 52.3983014 ], [ 4.8594059, 52.3963667 ], [ 4.8682141, 52.4006287 ], [ 4.8555717, 52.4062854 ], [ 4.8493463, 52.4011066 ] ] ] } },
{ "type": "Feature", "properties": { "buurt_naam": "Minervahaven-Noordoost", "stadsdeel": "Westpoort", "bevolking": 785, "oppervlakte_km2": 0.4741, "bev_dichtheid": 1655.9 }, "geometry": { "type": "Polygon", "coordinates": [ [ [ 4.869383, 52.4011938 ], [ 4.8716933, 52.3969752 ], [ 4.8718992, 52.3968315 ], [ 4.8722353, 52.3969928 ], [ 4.8726623, 52.3971673 ], [ 4.8730674, 52.3973165 ], [ 4.8735139, 52.3974631 ], [ 4.8739093, 52.3975708 ], [ 4.8744032, 52.39768 ], [ 4.8777959, 52.3983119 ], [ 4.8833904, 52.4011965 ], [ 4.882703, 52.4017032 ], [ 4.8777765, 52.4052538 ], [ 4.869383, 52.4011938 ] ] ] } },
{ "type": "Feature", "properties": { "buurt_naam": "Minervahaven-Noordwest", "stadsdeel": "Westpoort", "bevolking": 0, "oppervlakte_km2": 0.3428, "bev_dichtheid": 0.0 }, "geometry": { "type": "Polygon", "coordinates": [ [ [ 4.8594059, 52.3963667 ], [ 4.8656896, 52.3937539 ], [ 4.8689641, 52.3952889 ], [ 4.8691101, 52.3954891 ], [ 4.8718992, 52.3968315 ], [ 4.8716933, 52.3969752 ], [ 4.869383, 52.4011938 ], [ 4.8682141, 52.4006287 ], [ 4.8594059, 52.3963667 ] ] ] } },
{ "type": "Feature", "properties": { "buurt_naam": "Minervahaven-Zuidwest", "stadsdeel": "Westpoort", "bevolking": 0, "oppervlakte_km2": 0.0772, "bev_dichtheid": 0.0 }, "geometry": { "type": "Polygon", "coordinates": [ [ [ 4.8656896, 52.3937539 ], [ 4.866013, 52.393616 ], [ 4.8660421, 52.3936387 ], [ 4.8660746, 52.3936253 ], [ 4.8660891, 52.3936379 ], [ 4.8663829, 52.3935205 ], [ 4.8666115, 52.3934506 ], [ 4.8668824, 52.3933862 ], [ 4.8670607, 52.3933573 ], [ 4.8672194, 52.393341 ], [ 4.8712871, 52.3952613 ], [ 4.8714949, 52.3950789 ], [ 4.8715046, 52.395007 ], [ 4.871691, 52.3947697 ], [ 4.8717793, 52.3946209 ], [ 4.8725169, 52.3947507 ], [ 4.8726828, 52.3947658 ], [ 4.8728149, 52.3947682 ], [ 4.8729648, 52.394759 ], [ 4.8751782, 52.3945574 ], [ 4.8718992, 52.3968315 ], [ 4.8691101, 52.3954891 ], [ 4.8689641, 52.3952889 ], [ 4.8656896, 52.3937539 ] ] ] } },
{ "type": "Feature", "properties": { "buurt_naam": "Minervahaven-Zuidoost", "stadsdeel": "Westpoort", "bevolking": 10, "oppervlakte_km2": 0.2685, "bev_dichtheid": 37.2 }, "geometry": { "type": "Polygon", "coordinates": [ [ [ 4.8718992, 52.3968315 ], [ 4.8751782, 52.3945574 ], [ 4.8758533, 52.3944956 ], [ 4.876034, 52.3944927 ], [ 4.8761794, 52.3945033 ], [ 4.8763026, 52.3945235 ], [ 4.8764475, 52.3945602 ], [ 4.8765763, 52.3946066 ], [ 4.8854792, 52.3991661 ], [ 4.8858619, 52.399378 ], [ 4.8833904, 52.4011965 ], [ 4.8777959, 52.3983119 ], [ 4.8744032, 52.39768 ], [ 4.8739093, 52.3975708 ], [ 4.8735139, 52.3974631 ], [ 4.8730674, 52.3973165 ], [ 4.8726623, 52.3971673 ], [ 4.8722353, 52.3969928 ], [ 4.8718992, 52.3968315 ] ] ] } },
{ "type": "Feature", "properties": { "buurt_naam": "Alfa-driehoek", "stadsdeel": "Westpoort", "bevolking": 0, "oppervlakte_km2": 0.3083, "bev_dichtheid": 0.0 }, "geometry": { "type": "Polygon", "coordinates": [ [ [ 4.8443184, 52.3953038 ], [ 4.8448493, 52.3953898 ], [ 4.8449356, 52.3954162 ], [ 4.8454419, 52.3954546 ], [ 4.8455004, 52.3954854 ], [ 4.8460041, 52.3955084 ], [ 4.846753, 52.3955217 ], [ 4.8467538, 52.3954587 ], [ 4.8471124, 52.3954604 ], [ 4.8471109, 52.3954702 ], [ 4.8490616, 52.3954881 ], [ 4.8505146, 52.3954955 ], [ 4.8505147, 52.3954839 ], [ 4.8508321, 52.3954863 ], [ 4.8508289, 52.3954979 ], [ 4.8549704, 52.3955236 ], [ 4.8549676, 52.3955093 ], [ 4.8552084, 52.3955103 ], [ 4.8550854, 52.3983014 ], [ 4.8530454, 52.3992143 ], [ 4.8525548, 52.3994422 ], [ 4.8514976, 52.3999955 ], [ 4.8503553, 52.400651 ], [ 4.8493463, 52.4011066 ], [ 4.8472092, 52.3993317 ], [ 4.8467484, 52.3989369 ], [ 4.8462529, 52.3984772 ], [ 4.8458294, 52.3980213 ], [ 4.8455428, 52.3976732 ], [ 4.8453346, 52.3973953 ], [ 4.8450273, 52.3969275 ], [ 4.8448461, 52.3966076 ], [ 4.844684, 52.3962878 ], [ 4.8445567, 52.3959988 ], [ 4.8444174, 52.3956214 ], [ 4.8443184, 52.3953038 ] ] ] } },
{ "type": "Feature", "properties": { "buurt_naam": "Hemknoop-Noord", "stadsdeel": "Westpoort", "bevolking": 0, "oppervlakte_km2": 0.1136, "bev_dichtheid": 0.0 }, "geometry": { "type": "Polygon", "coordinates": [ [ [ 4.8550854, 52.3983014 ], [ 4.8552084, 52.3955103 ], [ 4.8556212, 52.395513 ], [ 4.8556271, 52.3953999 ], [ 4.8569052, 52.395402 ], [ 4.8573579, 52.3953978 ], [ 4.8577223, 52.3953814 ], [ 4.8581105, 52.3953544 ], [ 4.8589286, 52.3952565 ], [ 4.8593259, 52.3951872 ], [ 4.859747, 52.3951037 ], [ 4.8601701, 52.3950022 ], [ 4.8605887, 52.3948908 ], [ 4.8609529, 52.3947792 ], [ 4.8615932, 52.3945367 ], [ 4.8618738, 52.3944184 ], [ 4.8623779, 52.3941645 ], [ 4.862644, 52.3940155 ], [ 4.863125, 52.3937085 ], [ 4.8634094, 52.3935067 ], [ 4.8642264, 52.3928712 ], [ 4.8655513, 52.3931476 ], [ 4.8656114, 52.3931631 ], [ 4.8656418, 52.3932046 ], [ 4.8656799, 52.3931985 ], [ 4.8658646, 52.3934932 ], [ 4.866013, 52.393616 ], [ 4.8656896, 52.3937539 ], [ 4.8594059, 52.3963667 ], [ 4.8550854, 52.3983014 ] ] ] } },
{ "type": "Feature", "properties": { "buurt_naam": "Isolatorbuurt", "stadsdeel": "West", "bevolking": 65, "oppervlakte_km2": 0.3465, "bev_dichtheid": 187.6 }, "geometry": { "type": "Polygon", "coordinates": [ [ [ 4.8443184, 52.3953038 ], [ 4.8442332, 52.3949448 ], [ 4.8441742, 52.3946075 ], [ 4.8441371, 52.3942793 ], [ 4.8441173, 52.3938488 ], [ 4.8441344, 52.393288 ], [ 4.8442128, 52.391808 ], [ 4.8554928, 52.3920038 ], [ 4.8574945, 52.3921781 ], [ 4.8573128, 52.3923857 ], [ 4.8572414, 52.3938262 ], [ 4.8569461, 52.3938212 ], [ 4.8569048, 52.3948286 ], [ 4.8569052, 52.395402 ], [ 4.8556271, 52.3953999 ], [ 4.8556212, 52.395513 ], [ 4.8552084, 52.3955103 ], [ 4.8549676, 52.3955093 ], [ 4.8549704, 52.3955236 ], [ 4.8508289, 52.3954979 ], [ 4.8508321, 52.3954863 ], [ 4.8505147, 52.3954839 ], [ 4.8505146, 52.3954955 ], [ 4.8490616, 52.3954881 ], [ 4.8471109, 52.3954702 ], [ 4.8471124, 52.3954604 ], [ 4.8467538, 52.3954587 ], [ 4.846753, 52.3955217 ], [ 4.8460041, 52.3955084 ], [ 4.8455004, 52.3954854 ], [ 4.8454419, 52.3954546 ], [ 4.8449356, 52.3954162 ], [ 4.8448493, 52.3953898 ], [ 4.8443184, 52.3953038 ] ] ] } },
{ "type": "Feature", "properties": { "buurt_naam": "Contactbuurt", "stadsdeel": "West", "bevolking": 10, "oppervlakte_km2": 0.3322, "bev_dichtheid": 30.1 }, "geometry": { "type": "Polygon", "coordinates": [ [ [ 4.8442128, 52.391808 ], [ 4.8443362, 52.3895221 ], [ 4.8443717, 52.3888995 ], [ 4.8446639, 52.388899 ], [ 4.8446623, 52.3889197 ], [ 4.8446873, 52.3889199 ], [ 4.845858, 52.3889206 ], [ 4.8472393, 52.3888812 ], [ 4.8472374, 52.3889234 ], [ 4.8474504, 52.388928 ], [ 4.8474507, 52.3889001 ], [ 4.8499231, 52.3888789 ], [ 4.8499242, 52.3889184 ], [ 4.8508952, 52.3889183 ], [ 4.8508971, 52.3888807 ], [ 4.8536643, 52.388893 ], [ 4.8591712, 52.388933 ], [ 4.8590848, 52.3903913 ], [ 4.8590464, 52.3905331 ], [ 4.8588037, 52.3911818 ], [ 4.8586567, 52.3911793 ], [ 4.8584829, 52.3912091 ], [ 4.8583191, 52.3912704 ], [ 4.8581978, 52.3913481 ], [ 4.858134, 52.391408 ], [ 4.857712, 52.3919309 ], [ 4.8574945, 52.3921781 ], [ 4.8554928, 52.3920038 ], [ 4.8442128, 52.391808 ] ] ] } },
{ "type": "Feature", "properties": { "buurt_naam": "Woon- en Groengebied Sloterdijk", "stadsdeel": "West", "bevolking": 1460, "oppervlakte_km2": 0.5282, "bev_dichtheid": 2764.1 }, "geometry": { "type": "Polygon", "coordinates": [ [ [ 4.8446873, 52.3889199 ], [ 4.8446893, 52.3887562 ], [ 4.8446642, 52.388757 ], [ 4.8446689, 52.3886222 ], [ 4.8447617, 52.3869221 ], [ 4.8447329, 52.3863836 ], [ 4.844798, 52.3851455 ], [ 4.8448112, 52.3851455 ], [ 4.8448131, 52.3851078 ], [ 4.8450318, 52.3851187 ], [ 4.8453236, 52.385156 ], [ 4.8455645, 52.3851678 ], [ 4.8461976, 52.385159 ], [ 4.8475092, 52.3851651 ], [ 4.8529737, 52.3852563 ], [ 4.8551072, 52.385308 ], [ 4.8552469, 52.3853023 ], [ 4.8556582, 52.3853051 ], [ 4.8566744, 52.3853241 ], [ 4.8606732, 52.385394 ], [ 4.864208, 52.3854528 ], [ 4.8639711, 52.3861141 ], [ 4.86388, 52.3863681 ], [ 4.8636963, 52.3867429 ], [ 4.8635048, 52.3871771 ], [ 4.8631906, 52.3880286 ], [ 4.8649162, 52.3880578 ], [ 4.8648491, 52.3886453 ], [ 4.8649296, 52.388661 ], [ 4.8649628, 52.3889667 ], [ 4.8647556, 52.388972 ], [ 4.8620883, 52.388954 ], [ 4.8620894, 52.3889783 ], [ 4.8618251, 52.3889788 ], [ 4.8618223, 52.3889528 ], [ 4.8591712, 52.388933 ], [ 4.8536643, 52.388893 ], [ 4.8508971, 52.3888807 ], [ 4.8508952, 52.3889183 ], [ 4.8499242, 52.3889184 ], [ 4.8499231, 52.3888789 ], [ 4.8474507, 52.3889001 ], [ 4.8474504, 52.388928 ], [ 4.8472374, 52.3889234 ], [ 4.8472393, 52.3888812 ], [ 4.845858, 52.3889206 ], [ 4.8446873, 52.3889199 ] ] ] } },
{ "type": "Feature", "properties": { "buurt_naam": "Hemknoop-Zuid", "stadsdeel": "West", "bevolking": 0, "oppervlakte_km2": 0.1154, "bev_dichtheid": 0.0 }, "geometry": { "type": "Polygon", "coordinates": [ [ [ 4.8569052, 52.395402 ], [ 4.8569048, 52.3948286 ], [ 4.8569461, 52.3938212 ], [ 4.8572414, 52.3938262 ], [ 4.8573128, 52.3923857 ], [ 4.8574945, 52.3921781 ], [ 4.8610856, 52.3924906 ], [ 4.8641328, 52.3928528 ], [ 4.8642264, 52.3928712 ], [ 4.8634094, 52.3935067 ], [ 4.863125, 52.3937085 ], [ 4.862644, 52.3940155 ], [ 4.8623779, 52.3941645 ], [ 4.8618738, 52.3944184 ], [ 4.8615932, 52.3945367 ], [ 4.8609529, 52.3947792 ], [ 4.8605887, 52.3948908 ], [ 4.8601701, 52.3950022 ], [ 4.859747, 52.3951037 ], [ 4.8593259, 52.3951872 ], [ 4.8589286, 52.3952565 ], [ 4.8581105, 52.3953544 ], [ 4.8577223, 52.3953814 ], [ 4.8573579, 52.3953978 ], [ 4.8569052, 52.395402 ] ] ] } },
{ "type": "Feature", "properties": { "buurt_naam": "Overbraker Binnenpolder", "stadsdeel": "West", "bevolking": 5, "oppervlakte_km2": 0.327, "bev_dichtheid": 15.3 }, "geometry": { "type": "Polygon", "coordinates": [ [ [ 4.8574945, 52.3921781 ], [ 4.857712, 52.3919309 ], [ 4.858134, 52.391408 ], [ 4.8581978, 52.3913481 ], [ 4.8583191, 52.3912704 ], [ 4.8584829, 52.3912091 ], [ 4.8586567, 52.3911793 ], [ 4.8588037, 52.3911818 ], [ 4.8590464, 52.3905331 ], [ 4.8590848, 52.3903913 ], [ 4.8591712, 52.388933 ], [ 4.8618223, 52.3889528 ], [ 4.8618251, 52.3889788 ], [ 4.8620894, 52.3889783 ], [ 4.8620883, 52.388954 ], [ 4.8647556, 52.388972 ], [ 4.8649628, 52.3889667 ], [ 4.8649296, 52.388661 ], [ 4.8648491, 52.3886453 ], [ 4.8649162, 52.3880578 ], [ 4.8631906, 52.3880286 ], [ 4.8635048, 52.3871771 ], [ 4.8636963, 52.3867429 ], [ 4.86388, 52.3863681 ], [ 4.8639711, 52.3861141 ], [ 4.8647506, 52.3862667 ], [ 4.8652488, 52.3863858 ], [ 4.8673344, 52.3870222 ], [ 4.8695053, 52.3876717 ], [ 4.8702871, 52.3878899 ], [ 4.8708422, 52.3880361 ], [ 4.8721385, 52.3883491 ], [ 4.8710336, 52.3886292 ], [ 4.8699455, 52.3889705 ], [ 4.8682236, 52.3898698 ], [ 4.8678065, 52.3901196 ], [ 4.8673787, 52.3904017 ], [ 4.8667832, 52.3908225 ], [ 4.8664097, 52.3910941 ], [ 4.8659905, 52.3914068 ], [ 4.8657532, 52.3915963 ], [ 4.8653669, 52.3919702 ], [ 4.8652662, 52.3920265 ], [ 4.8641328, 52.3928528 ], [ 4.8610856, 52.3924906 ], [ 4.8574945, 52.3921781 ] ] ] } },
{ "type": "Feature", "properties": { "buurt_naam": "Zaanstraat emplacement", "stadsdeel": "West", "bevolking": 0, "oppervlakte_km2": 0.1865, "bev_dichtheid": 0.0 }, "geometry": { "type": "Polygon", "coordinates": [ [ [ 4.8641328, 52.3928528 ], [ 4.8652662, 52.3920265 ], [ 4.8653669, 52.3919702 ], [ 4.8657532, 52.3915963 ], [ 4.8659905, 52.3914068 ], [ 4.8664097, 52.3910941 ], [ 4.8667832, 52.3908225 ], [ 4.8673787, 52.3904017 ], [ 4.8678065, 52.3901196 ], [ 4.8682236, 52.3898698 ], [ 4.8699455, 52.3889705 ], [ 4.8710336, 52.3886292 ], [ 4.8721385, 52.3883491 ], [ 4.8730952, 52.3881897 ], [ 4.8742045, 52.3880471 ], [ 4.875203, 52.3879444 ], [ 4.8752488, 52.3879195 ], [ 4.8759099, 52.3877892 ], [ 4.8759481, 52.387793 ], [ 4.8760201, 52.3877798 ], [ 4.8760512, 52.3877665 ], [ 4.8767225, 52.3876327 ], [ 4.8771747, 52.3875323 ], [ 4.8774119, 52.3874624 ], [ 4.8778279, 52.3873059 ], [ 4.8781019, 52.387245 ], [ 4.8783253, 52.3872352 ], [ 4.8787694, 52.3877063 ], [ 4.8777862, 52.3881245 ], [ 4.8745498, 52.3895656 ], [ 4.8726065, 52.3904344 ], [ 4.871412, 52.3909622 ], [ 4.8712333, 52.3909174 ], [ 4.8708553, 52.3910713 ], [ 4.8703297, 52.3913026 ], [ 4.8678897, 52.3924308 ], [ 4.8663171, 52.3931204 ], [ 4.8659944, 52.3930667 ], [ 4.8656252, 52.3929889 ], [ 4.8655513, 52.3931476 ], [ 4.8642264, 52.3928712 ], [ 4.8641328, 52.3928528 ] ] ] } },
{ "type": "Feature", "properties": { "buurt_naam": "Spaarndammerbuurt-Noordwest", "stadsdeel": "West", "bevolking": 1915, "oppervlakte_km2": 0.1187, "bev_dichtheid": 16128.5 }, "geometry": { "type": "Polygon", "coordinates": [ [ [ 4.8663171, 52.3931204 ], [ 4.8678897, 52.3924308 ], [ 4.8703297, 52.3913026 ], [ 4.8708553, 52.3910713 ], [ 4.8712333, 52.3909174 ], [ 4.871412, 52.3909622 ], [ 4.8726065, 52.3904344 ], [ 4.8728873, 52.3906648 ], [ 4.8730379, 52.3907392 ], [ 4.8734798, 52.3908813 ], [ 4.8738107, 52.3909726 ], [ 4.8766523, 52.3918252 ], [ 4.877469, 52.3922197 ], [ 4.8767834, 52.3926912 ], [ 4.8766682, 52.3927429 ], [ 4.8765577, 52.3927775 ], [ 4.8764295, 52.3928031 ], [ 4.8763207, 52.392816 ], [ 4.8740608, 52.392853 ], [ 4.873589, 52.3928708 ], [ 4.8731185, 52.3929047 ], [ 4.8715815, 52.3930589 ], [ 4.8711596, 52.3930876 ], [ 4.8705099, 52.393118 ], [ 4.8673372, 52.3931887 ], [ 4.8668483, 52.3931757 ], [ 4.8665634, 52.393152 ], [ 4.8663171, 52.3931204 ] ] ] } },
{ "type": "Feature", "properties": { "buurt_naam": "Spaarndammerbuurt-Midden", "stadsdeel": "West", "bevolking": 1425, "oppervlakte_km2": 0.0571, "bev_dichtheid": 24950.1 }, "geometry": { "type": "Polygon", "coordinates": [ [ [ 4.8726065, 52.3904344 ], [ 4.8745498, 52.3895656 ], [ 4.8783618, 52.3907127 ], [ 4.878271, 52.3909415 ], [ 4.8781289, 52.3914262 ], [ 4.8782085, 52.3916566 ], [ 4.8781301, 52.3917003 ], [ 4.877469, 52.3922197 ], [ 4.8766523, 52.3918252 ], [ 4.8738107, 52.3909726 ], [ 4.8734798, 52.3908813 ], [ 4.8730379, 52.3907392 ], [ 4.8728873, 52.3906648 ], [ 4.8726065, 52.3904344 ] ] ] } },
{ "type": "Feature", "properties": { "buurt_naam": "Spaarndammerbuurt-Zuidwest", "stadsdeel": "West", "bevolking": 1830, "oppervlakte_km2": 0.0755, "bev_dichtheid": 24236.8 }, "geometry": { "type": "Polygon", "coordinates": [ [ [ 4.8745498, 52.3895656 ], [ 4.8777862, 52.3881245 ], [ 4.8787694, 52.3877063 ], [ 4.8790408, 52.3876023 ], [ 4.8810347, 52.3869026 ], [ 4.8815134, 52.3867878 ], [ 4.8797105, 52.3890341 ], [ 4.8783618, 52.3907127 ], [ 4.8745498, 52.3895656 ] ] ] } },
{ "type": "Feature", "properties": { "buurt_naam": "Spaarndammerbuurt-Noordoost", "stadsdeel": "West", "bevolking": 2570, "oppervlakte_km2": 0.1114, "bev_dichtheid": 23077.7 }, "geometry": { "type": "Polygon", "coordinates": [ [ [ 4.8781289, 52.3914262 ], [ 4.878271, 52.3909415 ], [ 4.8783618, 52.3907127 ], [ 4.8797105, 52.3890341 ], [ 4.8804322, 52.3892485 ], [ 4.881259, 52.389146 ], [ 4.881242, 52.3890956 ], [ 4.8815717, 52.3887725 ], [ 4.8839857, 52.3884628 ], [ 4.8844846, 52.3883795 ], [ 4.8855245, 52.3904718 ], [ 4.8847571, 52.390783 ], [ 4.8783986, 52.3915999 ], [ 4.8782986, 52.3916219 ], [ 4.8782085, 52.3916566 ], [ 4.8781289, 52.3914262 ] ] ] } },
{ "type": "Feature", "properties": { "buurt_naam": "Zeeheldenbuurt", "stadsdeel": "West", "bevolking": 1925, "oppervlakte_km2": 0.1029, "bev_dichtheid": 18699.3 }, "geometry": { "type": "Polygon", "coordinates": [ [ [ 4.8844846, 52.3883795 ], [ 4.8857518, 52.3881674 ], [ 4.8859771, 52.3881297 ], [ 4.891015, 52.3884412 ], [ 4.8908964, 52.3889242 ], [ 4.8919405, 52.3890868 ], [ 4.8915005, 52.389946 ], [ 4.8914154, 52.3899321 ], [ 4.8913702, 52.3900307 ], [ 4.8856653, 52.3907572 ], [ 4.8855245, 52.3904718 ], [ 4.8844846, 52.3883795 ] ] ] } },
{ "type": "Feature", "properties": { "buurt_naam": "Westergasfabriek", "stadsdeel": "West", "bevolking": 0, "oppervlakte_km2": 0.2561, "bev_dichtheid": 0.0 }, "geometry": { "type": "Polygon", "coordinates": [ [ [ 4.8639711, 52.3861141 ], [ 4.864208, 52.3854528 ], [ 4.866872, 52.3854987 ], [ 4.8694141, 52.3855447 ], [ 4.8714978, 52.3855817 ], [ 4.8749989, 52.3856445 ], [ 4.8799453, 52.3857161 ], [ 4.8803165, 52.3857383 ], [ 4.8805427, 52.3857447 ], [ 4.8808968, 52.3857373 ], [ 4.8812437, 52.3857081 ], [ 4.8817514, 52.3856411 ], [ 4.8825919, 52.3854613 ], [ 4.8830398, 52.3860025 ], [ 4.8832397, 52.3862432 ], [ 4.8818979, 52.386696 ], [ 4.8815134, 52.3867878 ], [ 4.8810347, 52.3869026 ], [ 4.8790408, 52.3876023 ], [ 4.8787694, 52.3877063 ], [ 4.8783253, 52.3872352 ], [ 4.8781019, 52.387245 ], [ 4.8778279, 52.3873059 ], [ 4.8774119, 52.3874624 ], [ 4.8771747, 52.3875323 ], [ 4.8767225, 52.3876327 ], [ 4.8760512, 52.3877665 ], [ 4.8760201, 52.3877798 ], [ 4.8759481, 52.387793 ], [ 4.8759099, 52.3877892 ], [ 4.8752488, 52.3879195 ], [ 4.875203, 52.3879444 ], [ 4.8742045, 52.3880471 ], [ 4.8730952, 52.3881897 ], [ 4.8721385, 52.3883491 ], [ 4.8708422, 52.3880361 ], [ 4.8702871, 52.3878899 ], [ 4.8695053, 52.3876717 ], [ 4.8673344, 52.3870222 ], [ 4.8652488, 52.3863858 ], [ 4.8647506, 52.3862667 ], [ 4.8639711, 52.3861141 ] ] ] } },
{ "type": "Feature", "properties": { "buurt_naam": "Spaarndammerbuurt-Zuidoost", "stadsdeel": "West", "bevolking": 1010, "oppervlakte_km2": 0.0565, "bev_dichtheid": 17871.7 }, "geometry": { "type": "Polygon", "coordinates": [ [ [ 4.8797105, 52.3890341 ], [ 4.8815134, 52.3867878 ], [ 4.8818979, 52.386696 ], [ 4.8832397, 52.3862432 ], [ 4.8840028, 52.387343 ], [ 4.8844846, 52.3883795 ], [ 4.8839857, 52.3884628 ], [ 4.8815717, 52.3887725 ], [ 4.881242, 52.3890956 ], [ 4.881259, 52.389146 ], [ 4.8804322, 52.3892485 ], [ 4.8797105, 52.3890341 ] ] ] } },
{ "type": "Feature", "properties": { "buurt_naam": "Houthavens-West", "stadsdeel": "West", "bevolking": 4835, "oppervlakte_km2": 0.6609, "bev_dichtheid": 7315.6 }, "geometry": { "type": "Polygon", "coordinates": [ [ [ 4.8655513, 52.3931476 ], [ 4.8656252, 52.3929889 ], [ 4.8659944, 52.3930667 ], [ 4.8663171, 52.3931204 ], [ 4.8665634, 52.393152 ], [ 4.8668483, 52.3931757 ], [ 4.8673372, 52.3931887 ], [ 4.8705099, 52.393118 ], [ 4.8711596, 52.3930876 ], [ 4.8715815, 52.3930589 ], [ 4.8731185, 52.3929047 ], [ 4.873589, 52.3928708 ], [ 4.8740608, 52.392853 ], [ 4.8763207, 52.392816 ], [ 4.8764295, 52.3928031 ], [ 4.8765577, 52.3927775 ], [ 4.8766682, 52.3927429 ], [ 4.8767834, 52.3926912 ], [ 4.877469, 52.3922197 ], [ 4.8781301, 52.3917003 ], [ 4.8782085, 52.3916566 ], [ 4.8782986, 52.3916219 ], [ 4.8783986, 52.3915999 ], [ 4.8847571, 52.390783 ], [ 4.8855245, 52.3904718 ], [ 4.8856653, 52.3907572 ], [ 4.8878423, 52.3936424 ], [ 4.8910991, 52.3948533 ], [ 4.8915604, 52.3951131 ], [ 4.8897755, 52.3964124 ], [ 4.8858619, 52.399378 ], [ 4.8854792, 52.3991661 ], [ 4.8765763, 52.3946066 ], [ 4.8764475, 52.3945602 ], [ 4.8763026, 52.3945235 ], [ 4.8761794, 52.3945033 ], [ 4.876034, 52.3944927 ], [ 4.8758533, 52.3944956 ], [ 4.8751782, 52.3945574 ], [ 4.8729648, 52.394759 ], [ 4.8728149, 52.3947682 ], [ 4.8726828, 52.3947658 ], [ 4.8725169, 52.3947507 ], [ 4.8717793, 52.3946209 ], [ 4.871691, 52.3947697 ], [ 4.8715046, 52.395007 ], [ 4.8714949, 52.3950789 ], [ 4.8712871, 52.3952613 ], [ 4.8672194, 52.393341 ], [ 4.8670607, 52.3933573 ], [ 4.8668824, 52.3933862 ], [ 4.8666115, 52.3934506 ], [ 4.8663829, 52.3935205 ], [ 4.8660891, 52.3936379 ], [ 4.8660746, 52.3936253 ], [ 4.8660421, 52.3936387 ], [ 4.866013, 52.393616 ], [ 4.8658646, 52.3934932 ], [ 4.8656799, 52.3931985 ], [ 4.8656418, 52.3932046 ], [ 4.8656114, 52.3931631 ], [ 4.8655513, 52.3931476 ] ] ] } },
{ "type": "Feature", "properties": { "buurt_naam": "Houthavens-Oost", "stadsdeel": "West", "bevolking": 640, "oppervlakte_km2": 0.2553, "bev_dichtheid": 2507.1 }, "geometry": { "type": "Polygon", "coordinates": [ [ [ 4.8856653, 52.3907572 ], [ 4.8913702, 52.3900307 ], [ 4.8914154, 52.3899321 ], [ 4.8915005, 52.389946 ], [ 4.8919405, 52.3890868 ], [ 4.8908964, 52.3889242 ], [ 4.891015, 52.3884412 ], [ 4.8920747, 52.3885067 ], [ 4.8922134, 52.3881909 ], [ 4.8923086, 52.3882075 ], [ 4.8923012, 52.3882228 ], [ 4.8923144, 52.3883585 ], [ 4.8923669, 52.3885241 ], [ 4.895084, 52.3886917 ], [ 4.894675, 52.3899411 ], [ 4.8939861, 52.3920531 ], [ 4.8936602, 52.3928247 ], [ 4.8932157, 52.3935642 ], [ 4.8926591, 52.3942072 ], [ 4.8920077, 52.3947869 ], [ 4.8915604, 52.3951131 ], [ 4.8910991, 52.3948533 ], [ 4.8878423, 52.3936424 ], [ 4.8856653, 52.3907572 ] ] ] } },
{ "type": "Feature", "properties": { "buurt_naam": "Kolenkitbuurt-Noord", "stadsdeel": "West", "bevolking": 4645, "oppervlakte_km2": 0.2977, "bev_dichtheid": 15600.4 }, "geometry": { "type": "Polygon", "coordinates": [ [ [ 4.837724, 52.3788595 ], [ 4.8421278, 52.3781768 ], [ 4.8440683, 52.3779035 ], [ 4.8444504, 52.3788418 ], [ 4.8446255, 52.3794169 ], [ 4.8446732, 52.379605 ], [ 4.8447296, 52.3799144 ], [ 4.8447867, 52.3804144 ], [ 4.8448005, 52.380605 ], [ 4.8447981, 52.3810354 ], [ 4.8445796, 52.3851031 ], [ 4.8439336, 52.3850885 ], [ 4.8432944, 52.3851009 ], [ 4.8398361, 52.3850356 ], [ 4.8392577, 52.3850176 ], [ 4.8393613, 52.3845876 ], [ 4.8394172, 52.3845879 ], [ 4.8394455, 52.3844316 ], [ 4.8394192, 52.3844315 ], [ 4.8394605, 52.3840434 ], [ 4.8394474, 52.3840424 ], [ 4.8394557, 52.3838429 ], [ 4.8394451, 52.3836299 ], [ 4.8394612, 52.38363 ], [ 4.8394533, 52.383559 ], [ 4.8394401, 52.3835598 ], [ 4.8393906, 52.3831668 ], [ 4.8394052, 52.383166 ], [ 4.8392965, 52.3826972 ], [ 4.8393053, 52.3826964 ], [ 4.8391409, 52.3822057 ], [ 4.8391309, 52.3822003 ], [ 4.8390979, 52.3821211 ], [ 4.8390862, 52.3821228 ], [ 4.8390377, 52.3820093 ], [ 4.8389491, 52.3817986 ], [ 4.8389682, 52.3817951 ], [ 4.8389226, 52.3816942 ], [ 4.8389447, 52.3816907 ], [ 4.8389147, 52.3816214 ], [ 4.8388969, 52.381624 ], [ 4.8387644, 52.3813097 ], [ 4.838782, 52.3813062 ], [ 4.8386935, 52.3810991 ], [ 4.8386773, 52.3811018 ], [ 4.838529, 52.3807495 ], [ 4.8385465, 52.3807469 ], [ 4.838461, 52.3805417 ], [ 4.8384462, 52.3805443 ], [ 4.8382965, 52.380186 ], [ 4.8383127, 52.3801833 ], [ 4.8382241, 52.3799753 ], [ 4.8382079, 52.3799779 ], [ 4.8381069, 52.3797195 ], [ 4.8381157, 52.3797177 ], [ 4.8378732, 52.3791369 ], [ 4.8378541, 52.3791404 ], [ 4.8378226, 52.3790656 ], [ 4.8378109, 52.3790683 ], [ 4.837724, 52.3788595 ] ] ] } },
{ "type": "Feature", "properties": { "buurt_naam": "Kolenkitbuurt-Zuid", "stadsdeel": "West", "bevolking": 2220, "oppervlakte_km2": 0.1274, "bev_dichtheid": 17420.0 }, "geometry": { "type": "Polygon", "coordinates": [ [ [ 4.8367005, 52.3763524 ], [ 4.8430113, 52.3753642 ], [ 4.8440683, 52.3779035 ], [ 4.8421278, 52.3781768 ], [ 4.837724, 52.3788595 ], [ 4.8376454, 52.3786721 ], [ 4.837682, 52.3786768 ], [ 4.8376596, 52.3786056 ], [ 4.8376309, 52.378539 ], [ 4.8376147, 52.3785416 ], [ 4.8374634, 52.3781922 ], [ 4.8374637, 52.3781679 ], [ 4.8373909, 52.3779924 ], [ 4.8367005, 52.3763524 ] ] ] } },
{ "type": "Feature", "properties": { "buurt_naam": "Laan van Spartaan", "stadsdeel": "West", "bevolking": 2775, "oppervlakte_km2": 0.1651, "bev_dichtheid": 16805.2 }, "geometry": { "type": "Polygon", "coordinates": [ [ [ 4.8353378, 52.3731529 ], [ 4.8406033, 52.3723297 ], [ 4.8408623, 52.3723003 ], [ 4.8411914, 52.3722739 ], [ 4.8421374, 52.3722406 ], [ 4.8422399, 52.372988 ], [ 4.8423356, 52.3734512 ], [ 4.842407, 52.3737337 ], [ 4.8426419, 52.3744565 ], [ 4.8430113, 52.3753642 ], [ 4.8367005, 52.3763524 ], [ 4.8354925, 52.3734511 ], [ 4.835478, 52.3734511 ], [ 4.8354409, 52.3733609 ], [ 4.8354261, 52.3733627 ], [ 4.8353378, 52.3731529 ] ] ] } },
{ "type": "Feature", "properties": { "buurt_naam": "Robert Scottbuurt-West", "stadsdeel": "West", "bevolking": 2145, "oppervlakte_km2": 0.1479, "bev_dichtheid": 14499.1 }, "geometry": { "type": "Polygon", "coordinates": [ [ [ 4.8421374, 52.3722406 ], [ 4.8426018, 52.372223 ], [ 4.8430381, 52.3722151 ], [ 4.8443936, 52.3721916 ], [ 4.8452788, 52.3722154 ], [ 4.8455547, 52.3722328 ], [ 4.8459198, 52.3722687 ], [ 4.8460855, 52.3722955 ], [ 4.846368, 52.3723606 ], [ 4.8467844, 52.372412 ], [ 4.8466651, 52.3726783 ], [ 4.8463544, 52.3732377 ], [ 4.8460878, 52.3740346 ], [ 4.8460386, 52.3740919 ], [ 4.8459646, 52.3741383 ], [ 4.8458731, 52.3741711 ], [ 4.8457923, 52.3741851 ], [ 4.8455582, 52.3751988 ], [ 4.8460174, 52.3752351 ], [ 4.8464734, 52.3752919 ], [ 4.8468646, 52.3753575 ], [ 4.8474184, 52.3754715 ], [ 4.8460826, 52.3779505 ], [ 4.8452139, 52.3777722 ], [ 4.8450791, 52.3777572 ], [ 4.8449408, 52.3777665 ], [ 4.8440683, 52.3779035 ], [ 4.8430113, 52.3753642 ], [ 4.8426419, 52.3744565 ], [ 4.842407, 52.3737337 ], [ 4.8423356, 52.3734512 ], [ 4.8422399, 52.372988 ], [ 4.8421374, 52.3722406 ] ] ] } },
{ "type": "Feature", "properties": { "buurt_naam": "Bosleeuw", "stadsdeel": "West", "bevolking": 5975, "oppervlakte_km2": 0.3415, "bev_dichtheid": 17495.3 }, "geometry": { "type": "Polygon", "coordinates": [ [ [ 4.8440683, 52.3779035 ], [ 4.8449408, 52.3777665 ], [ 4.8450791, 52.3777572 ], [ 4.8452139, 52.3777722 ], [ 4.8460826, 52.3779505 ], [ 4.8516235, 52.3790677 ], [ 4.8519501, 52.3791411 ], [ 4.8522119, 52.3792266 ], [ 4.8523756, 52.3792957 ], [ 4.8525289, 52.3793737 ], [ 4.8536176, 52.3800742 ], [ 4.8546042, 52.3807149 ], [ 4.8543603, 52.3808352 ], [ 4.8517913, 52.382321 ], [ 4.8513229, 52.382567 ], [ 4.8509092, 52.3827591 ], [ 4.8476668, 52.3841627 ], [ 4.8475971, 52.3842136 ], [ 4.8475435, 52.3842718 ], [ 4.8475042, 52.3843679 ], [ 4.8474826, 52.3848126 ], [ 4.8475092, 52.3851651 ], [ 4.8461976, 52.385159 ], [ 4.8455645, 52.3851678 ], [ 4.8453236, 52.385156 ], [ 4.8450318, 52.3851187 ], [ 4.8448131, 52.3851078 ], [ 4.8445796, 52.3851031 ], [ 4.8447981, 52.3810354 ], [ 4.8448005, 52.380605 ], [ 4.8447867, 52.3804144 ], [ 4.8447296, 52.3799144 ], [ 4.8446732, 52.379605 ], [ 4.8446255, 52.3794169 ], [ 4.8444504, 52.3788418 ], [ 4.8440683, 52.3779035 ] ] ] } },
{ "type": "Feature", "properties": { "buurt_naam": "Gibraltarbuurt", "stadsdeel": "West", "bevolking": 4135, "oppervlakte_km2": 0.1992, "bev_dichtheid": 20753.7 }, "geometry": { "type": "Polygon", "coordinates": [ [ [ 4.8474826, 52.3848126 ], [ 4.8475042, 52.3843679 ], [ 4.8475435, 52.3842718 ], [ 4.8475971, 52.3842136 ], [ 4.8476668, 52.3841627 ], [ 4.8509092, 52.3827591 ], [ 4.8513229, 52.382567 ], [ 4.8517913, 52.382321 ], [ 4.8543603, 52.3808352 ], [ 4.8546042, 52.3807149 ], [ 4.8553287, 52.3811658 ], [ 4.8554217, 52.3812444 ], [ 4.855481, 52.3813292 ], [ 4.855524, 52.3814291 ], [ 4.8555388, 52.3815298 ], [ 4.8555197, 52.3825085 ], [ 4.8570543, 52.3825352 ], [ 4.8570179, 52.3833627 ], [ 4.8569446, 52.3834774 ], [ 4.8569229, 52.3840687 ], [ 4.8567275, 52.3840651 ], [ 4.8566744, 52.3853241 ], [ 4.8556582, 52.3853051 ], [ 4.8552469, 52.3853023 ], [ 4.8551072, 52.385308 ], [ 4.8529737, 52.3852563 ], [ 4.8475092, 52.3851651 ], [ 4.8474826, 52.3848126 ] ] ] } },
{ "type": "Feature", "properties": { "buurt_naam": "Bedrijventerrein Landlust", "stadsdeel": "West", "bevolking": 735, "oppervlakte_km2": 0.1395, "bev_dichtheid": 5269.2 }, "geometry": { "type": "Polygon", "coordinates": [ [ [ 4.8566744, 52.3853241 ], [ 4.8567275, 52.3840651 ], [ 4.8569229, 52.3840687 ], [ 4.8569446, 52.3834774 ], [ 4.8570179, 52.3833627 ], [ 4.8570543, 52.3825352 ], [ 4.8571955, 52.3825106 ], [ 4.8573665, 52.3824665 ], [ 4.8574934, 52.3824211 ], [ 4.857641, 52.3823526 ], [ 4.8615067, 52.3801202 ], [ 4.8617575, 52.3802714 ], [ 4.8626271, 52.3803938 ], [ 4.8621179, 52.3817146 ], [ 4.8619226, 52.3822179 ], [ 4.861805, 52.3824709 ], [ 4.8616201, 52.3828242 ], [ 4.8613311, 52.3832993 ], [ 4.8609711, 52.3838063 ], [ 4.8608811, 52.383965 ], [ 4.8608118, 52.3841166 ], [ 4.8607446, 52.3843256 ], [ 4.8607114, 52.3845152 ], [ 4.8606732, 52.385394 ], [ 4.8566744, 52.3853241 ] ] ] } },
{ "type": "Feature", "properties": { "buurt_naam": "Landlust-Noord", "stadsdeel": "West", "bevolking": 2340, "oppervlakte_km2": 0.0977, "bev_dichtheid": 23956.5 }, "geometry": { "type": "Polygon", "coordinates": [ [ [ 4.8546042, 52.3807149 ], [ 4.8552016, 52.3803743 ], [ 4.8554561, 52.3802137 ], [ 4.8558382, 52.3799503 ], [ 4.856157, 52.3796965 ], [ 4.8563543, 52.3795212 ], [ 4.8565388, 52.3793404 ], [ 4.8567738, 52.3790826 ], [ 4.85771, 52.3793996 ], [ 4.8609752, 52.3798545 ], [ 4.8610967, 52.3798927 ], [ 4.8611989, 52.3799372 ], [ 4.8615067, 52.3801202 ], [ 4.857641, 52.3823526 ], [ 4.8574934, 52.3824211 ], [ 4.8573665, 52.3824665 ], [ 4.8571955, 52.3825106 ], [ 4.8570543, 52.3825352 ], [ 4.8555197, 52.3825085 ], [ 4.8555388, 52.3815298 ], [ 4.855524, 52.3814291 ], [ 4.855481, 52.3813292 ], [ 4.8554217, 52.3812444 ], [ 4.8553287, 52.3811658 ], [ 4.8546042, 52.3807149 ] ] ] } },
{ "type": "Feature", "properties": { "buurt_naam": "Erasmusparkbuurt-Oost", "stadsdeel": "West", "bevolking": 1825, "oppervlakte_km2": 0.0904, "bev_dichtheid": 20195.9 }, "geometry": { "type": "Polygon", "coordinates": [ [ [ 4.8536176, 52.3800742 ], [ 4.8540939, 52.3797932 ], [ 4.8545466, 52.3798834 ], [ 4.8548915, 52.3796611 ], [ 4.8550869, 52.3795209 ], [ 4.8553301, 52.379326 ], [ 4.8555544, 52.379123 ], [ 4.8557596, 52.3789118 ], [ 4.8559315, 52.3787786 ], [ 4.8560459, 52.3786722 ], [ 4.8561455, 52.3785604 ], [ 4.8562562, 52.3784044 ], [ 4.8563208, 52.3782834 ], [ 4.8563707, 52.3781606 ], [ 4.8568034, 52.3768503 ], [ 4.8546681, 52.3765998 ], [ 4.8553112, 52.3745256 ], [ 4.8555092, 52.3745455 ], [ 4.8555688, 52.3743579 ], [ 4.8576923, 52.3745993 ], [ 4.8585698, 52.3746553 ], [ 4.8585414, 52.3748196 ], [ 4.8576817, 52.3775759 ], [ 4.8576043, 52.3777831 ], [ 4.8574628, 52.378089 ], [ 4.8572904, 52.3783884 ], [ 4.8570871, 52.3786813 ], [ 4.8567738, 52.3790826 ], [ 4.8565388, 52.3793404 ], [ 4.8563543, 52.3795212 ], [ 4.856157, 52.3796965 ], [ 4.8558382, 52.3799503 ], [ 4.8554561, 52.3802137 ], [ 4.8552016, 52.3803743 ], [ 4.8546042, 52.3807149 ], [ 4.8536176, 52.3800742 ] ] ] } },
{ "type": "Feature", "properties": { "buurt_naam": "Landlust-Zuid", "stadsdeel": "West", "bevolking": 4120, "oppervlakte_km2": 0.216, "bev_dichtheid": 19072.6 }, "geometry": { "type": "Polygon", "coordinates": [ [ [ 4.8567738, 52.3790826 ], [ 4.8570871, 52.3786813 ], [ 4.8572904, 52.3783884 ], [ 4.8574628, 52.378089 ], [ 4.8576043, 52.3777831 ], [ 4.8576817, 52.3775759 ], [ 4.8585414, 52.3748196 ], [ 4.8585698, 52.3746553 ], [ 4.8587033, 52.3746648 ], [ 4.8597503, 52.3747908 ], [ 4.8604581, 52.3749135 ], [ 4.8620713, 52.3750914 ], [ 4.8628675, 52.3751983 ], [ 4.8644392, 52.3754128 ], [ 4.8626271, 52.3803938 ], [ 4.8617575, 52.3802714 ], [ 4.8615067, 52.3801202 ], [ 4.8611989, 52.3799372 ], [ 4.8610967, 52.3798927 ], [ 4.8609752, 52.3798545 ], [ 4.85771, 52.3793996 ], [ 4.8567738, 52.3790826 ] ] ] } },
{ "type": "Feature", "properties": { "buurt_naam": "Robert Scottbuurt-Oost", "stadsdeel": "West", "bevolking": 1660, "oppervlakte_km2": 0.0686, "bev_dichtheid": 24193.7 }, "geometry": { "type": "Polygon", "coordinates": [ [ [ 4.8468646, 52.3753575 ], [ 4.8464734, 52.3752919 ], [ 4.8460174, 52.3752351 ], [ 4.8455582, 52.3751988 ], [ 4.8457923, 52.3741851 ], [ 4.8458731, 52.3741711 ], [ 4.8459646, 52.3741383 ], [ 4.8460386, 52.3740919 ], [ 4.8460878, 52.3740346 ], [ 4.8463544, 52.3732377 ], [ 4.8466651, 52.3726783 ], [ 4.8467844, 52.372412 ], [ 4.8471248, 52.3724422 ], [ 4.8488804, 52.3727432 ], [ 4.8493141, 52.3728152 ], [ 4.8499938, 52.3729442 ], [ 4.848344, 52.3756726 ], [ 4.8474184, 52.3754715 ], [ 4.8468646, 52.3753575 ] ] ] } },
{ "type": "Feature", "properties": { "buurt_naam": "Erasmusparkbuurt-West", "stadsdeel": "West", "bevolking": 3975, "oppervlakte_km2": 0.335, "bev_dichtheid": 11866.8 }, "geometry": { "type": "Polygon", "coordinates": [ [ [ 4.8460826, 52.3779505 ], [ 4.8474184, 52.3754715 ], [ 4.848344, 52.3756726 ], [ 4.8499938, 52.3729442 ], [ 4.8511233, 52.3731731 ], [ 4.8524171, 52.3734018 ], [ 4.8528978, 52.3734857 ], [ 4.853148, 52.373556 ], [ 4.8546561, 52.3741749 ], [ 4.8548112, 52.3742296 ], [ 4.8549531, 52.374267 ], [ 4.8551025, 52.3742955 ], [ 4.8555688, 52.3743579 ], [ 4.8555092, 52.3745455 ], [ 4.8553112, 52.3745256 ], [ 4.8546681, 52.3765998 ], [ 4.8568034, 52.3768503 ], [ 4.8563707, 52.3781606 ], [ 4.8563208, 52.3782834 ], [ 4.8562562, 52.3784044 ], [ 4.8561455, 52.3785604 ], [ 4.8560459, 52.3786722 ], [ 4.8559315, 52.3787786 ], [ 4.8557596, 52.3789118 ], [ 4.8555544, 52.379123 ], [ 4.8553301, 52.379326 ], [ 4.8550869, 52.3795209 ], [ 4.8548915, 52.3796611 ], [ 4.8545466, 52.3798834 ], [ 4.8540939, 52.3797932 ], [ 4.8536176, 52.3800742 ], [ 4.8525289, 52.3793737 ], [ 4.8523756, 52.3792957 ], [ 4.8522119, 52.3792266 ], [ 4.8519501, 52.3791411 ], [ 4.8516235, 52.3790677 ], [ 4.8460826, 52.3779505 ] ] ] } },
{ "type": "Feature", "properties": { "buurt_naam": "Bedrijvencentrum Westerkwartier", "stadsdeel": "West", "bevolking": 65, "oppervlakte_km2": 0.1512, "bev_dichtheid": 429.9 }, "geometry": { "type": "Polygon", "coordinates": [ [ [ 4.8606732, 52.385394 ], [ 4.8607114, 52.3845152 ], [ 4.8607446, 52.3843256 ], [ 4.8608118, 52.3841166 ], [ 4.8608811, 52.383965 ], [ 4.8609711, 52.3838063 ], [ 4.8613311, 52.3832993 ], [ 4.8616201, 52.3828242 ], [ 4.861805, 52.3824709 ], [ 4.8619226, 52.3822179 ], [ 4.8621179, 52.3817146 ], [ 4.8627354, 52.3817973 ], [ 4.8628103, 52.3817923 ], [ 4.8629102, 52.381799 ], [ 4.8630127, 52.3818156 ], [ 4.8630903, 52.3818366 ], [ 4.8631721, 52.3818766 ], [ 4.8637049, 52.3822725 ], [ 4.8637602, 52.3823214 ], [ 4.8637934, 52.38237 ], [ 4.8638074, 52.3824231 ], [ 4.8637959, 52.3825308 ], [ 4.8636251, 52.3828169 ], [ 4.8634857, 52.383183 ], [ 4.8649169, 52.3833815 ], [ 4.86502, 52.3831052 ], [ 4.8651182, 52.3831191 ], [ 4.8652995, 52.382684 ], [ 4.8653539, 52.3826905 ], [ 4.8654658, 52.3825319 ], [ 4.8657708, 52.3817028 ], [ 4.8658075, 52.3817075 ], [ 4.8658317, 52.3816437 ], [ 4.8660796, 52.381679 ], [ 4.8661634, 52.3817792 ], [ 4.8678204, 52.3820084 ], [ 4.867952, 52.3820691 ], [ 4.8680355, 52.3820803 ], [ 4.8675594, 52.3833536 ], [ 4.8672598, 52.384242 ], [ 4.8672553, 52.3843823 ], [ 4.866872, 52.3854987 ], [ 4.864208, 52.3854528 ], [ 4.8606732, 52.385394 ] ] ] } },
{ "type": "Feature", "properties": { "buurt_naam": "GWL-terrein", "stadsdeel": "West", "bevolking": 1225, "oppervlakte_km2": 0.0656, "bev_dichtheid": 18671.8 }, "geometry": { "type": "Polygon", "coordinates": [ [ [ 4.866872, 52.3854987 ], [ 4.8672553, 52.3843823 ], [ 4.8672598, 52.384242 ], [ 4.8675594, 52.3833536 ], [ 4.8680355, 52.3820803 ], [ 4.8706739, 52.3825349 ], [ 4.8694141, 52.3855447 ], [ 4.866872, 52.3854987 ] ] ] } },
{ "type": "Feature", "properties": { "buurt_naam": "Markthallen", "stadsdeel": "West", "bevolking": 20, "oppervlakte_km2": 0.282, "bev_dichtheid": 70.9 }, "geometry": { "type": "Polygon", "coordinates": [ [ [ 4.8621179, 52.3817146 ], [ 4.8626271, 52.3803938 ], [ 4.8644392, 52.3754128 ], [ 4.8656107, 52.3755672 ], [ 4.8661916, 52.3756254 ], [ 4.8670791, 52.3757021 ], [ 4.8677706, 52.3757303 ], [ 4.8681567, 52.375732 ], [ 4.8685064, 52.3757174 ], [ 4.8688872, 52.3756768 ], [ 4.8693275, 52.3755744 ], [ 4.8695351, 52.3755133 ], [ 4.8698125, 52.3754157 ], [ 4.8701698, 52.3758756 ], [ 4.8697588, 52.3759934 ], [ 4.8685112, 52.3793358 ], [ 4.8684406, 52.379464 ], [ 4.8681679, 52.3801936 ], [ 4.8683188, 52.3804593 ], [ 4.8682976, 52.3805141 ], [ 4.8682756, 52.3807718 ], [ 4.8678204, 52.3820084 ], [ 4.8661634, 52.3817792 ], [ 4.8660796, 52.381679 ], [ 4.8658317, 52.3816437 ], [ 4.8658075, 52.3817075 ], [ 4.8657708, 52.3817028 ], [ 4.8654658, 52.3825319 ], [ 4.8653539, 52.3826905 ], [ 4.8652995, 52.382684 ], [ 4.8651182, 52.3831191 ], [ 4.86502, 52.3831052 ], [ 4.8649169, 52.3833815 ], [ 4.8634857, 52.383183 ], [ 4.8636251, 52.3828169 ], [ 4.8637959, 52.3825308 ], [ 4.8638074, 52.3824231 ], [ 4.8637934, 52.38237 ], [ 4.8637602, 52.3823214 ], [ 4.8637049, 52.3822725 ], [ 4.8631721, 52.3818766 ], [ 4.8630903, 52.3818366 ], [ 4.8630127, 52.3818156 ], [ 4.8629102, 52.381799 ], [ 4.8628103, 52.3817923 ], [ 4.8627354, 52.3817973 ], [ 4.8621179, 52.3817146 ] ] ] } },
{ "type": "Feature", "properties": { "buurt_naam": "Marcanti", "stadsdeel": "West", "bevolking": 1025, "oppervlakte_km2": 0.0716, "bev_dichtheid": 14317.0 }, "geometry": { "type": "Polygon", "coordinates": [ [ [ 4.8644392, 52.3754128 ], [ 4.8646365, 52.3748682 ], [ 4.8646892, 52.3747569 ], [ 4.8647655, 52.3746422 ], [ 4.8648578, 52.3745357 ], [ 4.8649439, 52.3744552 ], [ 4.8672365, 52.372541 ], [ 4.8698125, 52.3754157 ], [ 4.8695351, 52.3755133 ], [ 4.8693275, 52.3755744 ], [ 4.8688872, 52.3756768 ], [ 4.8685064, 52.3757174 ], [ 4.8681567, 52.375732 ], [ 4.8677706, 52.3757303 ], [ 4.8670791, 52.3757021 ], [ 4.8661916, 52.3756254 ], [ 4.8656107, 52.3755672 ], [ 4.8644392, 52.3754128 ] ] ] } },
{ "type": "Feature", "properties": { "buurt_naam": "Westerstaatsman", "stadsdeel": "West", "bevolking": 2825, "oppervlakte_km2": 0.0999, "bev_dichtheid": 28292.2 }, "geometry": { "type": "Polygon", "coordinates": [ [ [ 4.8678204, 52.3820084 ], [ 4.8682756, 52.3807718 ], [ 4.8682976, 52.3805141 ], [ 4.8683188, 52.3804593 ], [ 4.8725122, 52.3812028 ], [ 4.8730582, 52.3812241 ], [ 4.8731302, 52.3813458 ], [ 4.871541, 52.3847847 ], [ 4.8714978, 52.3855817 ], [ 4.8694141, 52.3855447 ], [ 4.8706739, 52.3825349 ], [ 4.8680355, 52.3820803 ], [ 4.867952, 52.3820691 ], [ 4.8678204, 52.3820084 ] ] ] } },
{ "type": "Feature", "properties": { "buurt_naam": "Fannius Scholtenbuurt", "stadsdeel": "West", "bevolking": 3630, "oppervlakte_km2": 0.1106, "bev_dichtheid": 32829.6 }, "geometry": { "type": "Polygon", "coordinates": [ [ [ 4.8714978, 52.3855817 ], [ 4.871541, 52.3847847 ], [ 4.8731302, 52.3813458 ], [ 4.8730582, 52.3812241 ], [ 4.8733843, 52.3810996 ], [ 4.8737514, 52.3809818 ], [ 4.8738103, 52.3810898 ], [ 4.8738829, 52.3811764 ], [ 4.8770528, 52.383179 ], [ 4.8750577, 52.384355 ], [ 4.8749989, 52.3856445 ], [ 4.8714978, 52.3855817 ] ] ] } },
{ "type": "Feature", "properties": { "buurt_naam": "Staatsliedenbuurt-Noordoost", "stadsdeel": "West", "bevolking": 1220, "oppervlakte_km2": 0.0679, "bev_dichtheid": 17970.0 }, "geometry": { "type": "Polygon", "coordinates": [ [ [ 4.8749989, 52.3856445 ], [ 4.8750577, 52.384355 ], [ 4.8770528, 52.383179 ], [ 4.8793162, 52.384598 ], [ 4.8812437, 52.3857081 ], [ 4.8808968, 52.3857373 ], [ 4.8805427, 52.3857447 ], [ 4.8803165, 52.3857383 ], [ 4.8799453, 52.3857161 ], [ 4.8749989, 52.3856445 ] ] ] } },
{ "type": "Feature", "properties": { "buurt_naam": "De Wittenbuurt-Noord", "stadsdeel": "West", "bevolking": 1375, "oppervlakte_km2": 0.0744, "bev_dichtheid": 18488.1 }, "geometry": { "type": "Polygon", "coordinates": [ [ [ 4.8770528, 52.383179 ], [ 4.8777538, 52.382756 ], [ 4.8779326, 52.3826679 ], [ 4.8788849, 52.3821049 ], [ 4.8789664, 52.3820413 ], [ 4.8790273, 52.3819706 ], [ 4.8790664, 52.3818944 ], [ 4.8790971, 52.3817957 ], [ 4.8796037, 52.3819174 ], [ 4.8796389, 52.3819318 ], [ 4.8797041, 52.3819996 ], [ 4.8798091, 52.3820683 ], [ 4.8801015, 52.3821847 ], [ 4.8803336, 52.382306 ], [ 4.8804867, 52.3824118 ], [ 4.8806509, 52.3825654 ], [ 4.8807609, 52.3827087 ], [ 4.8816665, 52.3841803 ], [ 4.881831, 52.3844362 ], [ 4.8823513, 52.3851862 ], [ 4.8825919, 52.3854613 ], [ 4.8817514, 52.3856411 ], [ 4.8812437, 52.3857081 ], [ 4.8793162, 52.384598 ], [ 4.8770528, 52.383179 ] ] ] } },
{ "type": "Feature", "properties": { "buurt_naam": "De Wittenbuurt-Zuid", "stadsdeel": "West", "bevolking": 780, "oppervlakte_km2": 0.0462, "bev_dichtheid": 16899.6 }, "geometry": { "type": "Polygon", "coordinates": [ [ [ 4.8737514, 52.3809818 ], [ 4.8737373, 52.3808091 ], [ 4.8738046, 52.3806926 ], [ 4.873994, 52.3805694 ], [ 4.8790971, 52.3817957 ], [ 4.8790664, 52.3818944 ], [ 4.8790273, 52.3819706 ], [ 4.8789664, 52.3820413 ], [ 4.8788849, 52.3821049 ], [ 4.8779326, 52.3826679 ], [ 4.8777538, 52.382756 ], [ 4.8770528, 52.383179 ], [ 4.8738829, 52.3811764 ], [ 4.8738103, 52.3810898 ], [ 4.8737514, 52.3809818 ] ] ] } },
{ "type": "Feature", "properties": { "buurt_naam": "Buyskade e.o.", "stadsdeel": "West", "bevolking": 3125, "oppervlakte_km2": 0.13, "bev_dichtheid": 24041.8 }, "geometry": { "type": "Polygon", "coordinates": [ [ [ 4.8681679, 52.3801936 ], [ 4.8684406, 52.379464 ], [ 4.8685112, 52.3793358 ], [ 4.8697588, 52.3759934 ], [ 4.8701698, 52.3758756 ], [ 4.8704607, 52.3762498 ], [ 4.8714996, 52.3773383 ], [ 4.8723733, 52.3783577 ], [ 4.8730022, 52.3790884 ], [ 4.8732649, 52.3793582 ], [ 4.8734751, 52.3795893 ], [ 4.873994, 52.3805694 ], [ 4.8738046, 52.3806926 ], [ 4.8737373, 52.3808091 ], [ 4.8737514, 52.3809818 ], [ 4.8733843, 52.3810996 ], [ 4.8730582, 52.3812241 ], [ 4.8725122, 52.3812028 ], [ 4.8683188, 52.3804593 ], [ 4.8681679, 52.3801936 ] ] ] } },
{ "type": "Feature", "properties": { "buurt_naam": "Frederik Hendrikbuurt-Noord", "stadsdeel": "West", "bevolking": 3870, "oppervlakte_km2": 0.2115, "bev_dichtheid": 18296.5 }, "geometry": { "type": "Polygon", "coordinates": [ [ [ 4.8721093, 52.3765554 ], [ 4.8765917, 52.3754891 ], [ 4.8780137, 52.3777619 ], [ 4.8779092, 52.3777866 ], [ 4.878078, 52.3780488 ], [ 4.8781014, 52.3780436 ], [ 4.8782933, 52.3783517 ], [ 4.8781004, 52.3783994 ], [ 4.8781666, 52.3785067 ], [ 4.8798614, 52.3812201 ], [ 4.8798724, 52.3812831 ], [ 4.879854, 52.3813405 ], [ 4.879631, 52.3815877 ], [ 4.8795829, 52.3816827 ], [ 4.8795719, 52.3817393 ], [ 4.879577, 52.3818094 ], [ 4.879597, 52.3818652 ], [ 4.8796389, 52.3819318 ], [ 4.8796037, 52.3819174 ], [ 4.8790971, 52.3817957 ], [ 4.873994, 52.3805694 ], [ 4.8734751, 52.3795893 ], [ 4.8732649, 52.3793582 ], [ 4.8730022, 52.3790884 ], [ 4.8723733, 52.3783577 ], [ 4.8731655, 52.378167 ], [ 4.8721093, 52.3765554 ] ] ] } },
{ "type": "Feature", "properties": { "buurt_naam": "Frederik Hendrikbuurt-Zuidwest", "stadsdeel": "West", "bevolking": 1215, "oppervlakte_km2": 0.0839, "bev_dichtheid": 14485.0 }, "geometry": { "type": "Polygon", "coordinates": [ [ [ 4.8663579, 52.3715871 ], [ 4.8674052, 52.3717967 ], [ 4.8696453, 52.3722433 ], [ 4.8695071, 52.3725051 ], [ 4.8703001, 52.3735268 ], [ 4.8713535, 52.3749919 ], [ 4.8711222, 52.3750556 ], [ 4.8721093, 52.3765554 ], [ 4.8731655, 52.378167 ], [ 4.8723733, 52.3783577 ], [ 4.8714996, 52.3773383 ], [ 4.8704607, 52.3762498 ], [ 4.8701698, 52.3758756 ], [ 4.8698125, 52.3754157 ], [ 4.8672365, 52.372541 ], [ 4.8663579, 52.3715871 ] ] ] } },
{ "type": "Feature", "properties": { "buurt_naam": "Frederik Hendrikbuurt-Zuidoost", "stadsdeel": "West", "bevolking": 3115, "oppervlakte_km2": 0.1242, "bev_dichtheid": 25079.1 }, "geometry": { "type": "Polygon", "coordinates": [ [ [ 4.8711222, 52.3750556 ], [ 4.8713535, 52.3749919 ], [ 4.8703001, 52.3735268 ], [ 4.8695071, 52.3725051 ], [ 4.8696453, 52.3722433 ], [ 4.8754864, 52.37341 ], [ 4.8754765, 52.3737596 ], [ 4.8755139, 52.3740769 ], [ 4.8755404, 52.3742137 ], [ 4.8758534, 52.3741836 ], [ 4.8758872, 52.3743168 ], [ 4.8759948, 52.3745383 ], [ 4.8765917, 52.3754891 ], [ 4.8721093, 52.3765554 ], [ 4.8711222, 52.3750556 ] ] ] } },
{ "type": "Feature", "properties": { "buurt_naam": "Mercatorpark", "stadsdeel": "West", "bevolking": 2840, "oppervlakte_km2": 0.0978, "bev_dichtheid": 29043.3 }, "geometry": { "type": "Polygon", "coordinates": [ [ [ 4.8430285, 52.3719112 ], [ 4.8428551, 52.3719131 ], [ 4.8428541, 52.371879 ], [ 4.8427985, 52.3718625 ], [ 4.8427124, 52.3708672 ], [ 4.8425744, 52.3700298 ], [ 4.842562, 52.3698284 ], [ 4.8425695, 52.3695876 ], [ 4.8452222, 52.3696204 ], [ 4.8457213, 52.3696397 ], [ 4.8461878, 52.3696734 ], [ 4.8466175, 52.3697175 ], [ 4.8470207, 52.3697716 ], [ 4.8476289, 52.3698651 ], [ 4.8477449, 52.3696113 ], [ 4.8483589, 52.3697156 ], [ 4.8473139, 52.3718589 ], [ 4.8471692, 52.3720497 ], [ 4.8469493, 52.3721377 ], [ 4.8468989, 52.3721697 ], [ 4.8467844, 52.372412 ], [ 4.846368, 52.3723606 ], [ 4.8460855, 52.3722955 ], [ 4.8459198, 52.3722687 ], [ 4.8455547, 52.3722328 ], [ 4.8452788, 52.3722154 ], [ 4.8443936, 52.3721916 ], [ 4.8430381, 52.3722151 ], [ 4.8430285, 52.3719112 ] ] ] } },
{ "type": "Feature", "properties": { "buurt_naam": "Orteliusbuurt-Noord", "stadsdeel": "West", "bevolking": 1300, "oppervlakte_km2": 0.0425, "bev_dichtheid": 30618.5 }, "geometry": { "type": "Polygon", "coordinates": [ [ [ 4.8467844, 52.372412 ], [ 4.8468989, 52.3721697 ], [ 4.8469493, 52.3721377 ], [ 4.8471692, 52.3720497 ], [ 4.8473139, 52.3718589 ], [ 4.8483589, 52.3697156 ], [ 4.8502654, 52.3700388 ], [ 4.8501687, 52.3702604 ], [ 4.8488804, 52.3727432 ], [ 4.8471248, 52.3724422 ], [ 4.8467844, 52.372412 ] ] ] } },
{ "type": "Feature", "properties": { "buurt_naam": "Jan Maijenbuurt", "stadsdeel": "West", "bevolking": 2210, "oppervlakte_km2": 0.0781, "bev_dichtheid": 28303.9 }, "geometry": { "type": "Polygon", "coordinates": [ [ [ 4.8488804, 52.3727432 ], [ 4.8501687, 52.3702604 ], [ 4.8502654, 52.3700388 ], [ 4.8536942, 52.3706358 ], [ 4.8524171, 52.3734018 ], [ 4.8511233, 52.3731731 ], [ 4.8499938, 52.3729442 ], [ 4.8493141, 52.3728152 ], [ 4.8488804, 52.3727432 ] ] ] } },
{ "type": "Feature", "properties": { "buurt_naam": "John Franklinbuurt", "stadsdeel": "West", "bevolking": 1870, "oppervlakte_km2": 0.0746, "bev_dichtheid": 25061.3 }, "geometry": { "type": "Polygon", "coordinates": [ [ [ 4.8524171, 52.3734018 ], [ 4.8536942, 52.3706358 ], [ 4.8565561, 52.3711267 ], [ 4.8555688, 52.3743579 ], [ 4.8551025, 52.3742955 ], [ 4.8549531, 52.374267 ], [ 4.8548112, 52.3742296 ], [ 4.8546561, 52.3741749 ], [ 4.853148, 52.373556 ], [ 4.8528978, 52.3734857 ], [ 4.8524171, 52.3734018 ] ] ] } },
{ "type": "Feature", "properties": { "buurt_naam": "Pieter van der Doesbuurt", "stadsdeel": "West", "bevolking": 1860, "oppervlakte_km2": 0.0747, "bev_dichtheid": 24903.3 }, "geometry": { "type": "Polygon", "coordinates": [ [ [ 4.8555688, 52.3743579 ], [ 4.8565561, 52.3711267 ], [ 4.856981, 52.3711978 ], [ 4.8578883, 52.3713259 ], [ 4.8588928, 52.3714455 ], [ 4.8590761, 52.3714589 ], [ 4.8596086, 52.3715142 ], [ 4.8594928, 52.3717438 ], [ 4.8593266, 52.3722644 ], [ 4.8592051, 52.3725936 ], [ 4.8585698, 52.3746553 ], [ 4.8576923, 52.3745993 ], [ 4.8555688, 52.3743579 ] ] ] } },
{ "type": "Feature", "properties": { "buurt_naam": "Trompbuurt", "stadsdeel": "West", "bevolking": 3035, "oppervlakte_km2": 0.1226, "bev_dichtheid": 24754.1 }, "geometry": { "type": "Polygon", "coordinates": [ [ [ 4.8585698, 52.3746553 ], [ 4.8592051, 52.3725936 ], [ 4.8593266, 52.3722644 ], [ 4.8594928, 52.3717438 ], [ 4.8596086, 52.3715142 ], [ 4.8597731, 52.3715168 ], [ 4.8599686, 52.3714988 ], [ 4.8629972, 52.3709271 ], [ 4.8632654, 52.3708492 ], [ 4.8636566, 52.3706675 ], [ 4.8635747, 52.3722544 ], [ 4.8635495, 52.3725212 ], [ 4.8634714, 52.3730529 ], [ 4.8633608, 52.3735836 ], [ 4.8632932, 52.3738475 ], [ 4.8628675, 52.3751983 ], [ 4.8620713, 52.3750914 ], [ 4.8604581, 52.3749135 ], [ 4.8597503, 52.3747908 ], [ 4.8587033, 52.3746648 ], [ 4.8585698, 52.3746553 ] ] ] } },
{ "type": "Feature", "properties": { "buurt_naam": "Geuzenhofbuurt", "stadsdeel": "West", "bevolking": 1670, "oppervlakte_km2": 0.0933, "bev_dichtheid": 17895.2 }, "geometry": { "type": "Polygon", "coordinates": [ [ [ 4.8628675, 52.3751983 ], [ 4.8632932, 52.3738475 ], [ 4.8633608, 52.3735836 ], [ 4.8634714, 52.3730529 ], [ 4.8635495, 52.3725212 ], [ 4.8635747, 52.3722544 ], [ 4.8636566, 52.3706675 ], [ 4.864039, 52.3704868 ], [ 4.8650269, 52.3701387 ], [ 4.8663579, 52.3715871 ], [ 4.8672365, 52.372541 ], [ 4.8649439, 52.3744552 ], [ 4.8648578, 52.3745357 ], [ 4.8647655, 52.3746422 ], [ 4.8646892, 52.3747569 ], [ 4.8646365, 52.3748682 ], [ 4.8644392, 52.3754128 ], [ 4.8628675, 52.3751983 ] ] ] } },
{ "type": "Feature", "properties": { "buurt_naam": "Orteliusbuurt-Midden", "stadsdeel": "West", "bevolking": 1850, "oppervlakte_km2": 0.0607, "bev_dichtheid": 30494.3 }, "geometry": { "type": "Polygon", "coordinates": [ [ [ 4.8483589, 52.3697156 ], [ 4.8487073, 52.3689586 ], [ 4.8486783, 52.3689325 ], [ 4.8497051, 52.3667054 ], [ 4.8524875, 52.3671872 ], [ 4.8515875, 52.3691442 ], [ 4.850739, 52.3689993 ], [ 4.8502654, 52.3700388 ], [ 4.8483589, 52.3697156 ] ] ] } },
{ "type": "Feature", "properties": { "buurt_naam": "Balboaplein e.o.", "stadsdeel": "West", "bevolking": 2950, "oppervlakte_km2": 0.1197, "bev_dichtheid": 24654.8 }, "geometry": { "type": "Polygon", "coordinates": [ [ [ 4.8502654, 52.3700388 ], [ 4.850739, 52.3689993 ], [ 4.8515875, 52.3691442 ], [ 4.8524875, 52.3671872 ], [ 4.8534017, 52.3673459 ], [ 4.8531922, 52.3678104 ], [ 4.8562998, 52.368344 ], [ 4.8573674, 52.3684655 ], [ 4.8565561, 52.3711267 ], [ 4.8536942, 52.3706358 ], [ 4.8502654, 52.3700388 ] ] ] } },
{ "type": "Feature", "properties": { "buurt_naam": "Orteliusbuurt-Zuid", "stadsdeel": "West", "bevolking": 1850, "oppervlakte_km2": 0.0833, "bev_dichtheid": 22218.2 }, "geometry": { "type": "Polygon", "coordinates": [ [ [ 4.8491875, 52.3642252 ], [ 4.8492154, 52.363367 ], [ 4.8494606, 52.3633672 ], [ 4.851657, 52.3633699 ], [ 4.8531904, 52.363553 ], [ 4.8531135, 52.3657942 ], [ 4.8530785, 52.3659055 ], [ 4.8524875, 52.3671872 ], [ 4.8497051, 52.3667054 ], [ 4.8503233, 52.3653655 ], [ 4.8503863, 52.3653757 ], [ 4.8504528, 52.365216 ], [ 4.8504666, 52.3651576 ], [ 4.8504983, 52.3642401 ], [ 4.8491875, 52.3642252 ] ] ] } },
{ "type": "Feature", "properties": { "buurt_naam": "Columbusplein e.o.", "stadsdeel": "West", "bevolking": 3395, "oppervlakte_km2": 0.1545, "bev_dichtheid": 21969.0 }, "geometry": { "type": "Polygon", "coordinates": [ [ [ 4.8524875, 52.3671872 ], [ 4.8530785, 52.3659055 ], [ 4.8531135, 52.3657942 ], [ 4.8531904, 52.363553 ], [ 4.8556752, 52.3638572 ], [ 4.8566053, 52.364166 ], [ 4.8576362, 52.3642578 ], [ 4.8582536, 52.3642084 ], [ 4.8582042, 52.364272 ], [ 4.8581831, 52.3643277 ], [ 4.8575706, 52.3677977 ], [ 4.8573674, 52.3684655 ], [ 4.8562998, 52.368344 ], [ 4.8531922, 52.3678104 ], [ 4.8534017, 52.3673459 ], [ 4.8524875, 52.3671872 ] ] ] } },
{ "type": "Feature", "properties": { "buurt_naam": "Filips van Almondekwartier", "stadsdeel": "West", "bevolking": 1085, "oppervlakte_km2": 0.0449, "bev_dichtheid": 24174.0 }, "geometry": { "type": "Polygon", "coordinates": [ [ [ 4.8565561, 52.3711267 ], [ 4.8573674, 52.3684655 ], [ 4.8590007, 52.3686606 ], [ 4.859021, 52.3688081 ], [ 4.8592411, 52.3693062 ], [ 4.8592574, 52.3694257 ], [ 4.8588928, 52.3714455 ], [ 4.8578883, 52.3713259 ], [ 4.856981, 52.3711978 ], [ 4.8565561, 52.3711267 ] ] ] } },
{ "type": "Feature", "properties": { "buurt_naam": "Kortenaerkwartier", "stadsdeel": "West", "bevolking": 2185, "oppervlakte_km2": 0.0991, "bev_dichtheid": 22047.8 }, "geometry": { "type": "Polygon", "coordinates": [ [ [ 4.8588928, 52.3714455 ], [ 4.8592574, 52.3694257 ], [ 4.8592411, 52.3693062 ], [ 4.859021, 52.3688081 ], [ 4.8590007, 52.3686606 ], [ 4.8592046, 52.3686858 ], [ 4.861498, 52.3688102 ], [ 4.8632843, 52.3682392 ], [ 4.8650269, 52.3701387 ], [ 4.864039, 52.3704868 ], [ 4.8636566, 52.3706675 ], [ 4.8632654, 52.3708492 ], [ 4.8629972, 52.3709271 ], [ 4.8599686, 52.3714988 ], [ 4.8597731, 52.3715168 ], [ 4.8596086, 52.3715142 ], [ 4.8590761, 52.3714589 ], [ 4.8588928, 52.3714455 ] ] ] } },
{ "type": "Feature", "properties": { "buurt_naam": "Van Brakelkwartier", "stadsdeel": "West", "bevolking": 970, "oppervlakte_km2": 0.0534, "bev_dichtheid": 18171.6 }, "geometry": { "type": "Polygon", "coordinates": [ [ [ 4.8573674, 52.3684655 ], [ 4.8575706, 52.3677977 ], [ 4.8581831, 52.3643277 ], [ 4.8582042, 52.364272 ], [ 4.8582536, 52.3642084 ], [ 4.8583423, 52.364145 ], [ 4.8592392, 52.3636708 ], [ 4.8600709, 52.3645993 ], [ 4.8597452, 52.3647058 ], [ 4.859683, 52.3647334 ], [ 4.8596313, 52.3647673 ], [ 4.8595927, 52.3648076 ], [ 4.8595582, 52.3648739 ], [ 4.8593427, 52.3659569 ], [ 4.8592209, 52.3666843 ], [ 4.8591054, 52.3680157 ], [ 4.8590007, 52.3686606 ], [ 4.8573674, 52.3684655 ] ] ] } },
{ "type": "Feature", "properties": { "buurt_naam": "De Wester Quartier", "stadsdeel": "West", "bevolking": 1705, "oppervlakte_km2": 0.0772, "bev_dichtheid": 22081.2 }, "geometry": { "type": "Polygon", "coordinates": [ [ [ 4.8590007, 52.3686606 ], [ 4.8591054, 52.3680157 ], [ 4.8592209, 52.3666843 ], [ 4.8593427, 52.3659569 ], [ 4.8595582, 52.3648739 ], [ 4.8595927, 52.3648076 ], [ 4.8596313, 52.3647673 ], [ 4.859683, 52.3647334 ], [ 4.8597452, 52.3647058 ], [ 4.8600709, 52.3645993 ], [ 4.8613013, 52.3660798 ], [ 4.8622593, 52.367122 ], [ 4.8632843, 52.3682392 ], [ 4.861498, 52.3688102 ], [ 4.8592046, 52.3686858 ], [ 4.8590007, 52.3686606 ] ] ] } },
{ "type": "Feature", "properties": { "buurt_naam": "Bellamybuurt-Noord", "stadsdeel": "West", "bevolking": 2390, "oppervlakte_km2": 0.1096, "bev_dichtheid": 21798.6 }, "geometry": { "type": "Polygon", "coordinates": [ [ [ 4.8622593, 52.367122 ], [ 4.8659557, 52.3680739 ], [ 4.8670276, 52.3683113 ], [ 4.8671668, 52.3683291 ], [ 4.8673092, 52.368336 ], [ 4.8682125, 52.3683057 ], [ 4.8683241, 52.3683054 ], [ 4.8684164, 52.3683147 ], [ 4.8685192, 52.3683332 ], [ 4.8695864, 52.3686048 ], [ 4.8674052, 52.3717967 ], [ 4.8663579, 52.3715871 ], [ 4.8650269, 52.3701387 ], [ 4.8632843, 52.3682392 ], [ 4.8622593, 52.367122 ] ] ] } },
{ "type": "Feature", "properties": { "buurt_naam": "Bellamybuurt-Zuid", "stadsdeel": "West", "bevolking": 3860, "oppervlakte_km2": 0.1632, "bev_dichtheid": 23654.4 }, "geometry": { "type": "Polygon", "coordinates": [ [ [ 4.8600709, 52.3645993 ], [ 4.8606088, 52.3644256 ], [ 4.8607647, 52.3644021 ], [ 4.8609424, 52.364401 ], [ 4.8611314, 52.3644297 ], [ 4.8626833, 52.3648078 ], [ 4.8671924, 52.3658918 ], [ 4.8686649, 52.3662702 ], [ 4.8708093, 52.3668503 ], [ 4.8695864, 52.3686048 ], [ 4.8685192, 52.3683332 ], [ 4.8684164, 52.3683147 ], [ 4.8683241, 52.3683054 ], [ 4.8682125, 52.3683057 ], [ 4.8673092, 52.368336 ], [ 4.8671668, 52.3683291 ], [ 4.8670276, 52.3683113 ], [ 4.8659557, 52.3680739 ], [ 4.8622593, 52.367122 ], [ 4.8613013, 52.3660798 ], [ 4.8600709, 52.3645993 ] ] ] } },
{ "type": "Feature", "properties": { "buurt_naam": "Da Costabuurt-Noord", "stadsdeel": "West", "bevolking": 4710, "oppervlakte_km2": 0.2575, "bev_dichtheid": 18290.6 }, "geometry": { "type": "Polygon", "coordinates": [ [ [ 4.8674052, 52.3717967 ], [ 4.8695864, 52.3686048 ], [ 4.8708093, 52.3668503 ], [ 4.8737989, 52.3677144 ], [ 4.8768085, 52.3685031 ], [ 4.8766788, 52.3686768 ], [ 4.8763026, 52.3689664 ], [ 4.8759925, 52.3692536 ], [ 4.8758065, 52.3694613 ], [ 4.8756737, 52.3696396 ], [ 4.875045, 52.370683 ], [ 4.874504, 52.3718886 ], [ 4.874452, 52.3720601 ], [ 4.8744401, 52.3722011 ], [ 4.8744828, 52.3723236 ], [ 4.8745562, 52.3724497 ], [ 4.8746458, 52.3725625 ], [ 4.8747824, 52.3726897 ], [ 4.8748306, 52.3727268 ], [ 4.8751689, 52.3729242 ], [ 4.8752359, 52.3729739 ], [ 4.8752955, 52.3730353 ], [ 4.8753837, 52.3731498 ], [ 4.8754312, 52.3732354 ], [ 4.8754864, 52.37341 ], [ 4.8696453, 52.3722433 ], [ 4.8674052, 52.3717967 ] ] ] } },
{ "type": "Feature", "properties": { "buurt_naam": "Postjeskade e.o.", "stadsdeel": "West", "bevolking": 2955, "oppervlakte_km2": 0.1749, "bev_dichtheid": 16897.8 }, "geometry": { "type": "Polygon", "coordinates": [ [ [ 4.8495149, 52.3609498 ], [ 4.8488902, 52.3607591 ], [ 4.848885, 52.3580448 ], [ 4.848891, 52.3579137 ], [ 4.8500418, 52.3579225 ], [ 4.8502868, 52.3579173 ], [ 4.8505746, 52.3579123 ], [ 4.852176, 52.357924 ], [ 4.8524567, 52.3579073 ], [ 4.8526505, 52.3579154 ], [ 4.8528439, 52.3579395 ], [ 4.8530078, 52.3579889 ], [ 4.8534044, 52.3580734 ], [ 4.853551, 52.3580973 ], [ 4.8536229, 52.3580932 ], [ 4.8538969, 52.3580243 ], [ 4.8534551, 52.3589894 ], [ 4.8532413, 52.363103 ], [ 4.8531904, 52.363553 ], [ 4.851657, 52.3633699 ], [ 4.8494606, 52.3633672 ], [ 4.8495149, 52.3609498 ] ] ] } },
{ "type": "Feature", "properties": { "buurt_naam": "Paramariboplein e.o.", "stadsdeel": "West", "bevolking": 3775, "oppervlakte_km2": 0.1706, "bev_dichtheid": 22122.5 }, "geometry": { "type": "Polygon", "coordinates": [ [ [ 4.8531904, 52.363553 ], [ 4.8532413, 52.363103 ], [ 4.8534551, 52.3589894 ], [ 4.8538969, 52.3580243 ], [ 4.8547807, 52.3577559 ], [ 4.8548646, 52.3578615 ], [ 4.8564428, 52.3598188 ], [ 4.8567048, 52.3601202 ], [ 4.8568321, 52.3602897 ], [ 4.8569705, 52.3605016 ], [ 4.8570855, 52.3607106 ], [ 4.8571856, 52.3609304 ], [ 4.8573295, 52.3612968 ], [ 4.8574557, 52.3615499 ], [ 4.8576372, 52.361841 ], [ 4.8578541, 52.3621224 ], [ 4.8592392, 52.3636708 ], [ 4.8583423, 52.364145 ], [ 4.8582536, 52.3642084 ], [ 4.8576362, 52.3642578 ], [ 4.8566053, 52.364166 ], [ 4.8556752, 52.3638572 ], [ 4.8531904, 52.363553 ] ] ] } },
{ "type": "Feature", "properties": { "buurt_naam": "Lootsbuurt", "stadsdeel": "West", "bevolking": 1855, "oppervlakte_km2": 0.0741, "bev_dichtheid": 25034.8 }, "geometry": { "type": "Polygon", "coordinates": [ [ [ 4.8592392, 52.3636708 ], [ 4.8578541, 52.3621224 ], [ 4.8576372, 52.361841 ], [ 4.8574557, 52.3615499 ], [ 4.8637843, 52.3630672 ], [ 4.8626833, 52.3648078 ], [ 4.8611314, 52.3644297 ], [ 4.8609424, 52.364401 ], [ 4.8607647, 52.3644021 ], [ 4.8606088, 52.3644256 ], [ 4.8600709, 52.3645993 ], [ 4.8592392, 52.3636708 ] ] ] } },
{ "type": "Feature", "properties": { "buurt_naam": "Borgerbuurt", "stadsdeel": "West", "bevolking": 2820, "oppervlakte_km2": 0.1243, "bev_dichtheid": 22678.5 }, "geometry": { "type": "Polygon", "coordinates": [ [ [ 4.8626833, 52.3648078 ], [ 4.8637843, 52.3630672 ], [ 4.8667135, 52.363783 ], [ 4.8694734, 52.3644367 ], [ 4.8714769, 52.3649883 ], [ 4.8719845, 52.3651469 ], [ 4.8708093, 52.3668503 ], [ 4.8686649, 52.3662702 ], [ 4.8671924, 52.3658918 ], [ 4.8626833, 52.3648078 ] ] ] } },
{ "type": "Feature", "properties": { "buurt_naam": "Da Costabuurt-Zuid", "stadsdeel": "West", "bevolking": 2225, "oppervlakte_km2": 0.0881, "bev_dichtheid": 25252.8 }, "geometry": { "type": "Polygon", "coordinates": [ [ [ 4.8708093, 52.3668503 ], [ 4.8719845, 52.3651469 ], [ 4.8733526, 52.3655501 ], [ 4.8775185, 52.3667715 ], [ 4.8774313, 52.3669535 ], [ 4.8773492, 52.3671833 ], [ 4.8773202, 52.3673009 ], [ 4.8772655, 52.3677025 ], [ 4.8771987, 52.367898 ], [ 4.8770876, 52.368108 ], [ 4.8768085, 52.3685031 ], [ 4.8737989, 52.3677144 ], [ 4.8708093, 52.3668503 ] ] ] } },
{ "type": "Feature", "properties": { "buurt_naam": "Cremerbuurt-West", "stadsdeel": "West", "bevolking": 5580, "oppervlakte_km2": 0.2052, "bev_dichtheid": 27190.2 }, "geometry": { "type": "Polygon", "coordinates": [ [ [ 4.8548646, 52.3578615 ], [ 4.855068, 52.3577995 ], [ 4.8552885, 52.3577663 ], [ 4.8555161, 52.3577638 ], [ 4.8557389, 52.3577917 ], [ 4.8570073, 52.3581524 ], [ 4.8619946, 52.3594652 ], [ 4.8637688, 52.3598901 ], [ 4.8646925, 52.3601008 ], [ 4.8655387, 52.3602951 ], [ 4.8651838, 52.3608993 ], [ 4.8648805, 52.3613563 ], [ 4.8637843, 52.3630672 ], [ 4.8574557, 52.3615499 ], [ 4.8573295, 52.3612968 ], [ 4.8571856, 52.3609304 ], [ 4.8570855, 52.3607106 ], [ 4.8569705, 52.3605016 ], [ 4.8568321, 52.3602897 ], [ 4.8567048, 52.3601202 ], [ 4.8564428, 52.3598188 ], [ 4.8548646, 52.3578615 ] ] ] } },
{ "type": "Feature", "properties": { "buurt_naam": "Vondelparkbuurt-West", "stadsdeel": "West", "bevolking": 2095, "oppervlakte_km2": 0.1022, "bev_dichtheid": 20494.2 }, "geometry": { "type": "Polygon", "coordinates": [ [ [ 4.8541233, 52.3565226 ], [ 4.8550846, 52.3564101 ], [ 4.8589437, 52.3574051 ], [ 4.8598071, 52.3576175 ], [ 4.8618224, 52.3581361 ], [ 4.8618118, 52.358154 ], [ 4.862248, 52.3582628 ], [ 4.8622569, 52.3582503 ], [ 4.8631791, 52.3584809 ], [ 4.8631851, 52.358472 ], [ 4.8636711, 52.3585811 ], [ 4.8654512, 52.3590086 ], [ 4.8652641, 52.3592001 ], [ 4.8649338, 52.3596821 ], [ 4.8646925, 52.3601008 ], [ 4.8637688, 52.3598901 ], [ 4.8619946, 52.3594652 ], [ 4.8570073, 52.3581524 ], [ 4.8557389, 52.3577917 ], [ 4.8555161, 52.3577638 ], [ 4.8552885, 52.3577663 ], [ 4.855068, 52.3577995 ], [ 4.8548646, 52.3578615 ], [ 4.8547807, 52.3577559 ], [ 4.8543297, 52.3571832 ], [ 4.8541233, 52.3565226 ] ] ] } },
{ "type": "Feature", "properties": { "buurt_naam": "Cremerbuurt-Oost", "stadsdeel": "West", "bevolking": 2250, "oppervlakte_km2": 0.0687, "bev_dichtheid": 32753.5 }, "geometry": { "type": "Polygon", "coordinates": [ [ [ 4.8637843, 52.3630672 ], [ 4.8648805, 52.3613563 ], [ 4.8651838, 52.3608993 ], [ 4.8655387, 52.3602951 ], [ 4.8679166, 52.3608331 ], [ 4.8674656, 52.3614899 ], [ 4.8681695, 52.3616799 ], [ 4.8667135, 52.363783 ], [ 4.8637843, 52.3630672 ] ] ] } },
{ "type": "Feature", "properties": { "buurt_naam": "WG-terrein", "stadsdeel": "West", "bevolking": 2550, "oppervlakte_km2": 0.1672, "bev_dichtheid": 15253.8 }, "geometry": { "type": "Polygon", "coordinates": [ [ [ 4.8667135, 52.363783 ], [ 4.8681695, 52.3616799 ], [ 4.8674656, 52.3614899 ], [ 4.8679166, 52.3608331 ], [ 4.8683294, 52.3609301 ], [ 4.8689895, 52.361102 ], [ 4.8736276, 52.3623229 ], [ 4.8752935, 52.3627507 ], [ 4.8733526, 52.3655501 ], [ 4.8719845, 52.3651469 ], [ 4.8714769, 52.3649883 ], [ 4.8694734, 52.3644367 ], [ 4.8667135, 52.363783 ] ] ] } },
{ "type": "Feature", "properties": { "buurt_naam": "Helmersbuurt-Oost", "stadsdeel": "West", "bevolking": 2600, "oppervlakte_km2": 0.1121, "bev_dichtheid": 23196.5 }, "geometry": { "type": "Polygon", "coordinates": [ [ [ 4.8733526, 52.3655501 ], [ 4.8752935, 52.3627507 ], [ 4.8764351, 52.363055 ], [ 4.878868, 52.3638032 ], [ 4.8787115, 52.3639958 ], [ 4.8786411, 52.3641286 ], [ 4.8793169, 52.3643435 ], [ 4.8792639, 52.3644862 ], [ 4.87923, 52.3646316 ], [ 4.879218, 52.3647781 ], [ 4.8792251, 52.3649247 ], [ 4.8792317, 52.3649877 ], [ 4.8792184, 52.3651268 ], [ 4.879186, 52.3652607 ], [ 4.8791362, 52.3653818 ], [ 4.8790702, 52.3655019 ], [ 4.8789599, 52.3656632 ], [ 4.8788169, 52.3658343 ], [ 4.8787011, 52.365947 ], [ 4.8785336, 52.3660811 ], [ 4.8783975, 52.3661731 ], [ 4.8781376, 52.3663095 ], [ 4.8778891, 52.3664666 ], [ 4.8777262, 52.3665881 ], [ 4.8775185, 52.3667715 ], [ 4.8733526, 52.3655501 ] ] ] } },
{ "type": "Feature", "properties": { "buurt_naam": "Vondelparkbuurt-Midden", "stadsdeel": "West", "bevolking": 925, "oppervlakte_km2": 0.0908, "bev_dichtheid": 10191.7 }, "geometry": { "type": "Polygon", "coordinates": [ [ [ 4.8646925, 52.3601008 ], [ 4.8649338, 52.3596821 ], [ 4.8652641, 52.3592001 ], [ 4.8654512, 52.3590086 ], [ 4.8654848, 52.3590142 ], [ 4.8655248, 52.3588624 ], [ 4.8655395, 52.3588534 ], [ 4.8657998, 52.3588223 ], [ 4.8659087, 52.3589351 ], [ 4.8659094, 52.3591193 ], [ 4.8668814, 52.3593519 ], [ 4.8681522, 52.3596433 ], [ 4.8686454, 52.3597694 ], [ 4.8699582, 52.3601239 ], [ 4.870061, 52.3599832 ], [ 4.8712465, 52.3602841 ], [ 4.8713033, 52.3602026 ], [ 4.8714762, 52.3602474 ], [ 4.8712759, 52.3605413 ], [ 4.8713902, 52.3605697 ], [ 4.8715408, 52.3603563 ], [ 4.8718462, 52.3603514 ], [ 4.8719165, 52.3603606 ], [ 4.8721803, 52.3604085 ], [ 4.8724556, 52.3604763 ], [ 4.8730173, 52.3606459 ], [ 4.8732906, 52.3607513 ], [ 4.8735197, 52.3607388 ], [ 4.8736077, 52.3607527 ], [ 4.8737276, 52.3607847 ], [ 4.8737891, 52.3608074 ], [ 4.8738281, 52.3608552 ], [ 4.8738576, 52.3609767 ], [ 4.8739366, 52.3609977 ], [ 4.8738531, 52.3611124 ], [ 4.8739713, 52.3611686 ], [ 4.8740659, 52.3612472 ], [ 4.8740962, 52.361294 ], [ 4.8740919, 52.3614046 ], [ 4.8740617, 52.361489 ], [ 4.8739205, 52.3617589 ], [ 4.8738443, 52.3619923 ], [ 4.8736276, 52.3623229 ], [ 4.8689895, 52.361102 ], [ 4.8683294, 52.3609301 ], [ 4.8679166, 52.3608331 ], [ 4.8655387, 52.3602951 ], [ 4.8646925, 52.3601008 ] ] ] } },
{ "type": "Feature", "properties": { "buurt_naam": "Vondelparkbuurt-Oost", "stadsdeel": "West", "bevolking": 900, "oppervlakte_km2": 0.1296, "bev_dichtheid": 6943.8 }, "geometry": { "type": "Polygon", "coordinates": [ [ [ 4.8736276, 52.3623229 ], [ 4.8738443, 52.3619923 ], [ 4.8739205, 52.3617589 ], [ 4.8740617, 52.361489 ], [ 4.8740919, 52.3614046 ], [ 4.8740962, 52.361294 ], [ 4.8740659, 52.3612472 ], [ 4.8739713, 52.3611686 ], [ 4.8738531, 52.3611124 ], [ 4.8739366, 52.3609977 ], [ 4.8740186, 52.3610188 ], [ 4.8740762, 52.3609822 ], [ 4.8741586, 52.3609645 ], [ 4.874253, 52.3609316 ], [ 4.8743954, 52.3609277 ], [ 4.8746055, 52.3609107 ], [ 4.8750297, 52.3607849 ], [ 4.8752454, 52.3606824 ], [ 4.8753158, 52.3606738 ], [ 4.8753937, 52.3606804 ], [ 4.8754697, 52.3607067 ], [ 4.8755323, 52.3607502 ], [ 4.8756019, 52.3608188 ], [ 4.8758256, 52.3607694 ], [ 4.8758688, 52.3607166 ], [ 4.8761849, 52.360807 ], [ 4.8762591, 52.360738 ], [ 4.8764962, 52.3607992 ], [ 4.8765664, 52.3606981 ], [ 4.8765563, 52.3606809 ], [ 4.8765936, 52.3606263 ], [ 4.8766201, 52.3606174 ], [ 4.8766337, 52.3605806 ], [ 4.8769528, 52.3606601 ], [ 4.8769335, 52.3606888 ], [ 4.8770359, 52.3607144 ], [ 4.877021, 52.3607378 ], [ 4.8769842, 52.3607357 ], [ 4.8769678, 52.36076 ], [ 4.8769164, 52.3607741 ], [ 4.8768886, 52.3607668 ], [ 4.8767482, 52.3609685 ], [ 4.8771975, 52.3610953 ], [ 4.8773587, 52.3608632 ], [ 4.877388, 52.3608715 ], [ 4.8774535, 52.360781 ], [ 4.8785863, 52.3610931 ], [ 4.8806031, 52.361632 ], [ 4.8820987, 52.3620564 ], [ 4.8819629, 52.3621196 ], [ 4.8818535, 52.3621857 ], [ 4.8817482, 52.3622805 ], [ 4.8817153, 52.3623226 ], [ 4.88166, 52.3624167 ], [ 4.8816207, 52.3625091 ], [ 4.8815767, 52.3627651 ], [ 4.881516, 52.3629383 ], [ 4.8814126, 52.3631275 ], [ 4.8812362, 52.3632696 ], [ 4.8811207, 52.3633617 ], [ 4.8808514, 52.363543 ], [ 4.8807081, 52.3636269 ], [ 4.8805427, 52.3637097 ], [ 4.8802596, 52.3638244 ], [ 4.8800621, 52.3638884 ], [ 4.8797808, 52.3639636 ], [ 4.8796038, 52.3640393 ], [ 4.8794958, 52.3641089 ], [ 4.8794202, 52.3641786 ], [ 4.879359, 52.3642583 ], [ 4.8793169, 52.3643435 ], [ 4.8786411, 52.3641286 ], [ 4.8787115, 52.3639958 ], [ 4.878868, 52.3638032 ], [ 4.8764351, 52.363055 ], [ 4.8752935, 52.3627507 ], [ 4.8736276, 52.3623229 ] ] ] } },
{ "type": "Feature", "properties": { "buurt_naam": "Sloterdijk De Heining", "stadsdeel": "Nieuw-West", "bevolking": 25, "oppervlakte_km2": 1.1213, "bev_dichtheid": 22.3 }, "geometry": { "type": "Polygon", "coordinates": [ [ [ 4.7574893, 52.3968856 ], [ 4.7576, 52.396852 ], [ 4.7576831, 52.3968003 ], [ 4.7577542, 52.396745 ], [ 4.7578259, 52.3966662 ], [ 4.7578652, 52.39659 ], [ 4.7578738, 52.3965038 ], [ 4.7578849, 52.3960249 ], [ 4.7579025, 52.3957203 ], [ 4.7579302, 52.3954265 ], [ 4.7579584, 52.3949917 ], [ 4.7579954, 52.3945551 ], [ 4.7580174, 52.3940321 ], [ 4.7580143, 52.3937301 ], [ 4.7580174, 52.3932089 ], [ 4.7580258, 52.3929303 ], [ 4.7580365, 52.3919615 ], [ 4.7580552, 52.390954 ], [ 4.7580133, 52.3895526 ], [ 4.7583062, 52.3879518 ], [ 4.76609, 52.3879577 ], [ 4.7664941, 52.388375 ], [ 4.7689252, 52.3883786 ], [ 4.7695504, 52.3891576 ], [ 4.7709963, 52.3918847 ], [ 4.7717841, 52.3932325 ], [ 4.7720962, 52.3938326 ], [ 4.7727148, 52.3943563 ], [ 4.7729918, 52.3948251 ], [ 4.7706337, 52.3973734 ], [ 4.7706994, 52.3977224 ], [ 4.7707359, 52.3978467 ], [ 4.7708566, 52.3980451 ], [ 4.7710056, 52.398213 ], [ 4.7712529, 52.3983905 ], [ 4.7692293, 52.3989425 ], [ 4.7689228, 52.3990128 ], [ 4.767413, 52.3992692 ], [ 4.7654141, 52.3995328 ], [ 4.7647682, 52.3995923 ], [ 4.7598209, 52.4002162 ], [ 4.7593721, 52.3989097 ], [ 4.758294, 52.399205 ], [ 4.7574893, 52.3968856 ] ] ] } },
{ "type": "Feature", "properties": { "buurt_naam": "Sloterdijk Poort-Noord", "stadsdeel": "Nieuw-West", "bevolking": 20, "oppervlakte_km2": 1.4355, "bev_dichtheid": 13.9 }, "geometry": { "type": "Polygon", "coordinates": [ [ [ 4.7727148, 52.3943563 ], [ 4.7720962, 52.3938326 ], [ 4.7717841, 52.3932325 ], [ 4.7709963, 52.3918847 ], [ 4.7695504, 52.3891576 ], [ 4.7700102, 52.3891573 ], [ 4.7703394, 52.3894664 ], [ 4.7706151, 52.3897059 ], [ 4.7707895, 52.3898471 ], [ 4.7711337, 52.3901364 ], [ 4.7715119, 52.3904 ], [ 4.7718774, 52.390631 ], [ 4.7722957, 52.3908795 ], [ 4.772803, 52.3911634 ], [ 4.7732596, 52.3913959 ], [ 4.7737411, 52.3916239 ], [ 4.7741019, 52.3917814 ], [ 4.7747195, 52.3920568 ], [ 4.7755059, 52.3923385 ], [ 4.7762801, 52.39256 ], [ 4.7770676, 52.3927663 ], [ 4.7778367, 52.392933 ], [ 4.7783128, 52.3930226 ], [ 4.7789065, 52.3931227 ], [ 4.7795867, 52.3932268 ], [ 4.780395, 52.3933181 ], [ 4.7810996, 52.3933658 ], [ 4.7819233, 52.3933898 ], [ 4.7829398, 52.3934084 ], [ 4.7839902, 52.3934138 ], [ 4.7876336, 52.3934088 ], [ 4.7894377, 52.3934036 ], [ 4.791349, 52.3934132 ], [ 4.7944252, 52.393416 ], [ 4.7965878, 52.3934123 ], [ 4.8000108, 52.3934123 ], [ 4.8013112, 52.3934035 ], [ 4.8022237, 52.3933846 ], [ 4.8027676, 52.393363 ], [ 4.8030618, 52.3933438 ], [ 4.803084, 52.3938885 ], [ 4.8031087, 52.3942364 ], [ 4.803275, 52.3942228 ], [ 4.8040561, 52.394135 ], [ 4.8043369, 52.3941184 ], [ 4.804707, 52.3941265 ], [ 4.8049449, 52.3941519 ], [ 4.8051162, 52.3941834 ], [ 4.8053405, 52.394233 ], [ 4.8055234, 52.3942798 ], [ 4.8057517, 52.3943519 ], [ 4.8059898, 52.3944456 ], [ 4.8058783, 52.3945574 ], [ 4.8057994, 52.3945255 ], [ 4.8055276, 52.3945152 ], [ 4.8054125, 52.3945713 ], [ 4.8052959, 52.3947119 ], [ 4.8051815, 52.394821 ], [ 4.8050329, 52.394937 ], [ 4.8049545, 52.3949815 ], [ 4.8048862, 52.395037 ], [ 4.8046241, 52.3953044 ], [ 4.8041887, 52.3957894 ], [ 4.8039873, 52.3960329 ], [ 4.803579, 52.3965783 ], [ 4.8034051, 52.3968344 ], [ 4.8030734, 52.3973756 ], [ 4.8027432, 52.3980112 ], [ 4.8024461, 52.3987063 ], [ 4.8023753, 52.3988453 ], [ 4.8022222, 52.3990827 ], [ 4.8020866, 52.3992375 ], [ 4.8018916, 52.3994145 ], [ 4.8016277, 52.3995974 ], [ 4.8013864, 52.3997311 ], [ 4.8013294, 52.3998251 ], [ 4.801146, 52.3999168 ], [ 4.8009614, 52.3999869 ], [ 4.8006721, 52.4000816 ], [ 4.8004273, 52.400147 ], [ 4.8001797, 52.4002014 ], [ 4.799772, 52.400257 ], [ 4.7994177, 52.4002804 ], [ 4.7991442, 52.4002836 ], [ 4.7989122, 52.4002752 ], [ 4.7986421, 52.4002541 ], [ 4.7984104, 52.4002241 ], [ 4.7982534, 52.4001991 ], [ 4.7979282, 52.4001274 ], [ 4.7973883, 52.3999647 ], [ 4.7967789, 52.3997046 ], [ 4.7963039, 52.3995198 ], [ 4.7959584, 52.3994211 ], [ 4.7957079, 52.3993722 ], [ 4.7955437, 52.3993444 ], [ 4.7952983, 52.3993369 ], [ 4.7948971, 52.3993511 ], [ 4.7937872, 52.3992727 ], [ 4.7930305, 52.3991682 ], [ 4.792715, 52.3991424 ], [ 4.7750114, 52.3991261 ], [ 4.7729918, 52.3948251 ], [ 4.7727148, 52.3943563 ] ] ] } },
{ "type": "Feature", "properties": { "buurt_naam": "Sloterdijk Poort-Zuid", "stadsdeel": "Nieuw-West", "bevolking": 95, "oppervlakte_km2": 1.463, "bev_dichtheid": 64.9 }, "geometry": { "type": "Polygon", "coordinates": [ [ [ 4.8059898, 52.3944456 ], [ 4.8057517, 52.3943519 ], [ 4.8055234, 52.3942798 ], [ 4.8053405, 52.394233 ], [ 4.8051162, 52.3941834 ], [ 4.8049449, 52.3941519 ], [ 4.804707, 52.3941265 ], [ 4.8043369, 52.3941184 ], [ 4.8040561, 52.394135 ], [ 4.803275, 52.3942228 ], [ 4.8031087, 52.3942364 ], [ 4.803084, 52.3938885 ], [ 4.8030618, 52.3933438 ], [ 4.8027676, 52.393363 ], [ 4.8022237, 52.3933846 ], [ 4.8013112, 52.3934035 ], [ 4.8000108, 52.3934123 ], [ 4.7965878, 52.3934123 ], [ 4.7944252, 52.393416 ], [ 4.791349, 52.3934132 ], [ 4.7894377, 52.3934036 ], [ 4.7876336, 52.3934088 ], [ 4.7839902, 52.3934138 ], [ 4.7829398, 52.3934084 ], [ 4.7819233, 52.3933898 ], [ 4.7810996, 52.3933658 ], [ 4.780395, 52.3933181 ], [ 4.7795867, 52.3932268 ], [ 4.7789065, 52.3931227 ], [ 4.7783128, 52.3930226 ], [ 4.7778367, 52.392933 ], [ 4.7770676, 52.3927663 ], [ 4.7762801, 52.39256 ], [ 4.7755059, 52.3923385 ], [ 4.7747195, 52.3920568 ], [ 4.7741019, 52.3917814 ], [ 4.7737411, 52.3916239 ], [ 4.7732596, 52.3913959 ], [ 4.772803, 52.3911634 ], [ 4.7722957, 52.3908795 ], [ 4.7718774, 52.390631 ], [ 4.7715119, 52.3904 ], [ 4.7711337, 52.3901364 ], [ 4.7707895, 52.3898471 ], [ 4.7706151, 52.3897059 ], [ 4.7703394, 52.3894664 ], [ 4.7700102, 52.3891573 ], [ 4.79451, 52.3891518 ], [ 4.8017403, 52.3891518 ], [ 4.812878, 52.3891612 ], [ 4.8132277, 52.3890406 ], [ 4.8187247, 52.3890391 ], [ 4.8187351, 52.3915531 ], [ 4.818785, 52.3918949 ], [ 4.8174718, 52.3918976 ], [ 4.8161802, 52.391912 ], [ 4.8156503, 52.3919886 ], [ 4.8153705, 52.3920439 ], [ 4.8151363, 52.3920957 ], [ 4.814647, 52.3922237 ], [ 4.8143534, 52.3923149 ], [ 4.8137099, 52.3925401 ], [ 4.81305, 52.3927939 ], [ 4.8124591, 52.3930445 ], [ 4.8121029, 52.3932135 ], [ 4.8117598, 52.3933889 ], [ 4.8112654, 52.3936651 ], [ 4.8108391, 52.3939148 ], [ 4.8105977, 52.3940699 ], [ 4.8100312, 52.394468 ], [ 4.8098932, 52.394577 ], [ 4.8096612, 52.3948006 ], [ 4.8096165, 52.3948506 ], [ 4.8095244, 52.3948126 ], [ 4.8093162, 52.3949984 ], [ 4.8092252, 52.3951077 ], [ 4.8091299, 52.3952015 ], [ 4.8089785, 52.3953293 ], [ 4.8087754, 52.3952411 ], [ 4.8085524, 52.3954351 ], [ 4.8078771, 52.3951802 ], [ 4.8076224, 52.3951025 ], [ 4.8073621, 52.3950024 ], [ 4.8071579, 52.3948962 ], [ 4.8059898, 52.3944456 ] ] ] } },
{ "type": "Feature", "properties": { "buurt_naam": "Sloterdijk Rhônepark", "stadsdeel": "Nieuw-West", "bevolking": 0, "oppervlakte_km2": 0.306, "bev_dichtheid": 0.0 }, "geometry": { "type": "Polygon", "coordinates": [ [ [ 4.818785, 52.3918949 ], [ 4.8187351, 52.3915531 ], [ 4.8187247, 52.3890391 ], [ 4.8192564, 52.3890381 ], [ 4.826924, 52.3890755 ], [ 4.8279324, 52.389145 ], [ 4.8289361, 52.3892314 ], [ 4.8296021, 52.3892983 ], [ 4.8305981, 52.3894127 ], [ 4.8315895, 52.3895441 ], [ 4.8325734, 52.3896924 ], [ 4.8335512, 52.3898561 ], [ 4.8338969, 52.3899387 ], [ 4.8338704, 52.3919383 ], [ 4.8336561, 52.3919238 ], [ 4.8330143, 52.391909 ], [ 4.818785, 52.3918949 ] ] ] } },
{ "type": "Feature", "properties": { "buurt_naam": "Sloterdijk Donauhoek", "stadsdeel": "Nieuw-West", "bevolking": 15, "oppervlakte_km2": 0.1542, "bev_dichtheid": 97.3 }, "geometry": { "type": "Polygon", "coordinates": [ [ [ 4.8338704, 52.3919383 ], [ 4.8338969, 52.3899387 ], [ 4.8341149, 52.3899945 ], [ 4.8344413, 52.3900904 ], [ 4.8349298, 52.3902589 ], [ 4.8351331, 52.390338 ], [ 4.8353962, 52.390449 ], [ 4.8357116, 52.3905986 ], [ 4.8359977, 52.3907492 ], [ 4.8362982, 52.3909249 ], [ 4.8365371, 52.3910824 ], [ 4.8369375, 52.3913772 ], [ 4.8372459, 52.3916223 ], [ 4.8406663, 52.3942112 ], [ 4.8414564, 52.3948278 ], [ 4.8417647, 52.3950845 ], [ 4.8395301, 52.3958031 ], [ 4.8394912, 52.3959818 ], [ 4.8388556, 52.3961739 ], [ 4.8378936, 52.3954334 ], [ 4.8373131, 52.3954423 ], [ 4.8361394, 52.395436 ], [ 4.8357971, 52.3954344 ], [ 4.8357462, 52.3950306 ], [ 4.8356633, 52.3937836 ], [ 4.8356303, 52.3930124 ], [ 4.8355806, 52.3927505 ], [ 4.8355814, 52.3923237 ], [ 4.8355759, 52.3922931 ], [ 4.8355288, 52.3921913 ], [ 4.8354488, 52.3921244 ], [ 4.834924, 52.3920393 ], [ 4.8343034, 52.3919672 ], [ 4.8338704, 52.3919383 ] ] ] } },
{ "type": "Feature", "properties": { "buurt_naam": "Bretten-West", "stadsdeel": "Nieuw-West", "bevolking": 0, "oppervlakte_km2": 1.4891, "bev_dichtheid": 0.0 }, "geometry": { "type": "Polygon", "coordinates": [ [ [ 4.7583062, 52.3879518 ], [ 4.7583508, 52.3877083 ], [ 4.7583905, 52.3876016 ], [ 4.7585211, 52.3871971 ], [ 4.758951, 52.384423 ], [ 4.7589517, 52.384271 ], [ 4.7589597, 52.3841201 ], [ 4.7873515, 52.3843785 ], [ 4.7942247, 52.3844472 ], [ 4.8019436, 52.384534 ], [ 4.8017403, 52.3891518 ], [ 4.79451, 52.3891518 ], [ 4.7700102, 52.3891573 ], [ 4.7695504, 52.3891576 ], [ 4.7689252, 52.3883786 ], [ 4.7664941, 52.388375 ], [ 4.76609, 52.3879577 ], [ 4.7583062, 52.3879518 ] ] ] } },
{ "type": "Feature", "properties": { "buurt_naam": "Bretten-Oost", "stadsdeel": "Nieuw-West", "bevolking": 0, "oppervlakte_km2": 0.8393, "bev_dichtheid": 0.0 }, "geometry": { "type": "Polygon", "coordinates": [ [ [ 4.8017403, 52.3891518 ], [ 4.8019436, 52.384534 ], [ 4.8070911, 52.3846015 ], [ 4.8120094, 52.3846559 ], [ 4.8187358, 52.3847315 ], [ 4.8271759, 52.3848291 ], [ 4.8315229, 52.3848792 ], [ 4.8315941, 52.3874123 ], [ 4.8289101, 52.3875543 ], [ 4.8192675, 52.3874842 ], [ 4.8192564, 52.3890381 ], [ 4.8187247, 52.3890391 ], [ 4.8132277, 52.3890406 ], [ 4.812878, 52.3891612 ], [ 4.8017403, 52.3891518 ] ] ] } },
{ "type": "Feature", "properties": { "buurt_naam": "Sloterdijk Stationskwartier", "stadsdeel": "Nieuw-West", "bevolking": 1675, "oppervlakte_km2": 0.8611, "bev_dichtheid": 1945.1 }, "geometry": { "type": "Polygon", "coordinates": [ [ [ 4.8192564, 52.3890381 ], [ 4.8192675, 52.3874842 ], [ 4.8289101, 52.3875543 ], [ 4.8315941, 52.3874123 ], [ 4.8315229, 52.3848792 ], [ 4.8360138, 52.3849505 ], [ 4.8392577, 52.3850176 ], [ 4.8398361, 52.3850356 ], [ 4.8432944, 52.3851009 ], [ 4.8439336, 52.3850885 ], [ 4.8445796, 52.3851031 ], [ 4.8448131, 52.3851078 ], [ 4.8448112, 52.3851455 ], [ 4.844798, 52.3851455 ], [ 4.8447329, 52.3863836 ], [ 4.8447617, 52.3869221 ], [ 4.8446689, 52.3886222 ], [ 4.8446642, 52.388757 ], [ 4.8446893, 52.3887562 ], [ 4.8446873, 52.3889199 ], [ 4.8446623, 52.3889197 ], [ 4.8446639, 52.388899 ], [ 4.8443717, 52.3888995 ], [ 4.8443362, 52.3895221 ], [ 4.8442128, 52.391808 ], [ 4.8441344, 52.393288 ], [ 4.8441173, 52.3938488 ], [ 4.8441371, 52.3942793 ], [ 4.8441742, 52.3946075 ], [ 4.8442332, 52.3949448 ], [ 4.8443184, 52.3953038 ], [ 4.8439914, 52.3952583 ], [ 4.8436877, 52.3952317 ], [ 4.8432715, 52.3951408 ], [ 4.8429507, 52.3950612 ], [ 4.8425131, 52.3949333 ], [ 4.8423794, 52.3949156 ], [ 4.8422462, 52.3948817 ], [ 4.8419068, 52.3947625 ], [ 4.841357, 52.3945415 ], [ 4.8410897, 52.3944226 ], [ 4.8406663, 52.3942112 ], [ 4.8372459, 52.3916223 ], [ 4.8369375, 52.3913772 ], [ 4.8365371, 52.3910824 ], [ 4.8362982, 52.3909249 ], [ 4.8359977, 52.3907492 ], [ 4.8357116, 52.3905986 ], [ 4.8353962, 52.390449 ], [ 4.8351331, 52.390338 ], [ 4.8349298, 52.3902589 ], [ 4.8344413, 52.3900904 ], [ 4.8341149, 52.3899945 ], [ 4.8338969, 52.3899387 ], [ 4.8335512, 52.3898561 ], [ 4.8325734, 52.3896924 ], [ 4.8315895, 52.3895441 ], [ 4.8305981, 52.3894127 ], [ 4.8296021, 52.3892983 ], [ 4.8289361, 52.3892314 ], [ 4.8279324, 52.389145 ], [ 4.826924, 52.3890755 ], [ 4.8192564, 52.3890381 ] ] ] } },
{ "type": "Feature", "properties": { "buurt_naam": "Osdorper Binnenpolder", "stadsdeel": "Nieuw-West", "bevolking": 20, "oppervlakte_km2": 2.0925, "bev_dichtheid": 9.6 }, "geometry": { "type": "Polygon", "coordinates": [ [ [ 4.7589597, 52.3841201 ], [ 4.758994, 52.3836709 ], [ 4.7590481, 52.3819213 ], [ 4.7590854, 52.3809437 ], [ 4.7592084, 52.3808661 ], [ 4.7599957, 52.3813835 ], [ 4.7600366, 52.3813999 ], [ 4.760082, 52.3814073 ], [ 4.7601305, 52.3814058 ], [ 4.7601746, 52.3813953 ], [ 4.7621556, 52.3802741 ], [ 4.7629127, 52.3799096 ], [ 4.7637282, 52.3795589 ], [ 4.764594, 52.3792057 ], [ 4.7652709, 52.3787967 ], [ 4.7657173, 52.3784854 ], [ 4.766839, 52.3777768 ], [ 4.7679903, 52.3771447 ], [ 4.7688813, 52.3767467 ], [ 4.7697836, 52.3760754 ], [ 4.7752162, 52.3729489 ], [ 4.775912, 52.372539 ], [ 4.7760268, 52.3724166 ], [ 4.7788918, 52.3707973 ], [ 4.7806551, 52.3697332 ], [ 4.7809324, 52.3696402 ], [ 4.7811328, 52.3698039 ], [ 4.783014, 52.3711895 ], [ 4.7845994, 52.3724262 ], [ 4.7867221, 52.3741014 ], [ 4.7886639, 52.3755934 ], [ 4.7892267, 52.3760007 ], [ 4.7900414, 52.3755977 ], [ 4.7904355, 52.3753353 ], [ 4.7911478, 52.3749956 ], [ 4.791566, 52.374693 ], [ 4.7921367, 52.3748459 ], [ 4.7915069, 52.3757145 ], [ 4.7914736, 52.3757846 ], [ 4.7914652, 52.3758636 ], [ 4.7914775, 52.3759284 ], [ 4.7915018, 52.3759843 ], [ 4.7915768, 52.3760736 ], [ 4.7916569, 52.3761315 ], [ 4.7932217, 52.3770569 ], [ 4.7934746, 52.3771517 ], [ 4.7936171, 52.3772567 ], [ 4.7936951, 52.3773569 ], [ 4.7937279, 52.3774334 ], [ 4.7939489, 52.378247 ], [ 4.7921064, 52.378431 ], [ 4.7920801, 52.3781918 ], [ 4.7875381, 52.378159 ], [ 4.7873515, 52.3843785 ], [ 4.7589597, 52.3841201 ] ] ] } },
{ "type": "Feature", "properties": { "buurt_naam": "De Eendracht", "stadsdeel": "Nieuw-West", "bevolking": 2425, "oppervlakte_km2": 0.3197, "bev_dichtheid": 7584.5 }, "geometry": { "type": "Polygon", "coordinates": [ [ [ 4.7873515, 52.3843785 ], [ 4.7875381, 52.378159 ], [ 4.7920801, 52.3781918 ], [ 4.7921064, 52.378431 ], [ 4.7939489, 52.378247 ], [ 4.7944352, 52.3801134 ], [ 4.7942247, 52.3844472 ], [ 4.7873515, 52.3843785 ] ] ] } },
{ "type": "Feature", "properties": { "buurt_naam": "Ruys de Beerenbrouckbuurt", "stadsdeel": "Nieuw-West", "bevolking": 6130, "oppervlakte_km2": 0.4332, "bev_dichtheid": 14149.0 }, "geometry": { "type": "Polygon", "coordinates": [ [ [ 4.7942247, 52.3844472 ], [ 4.7944352, 52.3801134 ], [ 4.7979316, 52.3801632 ], [ 4.8017359, 52.3802306 ], [ 4.8081585, 52.3803438 ], [ 4.8080598, 52.382503 ], [ 4.8079526, 52.3827309 ], [ 4.8072536, 52.3826088 ], [ 4.807118, 52.3829864 ], [ 4.8071055, 52.3832597 ], [ 4.8071421, 52.3835043 ], [ 4.8070911, 52.3846015 ], [ 4.8019436, 52.384534 ], [ 4.7942247, 52.3844472 ] ] ] } },
{ "type": "Feature", "properties": { "buurt_naam": "Eendrachtspark", "stadsdeel": "Nieuw-West", "bevolking": 265, "oppervlakte_km2": 0.1396, "bev_dichtheid": 1898.1 }, "geometry": { "type": "Polygon", "coordinates": [ [ [ 4.8070911, 52.3846015 ], [ 4.8071421, 52.3835043 ], [ 4.8071055, 52.3832597 ], [ 4.807118, 52.3829864 ], [ 4.8072536, 52.3826088 ], [ 4.8079526, 52.3827309 ], [ 4.8080598, 52.382503 ], [ 4.8081585, 52.3803438 ], [ 4.8093845, 52.3803696 ], [ 4.810099, 52.3805349 ], [ 4.812171, 52.3805647 ], [ 4.8120094, 52.3846559 ], [ 4.8070911, 52.3846015 ] ] ] } },
{ "type": "Feature", "properties": { "buurt_naam": "Van Tijenbuurt", "stadsdeel": "Nieuw-West", "bevolking": 2955, "oppervlakte_km2": 0.2966, "bev_dichtheid": 9962.1 }, "geometry": { "type": "Polygon", "coordinates": [ [ [ 4.7939489, 52.378247 ], [ 4.7937279, 52.3774334 ], [ 4.7936951, 52.3773569 ], [ 4.7936171, 52.3772567 ], [ 4.7934746, 52.3771517 ], [ 4.7932217, 52.3770569 ], [ 4.7916569, 52.3761315 ], [ 4.7915768, 52.3760736 ], [ 4.7915018, 52.3759843 ], [ 4.7914775, 52.3759284 ], [ 4.7914652, 52.3758636 ], [ 4.7914736, 52.3757846 ], [ 4.7915069, 52.3757145 ], [ 4.7921367, 52.3748459 ], [ 4.7927293, 52.3740212 ], [ 4.7930024, 52.3737934 ], [ 4.7939056, 52.3737898 ], [ 4.8012884, 52.3730634 ], [ 4.8017888, 52.3752085 ], [ 4.801455, 52.375241 ], [ 4.7974893, 52.3756348 ], [ 4.7979066, 52.3771612 ], [ 4.7979933, 52.3774942 ], [ 4.798012, 52.3776291 ], [ 4.7980059, 52.378207 ], [ 4.7979316, 52.3801632 ], [ 4.7944352, 52.3801134 ], [ 4.7939489, 52.378247 ] ] ] } },
{ "type": "Feature", "properties": { "buurt_naam": "Dudokbuurt", "stadsdeel": "Nieuw-West", "bevolking": 3030, "oppervlakte_km2": 0.14, "bev_dichtheid": 21643.8 }, "geometry": { "type": "Polygon", "coordinates": [ [ [ 4.7980059, 52.378207 ], [ 4.798012, 52.3776291 ], [ 4.7979933, 52.3774942 ], [ 4.7979066, 52.3771612 ], [ 4.7974893, 52.3756348 ], [ 4.801455, 52.375241 ], [ 4.8019065, 52.376977 ], [ 4.8018419, 52.3769838 ], [ 4.8017359, 52.3802306 ], [ 4.7979316, 52.3801632 ], [ 4.7980059, 52.378207 ] ] ] } },
{ "type": "Feature", "properties": { "buurt_naam": "Bakemabuurt", "stadsdeel": "Nieuw-West", "bevolking": 3120, "oppervlakte_km2": 0.2031, "bev_dichtheid": 15360.7 }, "geometry": { "type": "Polygon", "coordinates": [ [ [ 4.8017359, 52.3802306 ], [ 4.8018419, 52.3769838 ], [ 4.8019065, 52.376977 ], [ 4.8086034, 52.3762962 ], [ 4.8087167, 52.3767255 ], [ 4.809383, 52.3792479 ], [ 4.809406, 52.3793936 ], [ 4.8094279, 52.3795196 ], [ 4.8093845, 52.3803696 ], [ 4.8081585, 52.3803438 ], [ 4.8017359, 52.3802306 ] ] ] } },
{ "type": "Feature", "properties": { "buurt_naam": "Wegener Sleeswijkbuurt", "stadsdeel": "Nieuw-West", "bevolking": 1470, "oppervlakte_km2": 0.1944, "bev_dichtheid": 7561.2 }, "geometry": { "type": "Polygon", "coordinates": [ [ [ 4.8012884, 52.3730634 ], [ 4.8052745, 52.3726678 ], [ 4.8075845, 52.37244 ], [ 4.8086034, 52.3762962 ], [ 4.8019065, 52.376977 ], [ 4.801455, 52.375241 ], [ 4.8017888, 52.3752085 ], [ 4.8012884, 52.3730634 ] ] ] } },
{ "type": "Feature", "properties": { "buurt_naam": "Jan de Louterbuurt", "stadsdeel": "Nieuw-West", "bevolking": 3230, "oppervlakte_km2": 0.3579, "bev_dichtheid": 9026.1 }, "geometry": { "type": "Polygon", "coordinates": [ [ [ 4.8093845, 52.3803696 ], [ 4.8094279, 52.3795196 ], [ 4.809406, 52.3793936 ], [ 4.8118185, 52.3794377 ], [ 4.8125595, 52.3794916 ], [ 4.8133743, 52.379394 ], [ 4.8201379, 52.3783327 ], [ 4.820648, 52.3795539 ], [ 4.8214105, 52.3813775 ], [ 4.8198646, 52.3816703 ], [ 4.8196245, 52.3817294 ], [ 4.8194059, 52.3818147 ], [ 4.8192152, 52.3819215 ], [ 4.8190593, 52.3820475 ], [ 4.8189774, 52.3821406 ], [ 4.8188888, 52.3822886 ], [ 4.8188457, 52.3824447 ], [ 4.8187358, 52.3847315 ], [ 4.8120094, 52.3846559 ], [ 4.812171, 52.3805647 ], [ 4.810099, 52.3805349 ], [ 4.8093845, 52.3803696 ] ] ] } },
{ "type": "Feature", "properties": { "buurt_naam": "Lodewijk van Deysselbuurt", "stadsdeel": "Nieuw-West", "bevolking": 3155, "oppervlakte_km2": 0.2306, "bev_dichtheid": 13683.1 }, "geometry": { "type": "Polygon", "coordinates": [ [ [ 4.8087167, 52.3767255 ], [ 4.8172013, 52.3759783 ], [ 4.8177794, 52.3759074 ], [ 4.8190419, 52.3757103 ], [ 4.8201379, 52.3783327 ], [ 4.8133743, 52.379394 ], [ 4.8125595, 52.3794916 ], [ 4.8118185, 52.3794377 ], [ 4.809406, 52.3793936 ], [ 4.809383, 52.3792479 ], [ 4.8087167, 52.3767255 ] ] ] } },
{ "type": "Feature", "properties": { "buurt_naam": "Confuciusbuurt", "stadsdeel": "Nieuw-West", "bevolking": 3985, "oppervlakte_km2": 0.3193, "bev_dichtheid": 12479.1 }, "geometry": { "type": "Polygon", "coordinates": [ [ [ 4.8075845, 52.37244 ], [ 4.8136099, 52.3718374 ], [ 4.8137668, 52.3724251 ], [ 4.8163944, 52.3721475 ], [ 4.8173688, 52.3719688 ], [ 4.8177059, 52.3725888 ], [ 4.8190419, 52.3757103 ], [ 4.8177794, 52.3759074 ], [ 4.8172013, 52.3759783 ], [ 4.8087167, 52.3767255 ], [ 4.8086034, 52.3762962 ], [ 4.8075845, 52.37244 ] ] ] } },
{ "type": "Feature", "properties": { "buurt_naam": "Arondeusbuurt", "stadsdeel": "Nieuw-West", "bevolking": 2850, "oppervlakte_km2": 0.2291, "bev_dichtheid": 12442.4 }, "geometry": { "type": "Polygon", "coordinates": [ [ [ 4.8187358, 52.3847315 ], [ 4.8188457, 52.3824447 ], [ 4.8188888, 52.3822886 ], [ 4.8189774, 52.3821406 ], [ 4.8190593, 52.3820475 ], [ 4.8192152, 52.3819215 ], [ 4.8194059, 52.3818147 ], [ 4.8196245, 52.3817294 ], [ 4.8198646, 52.3816703 ], [ 4.8214105, 52.3813775 ], [ 4.8268259, 52.3805422 ], [ 4.8272282, 52.3814959 ], [ 4.8272645, 52.3816353 ], [ 4.8272862, 52.3817756 ], [ 4.8273181, 52.3819358 ], [ 4.8272851, 52.382101 ], [ 4.8272524, 52.382943 ], [ 4.8271759, 52.3848291 ], [ 4.8187358, 52.3847315 ] ] ] } },
{ "type": "Feature", "properties": { "buurt_naam": "Coronelbuurt", "stadsdeel": "Nieuw-West", "bevolking": 1550, "oppervlakte_km2": 0.2016, "bev_dichtheid": 7689.3 }, "geometry": { "type": "Polygon", "coordinates": [ [ [ 4.8271759, 52.3848291 ], [ 4.8272524, 52.382943 ], [ 4.8321219, 52.3830233 ], [ 4.8325025, 52.3830072 ], [ 4.8328835, 52.3829667 ], [ 4.833341, 52.3829086 ], [ 4.8390377, 52.3820093 ], [ 4.8390862, 52.3821228 ], [ 4.8390979, 52.3821211 ], [ 4.8391309, 52.3822003 ], [ 4.8391409, 52.3822057 ], [ 4.8393053, 52.3826964 ], [ 4.8392965, 52.3826972 ], [ 4.8394052, 52.383166 ], [ 4.8393906, 52.3831668 ], [ 4.8394401, 52.3835598 ], [ 4.8394533, 52.383559 ], [ 4.8394612, 52.38363 ], [ 4.8394451, 52.3836299 ], [ 4.8394557, 52.3838429 ], [ 4.8394474, 52.3840424 ], [ 4.8394605, 52.3840434 ], [ 4.8394192, 52.3844315 ], [ 4.8394455, 52.3844316 ], [ 4.8394172, 52.3845879 ], [ 4.8393613, 52.3845876 ], [ 4.8392577, 52.3850176 ], [ 4.8360138, 52.3849505 ], [ 4.8315229, 52.3848792 ], [ 4.8271759, 52.3848291 ] ] ] } },
{ "type": "Feature", "properties": { "buurt_naam": "Meerwaldtbuurt", "stadsdeel": "Nieuw-West", "bevolking": 1965, "oppervlakte_km2": 0.2667, "bev_dichtheid": 7368.5 }, "geometry": { "type": "Polygon", "coordinates": [ [ [ 4.8268259, 52.3805422 ], [ 4.837724, 52.3788595 ], [ 4.8378109, 52.3790683 ], [ 4.8378226, 52.3790656 ], [ 4.8378541, 52.3791404 ], [ 4.8378732, 52.3791369 ], [ 4.8381157, 52.3797177 ], [ 4.8381069, 52.3797195 ], [ 4.8382079, 52.3799779 ], [ 4.8382241, 52.3799753 ], [ 4.8383127, 52.3801833 ], [ 4.8382965, 52.380186 ], [ 4.8384462, 52.3805443 ], [ 4.838461, 52.3805417 ], [ 4.8385465, 52.3807469 ], [ 4.838529, 52.3807495 ], [ 4.8386773, 52.3811018 ], [ 4.8386935, 52.3810991 ], [ 4.838782, 52.3813062 ], [ 4.8387644, 52.3813097 ], [ 4.8388969, 52.381624 ], [ 4.8389147, 52.3816214 ], [ 4.8389447, 52.3816907 ], [ 4.8389226, 52.3816942 ], [ 4.8389682, 52.3817951 ], [ 4.8389491, 52.3817986 ], [ 4.8390377, 52.3820093 ], [ 4.833341, 52.3829086 ], [ 4.8328835, 52.3829667 ], [ 4.8325025, 52.3830072 ], [ 4.8321219, 52.3830233 ], [ 4.8272524, 52.382943 ], [ 4.8272851, 52.382101 ], [ 4.8273181, 52.3819358 ], [ 4.8272862, 52.3817756 ], [ 4.8272645, 52.3816353 ], [ 4.8272282, 52.3814959 ], [ 4.8268259, 52.3805422 ] ] ] } },
{ "type": "Feature", "properties": { "buurt_naam": "Dobbebuurt", "stadsdeel": "Nieuw-West", "bevolking": 3005, "oppervlakte_km2": 0.314, "bev_dichtheid": 9571.3 }, "geometry": { "type": "Polygon", "coordinates": [ [ [ 4.820648, 52.3795539 ], [ 4.8219813, 52.3793445 ], [ 4.8237229, 52.378437 ], [ 4.8238645, 52.3783792 ], [ 4.8240207, 52.3783377 ], [ 4.8242326, 52.3783027 ], [ 4.8367005, 52.3763524 ], [ 4.8373909, 52.3779924 ], [ 4.8374637, 52.3781679 ], [ 4.8374634, 52.3781922 ], [ 4.8376147, 52.3785416 ], [ 4.8376309, 52.378539 ], [ 4.8376596, 52.3786056 ], [ 4.837682, 52.3786768 ], [ 4.8376454, 52.3786721 ], [ 4.837724, 52.3788595 ], [ 4.8268259, 52.3805422 ], [ 4.8214105, 52.3813775 ], [ 4.820648, 52.3795539 ] ] ] } },
{ "type": "Feature", "properties": { "buurt_naam": "Dichtersbuurt", "stadsdeel": "Nieuw-West", "bevolking": 1050, "oppervlakte_km2": 0.1186, "bev_dichtheid": 8857.0 }, "geometry": { "type": "Polygon", "coordinates": [ [ [ 4.8190419, 52.3757103 ], [ 4.8232194, 52.3750552 ], [ 4.8243185, 52.3776704 ], [ 4.8239963, 52.3777229 ], [ 4.8242326, 52.3783027 ], [ 4.8240207, 52.3783377 ], [ 4.8238645, 52.3783792 ], [ 4.8237229, 52.378437 ], [ 4.8219813, 52.3793445 ], [ 4.820648, 52.3795539 ], [ 4.8201379, 52.3783327 ], [ 4.8190419, 52.3757103 ] ] ] } },
{ "type": "Feature", "properties": { "buurt_naam": "Louis Couperusbuurt", "stadsdeel": "Nieuw-West", "bevolking": 2325, "oppervlakte_km2": 0.314, "bev_dichtheid": 7404.9 }, "geometry": { "type": "Polygon", "coordinates": [ [ [ 4.8232194, 52.3750552 ], [ 4.8353378, 52.3731529 ], [ 4.8354261, 52.3733627 ], [ 4.8354409, 52.3733609 ], [ 4.835478, 52.3734511 ], [ 4.8354925, 52.3734511 ], [ 4.8367005, 52.3763524 ], [ 4.8242326, 52.3783027 ], [ 4.8239963, 52.3777229 ], [ 4.8243185, 52.3776704 ], [ 4.8232194, 52.3750552 ] ] ] } },
{ "type": "Feature", "properties": { "buurt_naam": "Noordoever Sloterplas", "stadsdeel": "Nieuw-West", "bevolking": 3365, "oppervlakte_km2": 0.474, "bev_dichtheid": 7098.7 }, "geometry": { "type": "Polygon", "coordinates": [ [ [ 4.8173688, 52.3719688 ], [ 4.8170482, 52.3715422 ], [ 4.8167515, 52.3712091 ], [ 4.8165228, 52.370959 ], [ 4.816296, 52.3707746 ], [ 4.8168676, 52.3705131 ], [ 4.8180248, 52.37142 ], [ 4.8180818, 52.3714473 ], [ 4.8181725, 52.371472 ], [ 4.8182766, 52.3714869 ], [ 4.8184028, 52.3714875 ], [ 4.818594, 52.3714678 ], [ 4.8188515, 52.3714186 ], [ 4.8196135, 52.3712067 ], [ 4.8197551, 52.3711471 ], [ 4.8208769, 52.3703578 ], [ 4.8211161, 52.370359 ], [ 4.8214093, 52.3703991 ], [ 4.8216741, 52.3704722 ], [ 4.8218709, 52.3705909 ], [ 4.8222861, 52.3711934 ], [ 4.8223764, 52.3712485 ], [ 4.8225464, 52.3712745 ], [ 4.8227211, 52.3712753 ], [ 4.8238167, 52.3711448 ], [ 4.824345, 52.3708166 ], [ 4.8256542, 52.3708803 ], [ 4.8271611, 52.3721277 ], [ 4.829329, 52.3705598 ], [ 4.8292626, 52.3704767 ], [ 4.8292471, 52.3704218 ], [ 4.8292655, 52.370359 ], [ 4.8293191, 52.3703053 ], [ 4.8299489, 52.3699685 ], [ 4.8299054, 52.3699153 ], [ 4.8307935, 52.3696985 ], [ 4.8309024, 52.3697977 ], [ 4.8310526, 52.3698748 ], [ 4.8319685, 52.3701407 ], [ 4.8322217, 52.3705616 ], [ 4.8323186, 52.3707948 ], [ 4.8326511, 52.3707433 ], [ 4.832819, 52.3707046 ], [ 4.833256, 52.3706347 ], [ 4.8333871, 52.3705977 ], [ 4.8335791, 52.3705203 ], [ 4.8336939, 52.3704876 ], [ 4.8344177, 52.3703777 ], [ 4.8345476, 52.3709131 ], [ 4.8346937, 52.3714468 ], [ 4.8349436, 52.3721336 ], [ 4.8352801, 52.3729413 ], [ 4.8352506, 52.3729458 ], [ 4.8353378, 52.3731529 ], [ 4.8232194, 52.3750552 ], [ 4.8190419, 52.3757103 ], [ 4.8177059, 52.3725888 ], [ 4.8173688, 52.3719688 ] ] ] } },
{ "type": "Feature", "properties": { "buurt_naam": "Sloterpark", "stadsdeel": "Nieuw-West", "bevolking": 0, "oppervlakte_km2": 0.9842, "bev_dichtheid": 0.0 }, "geometry": { "type": "Polygon", "coordinates": [ [ [ 4.8052163, 52.372521 ], [ 4.8051391, 52.3722421 ], [ 4.8051175, 52.3721071 ], [ 4.8051054, 52.3719085 ], [ 4.8051328, 52.3716003 ], [ 4.8051943, 52.3713975 ], [ 4.8053069, 52.3710924 ], [ 4.8054326, 52.3708063 ], [ 4.8055833, 52.3705051 ], [ 4.806114, 52.3695568 ], [ 4.807539, 52.3669178 ], [ 4.8076171, 52.3667861 ], [ 4.8079724, 52.3663339 ], [ 4.8086705, 52.3658385 ], [ 4.8087688, 52.3657248 ], [ 4.8088122, 52.3656586 ], [ 4.8088804, 52.3654989 ], [ 4.8089033, 52.3653174 ], [ 4.808887, 52.3652033 ], [ 4.8088289, 52.3650465 ], [ 4.8088029, 52.3649035 ], [ 4.8087983, 52.3648037 ], [ 4.8088138, 52.364634 ], [ 4.8088523, 52.3644876 ], [ 4.8089039, 52.3643593 ], [ 4.8092407, 52.3637544 ], [ 4.8093005, 52.3636791 ], [ 4.8093584, 52.3636273 ], [ 4.809428, 52.3635763 ], [ 4.8095302, 52.3635202 ], [ 4.8096112, 52.3634865 ], [ 4.809741, 52.3634467 ], [ 4.8098469, 52.3634248 ], [ 4.8099925, 52.3634076 ], [ 4.8101443, 52.3633606 ], [ 4.8102685, 52.3632974 ], [ 4.8103858, 52.3631981 ], [ 4.8104727, 52.3630547 ], [ 4.8112906, 52.3614653 ], [ 4.8121834, 52.359726 ], [ 4.8171904, 52.3638889 ], [ 4.8256542, 52.3708803 ], [ 4.824345, 52.3708166 ], [ 4.8238167, 52.3711448 ], [ 4.8227211, 52.3712753 ], [ 4.8225464, 52.3712745 ], [ 4.8223764, 52.3712485 ], [ 4.8222861, 52.3711934 ], [ 4.8218709, 52.3705909 ], [ 4.8216741, 52.3704722 ], [ 4.8214093, 52.3703991 ], [ 4.8211161, 52.370359 ], [ 4.8208769, 52.3703578 ], [ 4.8197551, 52.3711471 ], [ 4.8196135, 52.3712067 ], [ 4.8188515, 52.3714186 ], [ 4.818594, 52.3714678 ], [ 4.8184028, 52.3714875 ], [ 4.8182766, 52.3714869 ], [ 4.8181725, 52.371472 ], [ 4.8180818, 52.3714473 ], [ 4.8180248, 52.37142 ], [ 4.8168676, 52.3705131 ], [ 4.816296, 52.3707746 ], [ 4.8165228, 52.370959 ], [ 4.8167515, 52.3712091 ], [ 4.8170482, 52.3715422 ], [ 4.8173688, 52.3719688 ], [ 4.8163944, 52.3721475 ], [ 4.8137668, 52.3724251 ], [ 4.8136099, 52.3718374 ], [ 4.8075845, 52.37244 ], [ 4.8052745, 52.3726678 ], [ 4.8052163, 52.372521 ] ] ] } },
{ "type": "Feature", "properties": { "buurt_naam": "Osdorper Bovenpolder", "stadsdeel": "Nieuw-West", "bevolking": 755, "oppervlakte_km2": 2.5931, "bev_dichtheid": 291.2 }, "geometry": { "type": "Polygon", "coordinates": [ [ [ 4.7590854, 52.3809437 ], [ 4.7591317, 52.3793324 ], [ 4.7572636, 52.3779815 ], [ 4.7564413, 52.3777669 ], [ 4.7569933, 52.377049 ], [ 4.7575371, 52.3761918 ], [ 4.7580538, 52.3750683 ], [ 4.7583874, 52.3740186 ], [ 4.7585244, 52.3732625 ], [ 4.758574, 52.3727586 ], [ 4.7586037, 52.3722204 ], [ 4.7585816, 52.3715974 ], [ 4.7585175, 52.3712448 ], [ 4.7584815, 52.3710963 ], [ 4.7621222, 52.3695993 ], [ 4.762251, 52.369519 ], [ 4.7623359, 52.369436 ], [ 4.7625345, 52.3690874 ], [ 4.7679925, 52.3665374 ], [ 4.7686919, 52.3665051 ], [ 4.7692142, 52.3664242 ], [ 4.7696626, 52.3663879 ], [ 4.7698358, 52.3663808 ], [ 4.7701501, 52.3663788 ], [ 4.7704569, 52.3663885 ], [ 4.7709848, 52.3664334 ], [ 4.7714538, 52.3663901 ], [ 4.7717519, 52.3663808 ], [ 4.7719458, 52.3663827 ], [ 4.7722715, 52.3663996 ], [ 4.7725442, 52.3664271 ], [ 4.7743674, 52.3663494 ], [ 4.7745981, 52.3663335 ], [ 4.7747892, 52.3663102 ], [ 4.7749924, 52.3662726 ], [ 4.7753285, 52.36618 ], [ 4.7762247, 52.3658152 ], [ 4.7784534, 52.3655975 ], [ 4.778614, 52.3655624 ], [ 4.778794, 52.365495 ], [ 4.7788489, 52.3654602 ], [ 4.780444, 52.3637904 ], [ 4.7805558, 52.362912 ], [ 4.7802585, 52.3622157 ], [ 4.7802759, 52.3618041 ], [ 4.7803715, 52.3610281 ], [ 4.7816587, 52.3605106 ], [ 4.7818138, 52.3606562 ], [ 4.7821492, 52.3609365 ], [ 4.782328, 52.3610713 ], [ 4.782709, 52.3613294 ], [ 4.78291, 52.3614518 ], [ 4.7833325, 52.361684 ], [ 4.7837819, 52.3618976 ], [ 4.7842519, 52.3620913 ], [ 4.7844959, 52.3621806 ], [ 4.7849988, 52.3623432 ], [ 4.7852561, 52.3624164 ], [ 4.785783, 52.3625457 ], [ 4.786657, 52.3627201 ], [ 4.7953254, 52.3644426 ], [ 4.7936903, 52.3674857 ], [ 4.7933981, 52.3725416 ], [ 4.7933355, 52.3729386 ], [ 4.7932515, 52.3732949 ], [ 4.7930024, 52.3737934 ], [ 4.7927293, 52.3740212 ], [ 4.7921367, 52.3748459 ], [ 4.791566, 52.374693 ], [ 4.7911478, 52.3749956 ], [ 4.7904355, 52.3753353 ], [ 4.7900414, 52.3755977 ], [ 4.7892267, 52.3760007 ], [ 4.7886639, 52.3755934 ], [ 4.7867221, 52.3741014 ], [ 4.7845994, 52.3724262 ], [ 4.783014, 52.3711895 ], [ 4.7811328, 52.3698039 ], [ 4.7809324, 52.3696402 ], [ 4.7806551, 52.3697332 ], [ 4.7788918, 52.3707973 ], [ 4.7760268, 52.3724166 ], [ 4.775912, 52.372539 ], [ 4.7752162, 52.3729489 ], [ 4.7697836, 52.3760754 ], [ 4.7688813, 52.3767467 ], [ 4.7679903, 52.3771447 ], [ 4.766839, 52.3777768 ], [ 4.7657173, 52.3784854 ], [ 4.7652709, 52.3787967 ], [ 4.764594, 52.3792057 ], [ 4.7637282, 52.3795589 ], [ 4.7629127, 52.3799096 ], [ 4.7621556, 52.3802741 ], [ 4.7601746, 52.3813953 ], [ 4.7601305, 52.3814058 ], [ 4.760082, 52.3814073 ], [ 4.7600366, 52.3813999 ], [ 4.7599957, 52.3813835 ], [ 4.7592084, 52.3808661 ], [ 4.7590854, 52.3809437 ] ] ] } },
{ "type": "Feature", "properties": { "buurt_naam": "Ookmeer", "stadsdeel": "Nieuw-West", "bevolking": 435, "oppervlakte_km2": 0.7227, "bev_dichtheid": 601.9 }, "geometry": { "type": "Polygon", "coordinates": [ [ [ 4.7930024, 52.3737934 ], [ 4.7932515, 52.3732949 ], [ 4.7933355, 52.3729386 ], [ 4.7933981, 52.3725416 ], [ 4.7936903, 52.3674857 ], [ 4.7953254, 52.3644426 ], [ 4.8020125, 52.3658067 ], [ 4.807539, 52.3669178 ], [ 4.806114, 52.3695568 ], [ 4.8055833, 52.3705051 ], [ 4.8054326, 52.3708063 ], [ 4.8053069, 52.3710924 ], [ 4.8051943, 52.3713975 ], [ 4.8051328, 52.3716003 ], [ 4.8051054, 52.3719085 ], [ 4.8051175, 52.3721071 ], [ 4.8051391, 52.3722421 ], [ 4.8052163, 52.372521 ], [ 4.8052745, 52.3726678 ], [ 4.8012884, 52.3730634 ], [ 4.7939056, 52.3737898 ], [ 4.7930024, 52.3737934 ] ] ] } },
{ "type": "Feature", "properties": { "buurt_naam": "Bedrijvenpark Lutkemeer", "stadsdeel": "Nieuw-West", "bevolking": 65, "oppervlakte_km2": 2.35, "bev_dichtheid": 27.7 }, "geometry": { "type": "Polygon", "coordinates": [ [ [ 4.7584815, 52.3710963 ], [ 4.7579908, 52.3692422 ], [ 4.7566349, 52.3644168 ], [ 4.7554795, 52.3603949 ], [ 4.7551037, 52.3590375 ], [ 4.754909, 52.3583876 ], [ 4.7548438, 52.3579109 ], [ 4.7549475, 52.357222 ], [ 4.7551102, 52.3568356 ], [ 4.7553199, 52.3565401 ], [ 4.7556908, 52.3561539 ], [ 4.7561122, 52.3558325 ], [ 4.7566597, 52.3555226 ], [ 4.7573366, 52.3552063 ], [ 4.7580863, 52.3549191 ], [ 4.7621289, 52.3533433 ], [ 4.7673993, 52.3512714 ], [ 4.7675556, 52.351434 ], [ 4.7687735, 52.3526097 ], [ 4.7700851, 52.3539287 ], [ 4.770281, 52.3540807 ], [ 4.7704602, 52.3541949 ], [ 4.7706598, 52.3542993 ], [ 4.7708581, 52.3543874 ], [ 4.7710962, 52.3544741 ], [ 4.7713769, 52.3545529 ], [ 4.7719595, 52.3546755 ], [ 4.7722446, 52.3547515 ], [ 4.7724888, 52.3548273 ], [ 4.7727442, 52.3549222 ], [ 4.7731672, 52.3551248 ], [ 4.7734818, 52.3553025 ], [ 4.7737741, 52.3554955 ], [ 4.7740445, 52.3557 ], [ 4.7751733, 52.3566559 ], [ 4.7756761, 52.3571276 ], [ 4.7758999, 52.3572824 ], [ 4.7760285, 52.3573317 ], [ 4.7761017, 52.3573491 ], [ 4.7762569, 52.3573696 ], [ 4.7764918, 52.3573717 ], [ 4.777285, 52.3572266 ], [ 4.7774542, 52.3572006 ], [ 4.7775761, 52.3571949 ], [ 4.777727, 52.3572119 ], [ 4.7778778, 52.3572442 ], [ 4.7780123, 52.357288 ], [ 4.7781247, 52.3573388 ], [ 4.7782891, 52.3574331 ], [ 4.77849, 52.3575672 ], [ 4.7786062, 52.3576541 ], [ 4.7787947, 52.3578195 ], [ 4.780831, 52.3597398 ], [ 4.7816587, 52.3605106 ], [ 4.7803715, 52.3610281 ], [ 4.7802759, 52.3618041 ], [ 4.7802585, 52.3622157 ], [ 4.7805558, 52.362912 ], [ 4.780444, 52.3637904 ], [ 4.7788489, 52.3654602 ], [ 4.778794, 52.365495 ], [ 4.778614, 52.3655624 ], [ 4.7784534, 52.3655975 ], [ 4.7762247, 52.3658152 ], [ 4.7753285, 52.36618 ], [ 4.7749924, 52.3662726 ], [ 4.7747892, 52.3663102 ], [ 4.7745981, 52.3663335 ], [ 4.7743674, 52.3663494 ], [ 4.7725442, 52.3664271 ], [ 4.7722715, 52.3663996 ], [ 4.7719458, 52.3663827 ], [ 4.7717519, 52.3663808 ], [ 4.7714538, 52.3663901 ], [ 4.7709848, 52.3664334 ], [ 4.7704569, 52.3663885 ], [ 4.7701501, 52.3663788 ], [ 4.7698358, 52.3663808 ], [ 4.7696626, 52.3663879 ], [ 4.7692142, 52.3664242 ], [ 4.7686919, 52.3665051 ], [ 4.7679925, 52.3665374 ], [ 4.7625345, 52.3690874 ], [ 4.7623359, 52.369436 ], [ 4.762251, 52.369519 ], [ 4.7621222, 52.3695993 ], [ 4.7584815, 52.3710963 ] ] ] } },
{ "type": "Feature", "properties": { "buurt_naam": "Middelveldsche Akerpolder", "stadsdeel": "Nieuw-West", "bevolking": 4120, "oppervlakte_km2": 0.3507, "bev_dichtheid": 11748.5 }, "geometry": { "type": "Polygon", "coordinates": [ [ [ 4.7724888, 52.3548273 ], [ 4.7852046, 52.3497381 ], [ 4.7879584, 52.3523252 ], [ 4.7879776, 52.3526408 ], [ 4.7875838, 52.3526667 ], [ 4.7871985, 52.3527258 ], [ 4.7870129, 52.3527671 ], [ 4.7865103, 52.3529281 ], [ 4.7769817, 52.3567596 ], [ 4.777285, 52.3572266 ], [ 4.7764918, 52.3573717 ], [ 4.7762569, 52.3573696 ], [ 4.7761017, 52.3573491 ], [ 4.7760285, 52.3573317 ], [ 4.7758999, 52.3572824 ], [ 4.7756761, 52.3571276 ], [ 4.7751733, 52.3566559 ], [ 4.7740445, 52.3557 ], [ 4.7737741, 52.3554955 ], [ 4.7734818, 52.3553025 ], [ 4.7731672, 52.3551248 ], [ 4.7727442, 52.3549222 ], [ 4.7724888, 52.3548273 ] ] ] } },
{ "type": "Feature", "properties": { "buurt_naam": "De Aker-West", "stadsdeel": "Nieuw-West", "bevolking": 4525, "oppervlakte_km2": 0.5721, "bev_dichtheid": 7909.9 }, "geometry": { "type": "Polygon", "coordinates": [ [ [ 4.7673993, 52.3512714 ], [ 4.771747, 52.3495612 ], [ 4.7751786, 52.3481571 ], [ 4.778743, 52.3466925 ], [ 4.7808106, 52.3458492 ], [ 4.7815554, 52.3465433 ], [ 4.7817207, 52.3464767 ], [ 4.7852046, 52.3497381 ], [ 4.7724888, 52.3548273 ], [ 4.7722446, 52.3547515 ], [ 4.7719595, 52.3546755 ], [ 4.7713769, 52.3545529 ], [ 4.7710962, 52.3544741 ], [ 4.7708581, 52.3543874 ], [ 4.7706598, 52.3542993 ], [ 4.7704602, 52.3541949 ], [ 4.770281, 52.3540807 ], [ 4.7700851, 52.3539287 ], [ 4.7687735, 52.3526097 ], [ 4.7675556, 52.351434 ], [ 4.7673993, 52.3512714 ] ] ] } },
{ "type": "Feature", "properties": { "buurt_naam": "De Aker-Oost", "stadsdeel": "Nieuw-West", "bevolking": 5810, "oppervlakte_km2": 0.7158, "bev_dichtheid": 8117.1 }, "geometry": { "type": "Polygon", "coordinates": [ [ [ 4.7808106, 52.3458492 ], [ 4.7881564, 52.3428442 ], [ 4.7901634, 52.3420113 ], [ 4.7905472, 52.3418451 ], [ 4.7911079, 52.3415028 ], [ 4.7954926, 52.3461354 ], [ 4.7955761, 52.3462536 ], [ 4.7947507, 52.3477334 ], [ 4.7941125, 52.349037 ], [ 4.7934176, 52.3501929 ], [ 4.793304, 52.3504494 ], [ 4.7930468, 52.3509145 ], [ 4.7923948, 52.3521571 ], [ 4.7918956, 52.3530416 ], [ 4.7918129, 52.3531894 ], [ 4.7904731, 52.3529392 ], [ 4.7901655, 52.3528989 ], [ 4.7891537, 52.352716 ], [ 4.7888269, 52.3526783 ], [ 4.7885807, 52.3526591 ], [ 4.7882183, 52.3526421 ], [ 4.7879776, 52.3526408 ], [ 4.7879584, 52.3523252 ], [ 4.7852046, 52.3497381 ], [ 4.7817207, 52.3464767 ], [ 4.7815554, 52.3465433 ], [ 4.7808106, 52.3458492 ] ] ] } },
{ "type": "Feature", "properties": { "buurt_naam": "Bedrijvencentrum Osdorp", "stadsdeel": "Nieuw-West", "bevolking": 130, "oppervlakte_km2": 0.1175, "bev_dichtheid": 1106.3 }, "geometry": { "type": "Polygon", "coordinates": [ [ [ 4.780831, 52.3597398 ], [ 4.7826126, 52.359028 ], [ 4.7827186, 52.3589999 ], [ 4.782826, 52.3589915 ], [ 4.7829432, 52.3590038 ], [ 4.78812, 52.3600509 ], [ 4.786657, 52.3627201 ], [ 4.785783, 52.3625457 ], [ 4.7852561, 52.3624164 ], [ 4.7849988, 52.3623432 ], [ 4.7844959, 52.3621806 ], [ 4.7842519, 52.3620913 ], [ 4.7837819, 52.3618976 ], [ 4.7833325, 52.361684 ], [ 4.78291, 52.3614518 ], [ 4.782709, 52.3613294 ], [ 4.782328, 52.3610713 ], [ 4.7821492, 52.3609365 ], [ 4.7818138, 52.3606562 ], [ 4.7816587, 52.3605106 ], [ 4.780831, 52.3597398 ] ] ] } },
{ "type": "Feature", "properties": { "buurt_naam": "Dijkgraafpleinbuurt", "stadsdeel": "Nieuw-West", "bevolking": 6020, "oppervlakte_km2": 0.4798, "bev_dichtheid": 12545.7 }, "geometry": { "type": "Polygon", "coordinates": [ [ [ 4.7769817, 52.3567596 ], [ 4.7865103, 52.3529281 ], [ 4.7870129, 52.3527671 ], [ 4.7871985, 52.3527258 ], [ 4.7875838, 52.3526667 ], [ 4.7879776, 52.3526408 ], [ 4.7882183, 52.3526421 ], [ 4.7885807, 52.3526591 ], [ 4.7888269, 52.3526783 ], [ 4.7891537, 52.352716 ], [ 4.7901655, 52.3528989 ], [ 4.7904731, 52.3529392 ], [ 4.7918129, 52.3531894 ], [ 4.7913859, 52.3539513 ], [ 4.791137, 52.3544489 ], [ 4.7910069, 52.3547394 ], [ 4.7908605, 52.3550352 ], [ 4.7902091, 52.3562157 ], [ 4.7882929, 52.3597445 ], [ 4.78812, 52.3600509 ], [ 4.7829432, 52.3590038 ], [ 4.782826, 52.3589915 ], [ 4.7827186, 52.3589999 ], [ 4.7826126, 52.359028 ], [ 4.780831, 52.3597398 ], [ 4.7787947, 52.3578195 ], [ 4.7786062, 52.3576541 ], [ 4.77849, 52.3575672 ], [ 4.7782891, 52.3574331 ], [ 4.7781247, 52.3573388 ], [ 4.7780123, 52.357288 ], [ 4.7778778, 52.3572442 ], [ 4.777727, 52.3572119 ], [ 4.7775761, 52.3571949 ], [ 4.7774542, 52.3572006 ], [ 4.777285, 52.3572266 ], [ 4.7769817, 52.3567596 ] ] ] } },
{ "type": "Feature", "properties": { "buurt_naam": "Reimerswaal", "stadsdeel": "Nieuw-West", "bevolking": 3000, "oppervlakte_km2": 0.2147, "bev_dichtheid": 13971.7 }, "geometry": { "type": "Polygon", "coordinates": [ [ [ 4.786657, 52.3627201 ], [ 4.78812, 52.3600509 ], [ 4.7882929, 52.3597445 ], [ 4.7969164, 52.3614881 ], [ 4.7953254, 52.3644426 ], [ 4.786657, 52.3627201 ] ] ] } },
{ "type": "Feature", "properties": { "buurt_naam": "Botteskerkbuurt", "stadsdeel": "Nieuw-West", "bevolking": 3415, "oppervlakte_km2": 0.2574, "bev_dichtheid": 13267.4 }, "geometry": { "type": "Polygon", "coordinates": [ [ [ 4.7882929, 52.3597445 ], [ 4.7902091, 52.3562157 ], [ 4.799258, 52.358035 ], [ 4.7981594, 52.3591836 ], [ 4.7969164, 52.3614881 ], [ 4.7882929, 52.3597445 ] ] ] } },
{ "type": "Feature", "properties": { "buurt_naam": "Zuidwestkwadrant-Noord", "stadsdeel": "Nieuw-West", "bevolking": 3080, "oppervlakte_km2": 0.2398, "bev_dichtheid": 12841.6 }, "geometry": { "type": "Polygon", "coordinates": [ [ [ 4.7902091, 52.3562157 ], [ 4.7908605, 52.3550352 ], [ 4.7910069, 52.3547394 ], [ 4.791137, 52.3544489 ], [ 4.7913859, 52.3539513 ], [ 4.7918129, 52.3531894 ], [ 4.7918956, 52.3530416 ], [ 4.794715, 52.353612 ], [ 4.7986714, 52.354454 ], [ 4.7989738, 52.3544448 ], [ 4.800975, 52.3548483 ], [ 4.8008003, 52.3551827 ], [ 4.799258, 52.358035 ], [ 4.7902091, 52.3562157 ] ] ] } },
{ "type": "Feature", "properties": { "buurt_naam": "Zuidwestkwadrant-Zuid", "stadsdeel": "Nieuw-West", "bevolking": 6175, "oppervlakte_km2": 0.4008, "bev_dichtheid": 15408.5 }, "geometry": { "type": "Polygon", "coordinates": [ [ [ 4.7918956, 52.3530416 ], [ 4.7923948, 52.3521571 ], [ 4.7930468, 52.3509145 ], [ 4.793304, 52.3504494 ], [ 4.7934176, 52.3501929 ], [ 4.7941125, 52.349037 ], [ 4.7947507, 52.3477334 ], [ 4.7955761, 52.3462536 ], [ 4.7961551, 52.3470717 ], [ 4.7967142, 52.3476335 ], [ 4.7971647, 52.3479746 ], [ 4.7974454, 52.3481639 ], [ 4.7977511, 52.3483523 ], [ 4.7980163, 52.3484983 ], [ 4.7985006, 52.3487244 ], [ 4.7988947, 52.3488837 ], [ 4.7994352, 52.3490742 ], [ 4.7999002, 52.3492068 ], [ 4.8005498, 52.3493665 ], [ 4.8011456, 52.3494799 ], [ 4.8036077, 52.3499765 ], [ 4.8022417, 52.3525026 ], [ 4.800975, 52.3548483 ], [ 4.7989738, 52.3544448 ], [ 4.7986714, 52.354454 ], [ 4.794715, 52.353612 ], [ 4.7918956, 52.3530416 ] ] ] } },
{ "type": "Feature", "properties": { "buurt_naam": "Wildeman", "stadsdeel": "Nieuw-West", "bevolking": 5155, "oppervlakte_km2": 0.3287, "bev_dichtheid": 15680.7 }, "geometry": { "type": "Polygon", "coordinates": [ [ [ 4.7953254, 52.3644426 ], [ 4.7969164, 52.3614881 ], [ 4.7981594, 52.3591836 ], [ 4.8067277, 52.3609163 ], [ 4.8057267, 52.3627943 ], [ 4.8056389, 52.3628964 ], [ 4.8055795, 52.3629438 ], [ 4.8054864, 52.3629883 ], [ 4.805376, 52.3630174 ], [ 4.8052774, 52.3630277 ], [ 4.80516, 52.3630235 ], [ 4.8036403, 52.3627131 ], [ 4.8020125, 52.3658067 ], [ 4.7953254, 52.3644426 ] ] ] } },
{ "type": "Feature", "properties": { "buurt_naam": "Meer en Oever", "stadsdeel": "Nieuw-West", "bevolking": 3175, "oppervlakte_km2": 0.2326, "bev_dichtheid": 13649.3 }, "geometry": { "type": "Polygon", "coordinates": [ [ [ 4.8020125, 52.3658067 ], [ 4.8036403, 52.3627131 ], [ 4.80516, 52.3630235 ], [ 4.8052774, 52.3630277 ], [ 4.805376, 52.3630174 ], [ 4.8054864, 52.3629883 ], [ 4.8055795, 52.3629438 ], [ 4.8056389, 52.3628964 ], [ 4.8057267, 52.3627943 ], [ 4.8067277, 52.3609163 ], [ 4.8080234, 52.361177 ], [ 4.8081876, 52.3611931 ], [ 4.808402, 52.361196 ], [ 4.808565, 52.3611851 ], [ 4.8087445, 52.3611581 ], [ 4.8088931, 52.3611247 ], [ 4.8091601, 52.3610334 ], [ 4.8112906, 52.3614653 ], [ 4.8104727, 52.3630547 ], [ 4.8103858, 52.3631981 ], [ 4.8102685, 52.3632974 ], [ 4.8101443, 52.3633606 ], [ 4.8099925, 52.3634076 ], [ 4.8098469, 52.3634248 ], [ 4.809741, 52.3634467 ], [ 4.8096112, 52.3634865 ], [ 4.8095302, 52.3635202 ], [ 4.809428, 52.3635763 ], [ 4.8093584, 52.3636273 ], [ 4.8093005, 52.3636791 ], [ 4.8092407, 52.3637544 ], [ 4.8089039, 52.3643593 ], [ 4.8088523, 52.3644876 ], [ 4.8088138, 52.364634 ], [ 4.8087983, 52.3648037 ], [ 4.8088029, 52.3649035 ], [ 4.8088289, 52.3650465 ], [ 4.808887, 52.3652033 ], [ 4.8089033, 52.3653174 ], [ 4.8088804, 52.3654989 ], [ 4.8088122, 52.3656586 ], [ 4.8087688, 52.3657248 ], [ 4.8086705, 52.3658385 ], [ 4.8079724, 52.3663339 ], [ 4.8076171, 52.3667861 ], [ 4.807539, 52.3669178 ], [ 4.8020125, 52.3658067 ] ] ] } },
{ "type": "Feature", "properties": { "buurt_naam": "Osdorpplein e.o.", "stadsdeel": "Nieuw-West", "bevolking": 4835, "oppervlakte_km2": 0.4108, "bev_dichtheid": 11769.3 }, "geometry": { "type": "Polygon", "coordinates": [ [ [ 4.7981594, 52.3591836 ], [ 4.799258, 52.358035 ], [ 4.8008003, 52.3551827 ], [ 4.8090545, 52.35685 ], [ 4.8088711, 52.3571906 ], [ 4.8130554, 52.3580298 ], [ 4.8121834, 52.359726 ], [ 4.8112906, 52.3614653 ], [ 4.8091601, 52.3610334 ], [ 4.8088931, 52.3611247 ], [ 4.8087445, 52.3611581 ], [ 4.808565, 52.3611851 ], [ 4.808402, 52.361196 ], [ 4.8081876, 52.3611931 ], [ 4.8080234, 52.361177 ], [ 4.8067277, 52.3609163 ], [ 4.7981594, 52.3591836 ] ] ] } },
{ "type": "Feature", "properties": { "buurt_naam": "Calandlaan/Lelylaan", "stadsdeel": "Nieuw-West", "bevolking": 1280, "oppervlakte_km2": 0.2743, "bev_dichtheid": 4665.9 }, "geometry": { "type": "Polygon", "coordinates": [ [ [ 4.8008003, 52.3551827 ], [ 4.800975, 52.3548483 ], [ 4.8022417, 52.3525026 ], [ 4.8031932, 52.3527067 ], [ 4.8073185, 52.3535412 ], [ 4.8075629, 52.3535964 ], [ 4.8083589, 52.3537962 ], [ 4.8093733, 52.3540024 ], [ 4.8085534, 52.3555264 ], [ 4.8099823, 52.3558182 ], [ 4.8100997, 52.3556012 ], [ 4.8124818, 52.3560811 ], [ 4.8122876, 52.356446 ], [ 4.8165159, 52.357304 ], [ 4.8168967, 52.3573688 ], [ 4.8177482, 52.3574843 ], [ 4.8181808, 52.3575125 ], [ 4.8185828, 52.357527 ], [ 4.8185774, 52.3577157 ], [ 4.8185586, 52.3582764 ], [ 4.8172069, 52.3589449 ], [ 4.8170728, 52.3588625 ], [ 4.8169547, 52.3588044 ], [ 4.8166917, 52.3586989 ], [ 4.816528, 52.3586531 ], [ 4.8154754, 52.3584261 ], [ 4.8154302, 52.3585095 ], [ 4.8130554, 52.3580298 ], [ 4.8088711, 52.3571906 ], [ 4.8090545, 52.35685 ], [ 4.8008003, 52.3551827 ] ] ] } },
{ "type": "Feature", "properties": { "buurt_naam": "Osdorp-Zuidoost", "stadsdeel": "Nieuw-West", "bevolking": 4180, "oppervlakte_km2": 0.5174, "bev_dichtheid": 8079.1 }, "geometry": { "type": "Polygon", "coordinates": [ [ [ 4.8022417, 52.3525026 ], [ 4.8036077, 52.3499765 ], [ 4.8081618, 52.3508958 ], [ 4.8111027, 52.3514872 ], [ 4.8117121, 52.35158 ], [ 4.812231, 52.3516328 ], [ 4.8126651, 52.3516591 ], [ 4.8129555, 52.3516678 ], [ 4.8141944, 52.3516594 ], [ 4.8204371, 52.351746 ], [ 4.8180658, 52.3561746 ], [ 4.8186235, 52.356303 ], [ 4.8185828, 52.357527 ], [ 4.8181808, 52.3575125 ], [ 4.8177482, 52.3574843 ], [ 4.8168967, 52.3573688 ], [ 4.8165159, 52.357304 ], [ 4.8122876, 52.356446 ], [ 4.8124818, 52.3560811 ], [ 4.8100997, 52.3556012 ], [ 4.8099823, 52.3558182 ], [ 4.8085534, 52.3555264 ], [ 4.8093733, 52.3540024 ], [ 4.8083589, 52.3537962 ], [ 4.8075629, 52.3535964 ], [ 4.8073185, 52.3535412 ], [ 4.8031932, 52.3527067 ], [ 4.8022417, 52.3525026 ] ] ] } },
{ "type": "Feature", "properties": { "buurt_naam": "Oostoever Sloterplas", "stadsdeel": "Nieuw-West", "bevolking": 2415, "oppervlakte_km2": 0.6452, "bev_dichtheid": 3743.1 }, "geometry": { "type": "Polygon", "coordinates": [ [ [ 4.8171904, 52.3638889 ], [ 4.8270493, 52.3639863 ], [ 4.8338797, 52.3640569 ], [ 4.8338506, 52.3663908 ], [ 4.8338869, 52.3671316 ], [ 4.8339732, 52.3678699 ], [ 4.8343595, 52.3701069 ], [ 4.8344177, 52.3703777 ], [ 4.8336939, 52.3704876 ], [ 4.8335791, 52.3705203 ], [ 4.8333871, 52.3705977 ], [ 4.833256, 52.3706347 ], [ 4.832819, 52.3707046 ], [ 4.8326511, 52.3707433 ], [ 4.8323186, 52.3707948 ], [ 4.8322217, 52.3705616 ], [ 4.8319685, 52.3701407 ], [ 4.8310526, 52.3698748 ], [ 4.8309024, 52.3697977 ], [ 4.8307935, 52.3696985 ], [ 4.8299054, 52.3699153 ], [ 4.8299489, 52.3699685 ], [ 4.8293191, 52.3703053 ], [ 4.8292655, 52.370359 ], [ 4.8292471, 52.3704218 ], [ 4.8292626, 52.3704767 ], [ 4.829329, 52.3705598 ], [ 4.8271611, 52.3721277 ], [ 4.8256542, 52.3708803 ], [ 4.8171904, 52.3638889 ] ] ] } },
{ "type": "Feature", "properties": { "buurt_naam": "Emanuel van Meterenbuurt", "stadsdeel": "Nieuw-West", "bevolking": 2320, "oppervlakte_km2": 0.5825, "bev_dichtheid": 3982.6 }, "geometry": { "type": "Polygon", "coordinates": [ [ [ 4.8121834, 52.359726 ], [ 4.8130554, 52.3580298 ], [ 4.8154302, 52.3585095 ], [ 4.8154754, 52.3584261 ], [ 4.816528, 52.3586531 ], [ 4.8166917, 52.3586989 ], [ 4.8169547, 52.3588044 ], [ 4.8170728, 52.3588625 ], [ 4.8172069, 52.3589449 ], [ 4.8185586, 52.3582764 ], [ 4.8185774, 52.3577157 ], [ 4.8258105, 52.3577986 ], [ 4.8258173, 52.3576045 ], [ 4.8272557, 52.3576203 ], [ 4.8270493, 52.3639863 ], [ 4.8171904, 52.3638889 ], [ 4.8121834, 52.359726 ] ] ] } },
{ "type": "Feature", "properties": { "buurt_naam": "Jacob Geelbuurt", "stadsdeel": "Nieuw-West", "bevolking": 3230, "oppervlakte_km2": 0.3201, "bev_dichtheid": 10091.6 }, "geometry": { "type": "Polygon", "coordinates": [ [ [ 4.8270493, 52.3639863 ], [ 4.8272557, 52.3576203 ], [ 4.8282626, 52.3576313 ], [ 4.8282571, 52.3578264 ], [ 4.8341972, 52.3578928 ], [ 4.8341604, 52.3584876 ], [ 4.8340714, 52.3592736 ], [ 4.8340318, 52.3596222 ], [ 4.8339627, 52.3606779 ], [ 4.833904, 52.3624653 ], [ 4.8338797, 52.3640569 ], [ 4.8270493, 52.3639863 ] ] ] } },
{ "type": "Feature", "properties": { "buurt_naam": "Lucas/Andreasziekenhuis e.o.", "stadsdeel": "Nieuw-West", "bevolking": 1230, "oppervlakte_km2": 0.1842, "bev_dichtheid": 6677.4 }, "geometry": { "type": "Polygon", "coordinates": [ [ [ 4.8343595, 52.3701069 ], [ 4.838315, 52.3695249 ], [ 4.8388577, 52.3694501 ], [ 4.83929, 52.3694036 ], [ 4.8400955, 52.3693309 ], [ 4.8404702, 52.3693074 ], [ 4.8409094, 52.3693014 ], [ 4.8421618, 52.3693098 ], [ 4.8421539, 52.3695821 ], [ 4.8425695, 52.3695876 ], [ 4.842562, 52.3698284 ], [ 4.8425744, 52.3700298 ], [ 4.8427124, 52.3708672 ], [ 4.8427985, 52.3718625 ], [ 4.8428541, 52.371879 ], [ 4.8428551, 52.3719131 ], [ 4.8430285, 52.3719112 ], [ 4.8430381, 52.3722151 ], [ 4.8426018, 52.372223 ], [ 4.8421374, 52.3722406 ], [ 4.8411914, 52.3722739 ], [ 4.8408623, 52.3723003 ], [ 4.8406033, 52.3723297 ], [ 4.8353378, 52.3731529 ], [ 4.8352506, 52.3729458 ], [ 4.8352801, 52.3729413 ], [ 4.8349436, 52.3721336 ], [ 4.8346937, 52.3714468 ], [ 4.8345476, 52.3709131 ], [ 4.8344177, 52.3703777 ], [ 4.8343595, 52.3701069 ] ] ] } },
{ "type": "Feature", "properties": { "buurt_naam": "Overtoomse Veld-Noord", "stadsdeel": "Nieuw-West", "bevolking": 5665, "oppervlakte_km2": 0.3434, "bev_dichtheid": 16498.4 }, "geometry": { "type": "Polygon", "coordinates": [ [ [ 4.8339732, 52.3678699 ], [ 4.8338869, 52.3671316 ], [ 4.8338506, 52.3663908 ], [ 4.8338797, 52.3640569 ], [ 4.8423146, 52.3641445 ], [ 4.8421618, 52.3693098 ], [ 4.8409094, 52.3693014 ], [ 4.8404702, 52.3693074 ], [ 4.8400955, 52.3693309 ], [ 4.83929, 52.3694036 ], [ 4.8388577, 52.3694501 ], [ 4.838315, 52.3695249 ], [ 4.8343595, 52.3701069 ], [ 4.8339732, 52.3678699 ] ] ] } },
{ "type": "Feature", "properties": { "buurt_naam": "Rembrandtpark-Noord", "stadsdeel": "Nieuw-West", "bevolking": 1010, "oppervlakte_km2": 0.3031, "bev_dichtheid": 3331.8 }, "geometry": { "type": "Polygon", "coordinates": [ [ [ 4.8425695, 52.3695876 ], [ 4.8421539, 52.3695821 ], [ 4.8421618, 52.3693098 ], [ 4.8423146, 52.3641445 ], [ 4.8491875, 52.3642252 ], [ 4.8504983, 52.3642401 ], [ 4.8504666, 52.3651576 ], [ 4.8504528, 52.365216 ], [ 4.8503863, 52.3653757 ], [ 4.8503233, 52.3653655 ], [ 4.8497051, 52.3667054 ], [ 4.8486783, 52.3689325 ], [ 4.8487073, 52.3689586 ], [ 4.8483589, 52.3697156 ], [ 4.8477449, 52.3696113 ], [ 4.8476289, 52.3698651 ], [ 4.8470207, 52.3697716 ], [ 4.8466175, 52.3697175 ], [ 4.8461878, 52.3696734 ], [ 4.8457213, 52.3696397 ], [ 4.8452222, 52.3696204 ], [ 4.8425695, 52.3695876 ] ] ] } },
{ "type": "Feature", "properties": { "buurt_naam": "Overtoomse Veld-Zuid", "stadsdeel": "Nieuw-West", "bevolking": 4800, "oppervlakte_km2": 0.3053, "bev_dichtheid": 15721.2 }, "geometry": { "type": "Polygon", "coordinates": [ [ [ 4.8338797, 52.3640569 ], [ 4.833904, 52.3624653 ], [ 4.8339627, 52.3606779 ], [ 4.8340318, 52.3596222 ], [ 4.8340714, 52.3592736 ], [ 4.8424555, 52.359352 ], [ 4.8423146, 52.3641445 ], [ 4.8338797, 52.3640569 ] ] ] } },
{ "type": "Feature", "properties": { "buurt_naam": "Rembrandtpark-Zuid", "stadsdeel": "Nieuw-West", "bevolking": 895, "oppervlakte_km2": 0.3154, "bev_dichtheid": 2837.3 }, "geometry": { "type": "Polygon", "coordinates": [ [ [ 4.8423146, 52.3641445 ], [ 4.8424555, 52.359352 ], [ 4.8424957, 52.3579833 ], [ 4.848885, 52.3580448 ], [ 4.8488902, 52.3607591 ], [ 4.8495149, 52.3609498 ], [ 4.8494606, 52.3633672 ], [ 4.8492154, 52.363367 ], [ 4.8491875, 52.3642252 ], [ 4.8423146, 52.3641445 ] ] ] } },
{ "type": "Feature", "properties": { "buurt_naam": "Johan Jongkindbuurt", "stadsdeel": "Nieuw-West", "bevolking": 1045, "oppervlakte_km2": 0.0866, "bev_dichtheid": 12073.7 }, "geometry": { "type": "Polygon", "coordinates": [ [ [ 4.8340714, 52.3592736 ], [ 4.8341604, 52.3584876 ], [ 4.8341972, 52.3578928 ], [ 4.8424957, 52.3579833 ], [ 4.8424555, 52.359352 ], [ 4.8340714, 52.3592736 ] ] ] } },
{ "type": "Feature", "properties": { "buurt_naam": "Louis Crispijnbuurt", "stadsdeel": "Nieuw-West", "bevolking": 3275, "oppervlakte_km2": 0.3721, "bev_dichtheid": 8801.6 }, "geometry": { "type": "Polygon", "coordinates": [ [ [ 4.8186235, 52.356303 ], [ 4.8180658, 52.3561746 ], [ 4.8204371, 52.351746 ], [ 4.8211785, 52.3517388 ], [ 4.8274212, 52.351815 ], [ 4.8272557, 52.3576203 ], [ 4.8258173, 52.3576045 ], [ 4.8258105, 52.3577986 ], [ 4.8185774, 52.3577157 ], [ 4.8185828, 52.357527 ], [ 4.8186235, 52.356303 ] ] ] } },
{ "type": "Feature", "properties": { "buurt_naam": "Jacques Veltmanbuurt", "stadsdeel": "Nieuw-West", "bevolking": 3745, "oppervlakte_km2": 0.3074, "bev_dichtheid": 12182.7 }, "geometry": { "type": "Polygon", "coordinates": [ [ [ 4.8272557, 52.3576203 ], [ 4.8274212, 52.351815 ], [ 4.8342041, 52.3518972 ], [ 4.8341746, 52.3528623 ], [ 4.8340879, 52.354512 ], [ 4.8341178, 52.3555422 ], [ 4.8341569, 52.3560483 ], [ 4.834177, 52.3563163 ], [ 4.8342012, 52.3573276 ], [ 4.8341972, 52.3578928 ], [ 4.8282571, 52.3578264 ], [ 4.8282626, 52.3576313 ], [ 4.8272557, 52.3576203 ] ] ] } },
{ "type": "Feature", "properties": { "buurt_naam": "Medisch Centrum Slotervaart", "stadsdeel": "Nieuw-West", "bevolking": 885, "oppervlakte_km2": 0.3009, "bev_dichtheid": 2940.9 }, "geometry": { "type": "Polygon", "coordinates": [ [ [ 4.8211785, 52.3517388 ], [ 4.821265, 52.3489718 ], [ 4.8212956, 52.348644 ], [ 4.8213597, 52.3484402 ], [ 4.8222263, 52.346779 ], [ 4.8220966, 52.346701 ], [ 4.8220796, 52.3466551 ], [ 4.8221017, 52.3465284 ], [ 4.8221267, 52.3461853 ], [ 4.8221053, 52.3460199 ], [ 4.822124, 52.3459444 ], [ 4.8222192, 52.3458334 ], [ 4.8227025, 52.3454474 ], [ 4.8228292, 52.3453042 ], [ 4.8229339, 52.3451501 ], [ 4.822946, 52.3451098 ], [ 4.822956, 52.3449057 ], [ 4.8229436, 52.3448401 ], [ 4.8233152, 52.3447079 ], [ 4.8234402, 52.3446754 ], [ 4.8236652, 52.3446413 ], [ 4.8237958, 52.3446366 ], [ 4.8239367, 52.3446417 ], [ 4.8242269, 52.3446664 ], [ 4.8243187, 52.3447235 ], [ 4.8244353, 52.3447789 ], [ 4.8251347, 52.3449521 ], [ 4.8256881, 52.3450536 ], [ 4.8259284, 52.3450843 ], [ 4.8263886, 52.3451251 ], [ 4.8267715, 52.3451422 ], [ 4.8275947, 52.3451568 ], [ 4.8275744, 52.3455936 ], [ 4.8274212, 52.351815 ], [ 4.8211785, 52.3517388 ] ] ] } },
{ "type": "Feature", "properties": { "buurt_naam": "Staalmanbuurt", "stadsdeel": "Nieuw-West", "bevolking": 3840, "oppervlakte_km2": 0.3199, "bev_dichtheid": 12002.7 }, "geometry": { "type": "Polygon", "coordinates": [ [ [ 4.8274212, 52.351815 ], [ 4.8275744, 52.3455936 ], [ 4.8304347, 52.3455909 ], [ 4.8344141, 52.3456356 ], [ 4.8344094, 52.3457794 ], [ 4.8342604, 52.3484345 ], [ 4.8341925, 52.3504807 ], [ 4.8342089, 52.3510345 ], [ 4.8342041, 52.3518972 ], [ 4.8274212, 52.351815 ] ] ] } },
{ "type": "Feature", "properties": { "buurt_naam": "Schipluidenbuurt", "stadsdeel": "Nieuw-West", "bevolking": 1805, "oppervlakte_km2": 0.1161, "bev_dichtheid": 15552.4 }, "geometry": { "type": "Polygon", "coordinates": [ [ [ 4.8341972, 52.3578928 ], [ 4.8342012, 52.3573276 ], [ 4.834177, 52.3563163 ], [ 4.8341569, 52.3560483 ], [ 4.8425492, 52.3561393 ], [ 4.8424957, 52.3579833 ], [ 4.8341972, 52.3578928 ] ] ] } },
{ "type": "Feature", "properties": { "buurt_naam": "Koningin Wilhelminaplein", "stadsdeel": "Nieuw-West", "bevolking": 3410, "oppervlakte_km2": 0.2626, "bev_dichtheid": 12983.7 }, "geometry": { "type": "Polygon", "coordinates": [ [ [ 4.8341178, 52.3555422 ], [ 4.8340879, 52.354512 ], [ 4.8341746, 52.3528623 ], [ 4.8342041, 52.3518972 ], [ 4.8358009, 52.3519065 ], [ 4.8365149, 52.3519745 ], [ 4.8404203, 52.3520006 ], [ 4.8405443, 52.3520623 ], [ 4.8426327, 52.3520781 ], [ 4.8426487, 52.3524521 ], [ 4.8426434, 52.3530003 ], [ 4.8425492, 52.3561393 ], [ 4.8341569, 52.3560483 ], [ 4.8341178, 52.3555422 ] ] ] } },
{ "type": "Feature", "properties": { "buurt_naam": "Andreasterrein", "stadsdeel": "Nieuw-West", "bevolking": 1205, "oppervlakte_km2": 0.1768, "bev_dichtheid": 6817.4 }, "geometry": { "type": "Polygon", "coordinates": [ [ [ 4.8424957, 52.3579833 ], [ 4.8425492, 52.3561393 ], [ 4.8426434, 52.3530003 ], [ 4.8426487, 52.3524521 ], [ 4.8426327, 52.3520781 ], [ 4.8447929, 52.3520944 ], [ 4.84474, 52.3554806 ], [ 4.8489332, 52.3555069 ], [ 4.848891, 52.3579137 ], [ 4.848885, 52.3580448 ], [ 4.8424957, 52.3579833 ] ] ] } },
{ "type": "Feature", "properties": { "buurt_naam": "Delflandpleinbuurt-West", "stadsdeel": "Nieuw-West", "bevolking": 4745, "oppervlakte_km2": 0.3392, "bev_dichtheid": 13989.8 }, "geometry": { "type": "Polygon", "coordinates": [ [ [ 4.8342041, 52.3518972 ], [ 4.8342089, 52.3510345 ], [ 4.8341925, 52.3504807 ], [ 4.8342604, 52.3484345 ], [ 4.8344094, 52.3457794 ], [ 4.8347644, 52.3457828 ], [ 4.8364703, 52.3458581 ], [ 4.8367841, 52.3458739 ], [ 4.8369057, 52.3458924 ], [ 4.8369563, 52.3458406 ], [ 4.8371069, 52.3458871 ], [ 4.8371627, 52.3460007 ], [ 4.8371802, 52.3460052 ], [ 4.8379725, 52.3460197 ], [ 4.8380333, 52.3459759 ], [ 4.8381083, 52.3459529 ], [ 4.8382919, 52.3459502 ], [ 4.8383504, 52.3459603 ], [ 4.8383754, 52.3459505 ], [ 4.8384017, 52.345965 ], [ 4.8384383, 52.345967 ], [ 4.8384708, 52.3459555 ], [ 4.8384957, 52.3459717 ], [ 4.8385454, 52.3459719 ], [ 4.8385734, 52.3459604 ], [ 4.8386085, 52.3459777 ], [ 4.8386393, 52.3459806 ], [ 4.8386747, 52.3459636 ], [ 4.8387068, 52.3459889 ], [ 4.8388295, 52.3460281 ], [ 4.8391684, 52.3460423 ], [ 4.8391802, 52.346037 ], [ 4.83918, 52.3460424 ], [ 4.8392357, 52.3460444 ], [ 4.8393183, 52.3460223 ], [ 4.8393789, 52.3459885 ], [ 4.8394132, 52.3459373 ], [ 4.8398031, 52.3459787 ], [ 4.8398835, 52.3460069 ], [ 4.8400959, 52.3460339 ], [ 4.8402012, 52.3460659 ], [ 4.8402558, 52.3460374 ], [ 4.8405318, 52.346036 ], [ 4.8405481, 52.3460235 ], [ 4.8409883, 52.3460273 ], [ 4.840996, 52.3465882 ], [ 4.8410216, 52.3470099 ], [ 4.8410812, 52.3474154 ], [ 4.8411892, 52.3479435 ], [ 4.8413419, 52.348416 ], [ 4.8414245, 52.3486276 ], [ 4.8417504, 52.3493427 ], [ 4.8420065, 52.3498706 ], [ 4.8422564, 52.3504479 ], [ 4.8423556, 52.3507368 ], [ 4.8424797, 52.3511455 ], [ 4.8425688, 52.3515457 ], [ 4.8426327, 52.3520781 ], [ 4.8405443, 52.3520623 ], [ 4.8404203, 52.3520006 ], [ 4.8365149, 52.3519745 ], [ 4.8358009, 52.3519065 ], [ 4.8342041, 52.3518972 ] ] ] } },
{ "type": "Feature", "properties": { "buurt_naam": "Delflandpleinbuurt-Oost", "stadsdeel": "Nieuw-West", "bevolking": 2105, "oppervlakte_km2": 0.1809, "bev_dichtheid": 11634.3 }, "geometry": { "type": "Polygon", "coordinates": [ [ [ 4.8425688, 52.3515457 ], [ 4.8424797, 52.3511455 ], [ 4.8423556, 52.3507368 ], [ 4.8422564, 52.3504479 ], [ 4.8420065, 52.3498706 ], [ 4.8417504, 52.3493427 ], [ 4.8414245, 52.3486276 ], [ 4.8413419, 52.348416 ], [ 4.8411892, 52.3479435 ], [ 4.8410812, 52.3474154 ], [ 4.8410216, 52.3470099 ], [ 4.840996, 52.3465882 ], [ 4.8409883, 52.3460273 ], [ 4.8419441, 52.3459823 ], [ 4.8423451, 52.3459554 ], [ 4.842348, 52.3459643 ], [ 4.8428386, 52.3459343 ], [ 4.8434655, 52.3459083 ], [ 4.8440159, 52.3458983 ], [ 4.8443341, 52.3459133 ], [ 4.8446901, 52.3459643 ], [ 4.8450282, 52.3460485 ], [ 4.8452021, 52.3461069 ], [ 4.8453714, 52.346175 ], [ 4.8456529, 52.346321 ], [ 4.8458844, 52.3464803 ], [ 4.8460832, 52.3466608 ], [ 4.8458208, 52.3467657 ], [ 4.8457295, 52.346778 ], [ 4.8456474, 52.3467775 ], [ 4.8456462, 52.346881 ], [ 4.8455566, 52.3515828 ], [ 4.8455473, 52.3521005 ], [ 4.8447929, 52.3520944 ], [ 4.8426327, 52.3520781 ], [ 4.8425688, 52.3515457 ] ] ] } },
{ "type": "Feature", "properties": { "buurt_naam": "Riekerhaven", "stadsdeel": "Nieuw-West", "bevolking": 415, "oppervlakte_km2": 0.4149, "bev_dichtheid": 1000.2 }, "geometry": { "type": "Polygon", "coordinates": [ [ [ 4.8344094, 52.3457794 ], [ 4.8344141, 52.3456356 ], [ 4.8344396, 52.344531 ], [ 4.8344545, 52.3443811 ], [ 4.8345215, 52.344083 ], [ 4.8346079, 52.3438551 ], [ 4.8346712, 52.3433727 ], [ 4.8349252, 52.3418182 ], [ 4.8350142, 52.3415067 ], [ 4.8351961, 52.3410393 ], [ 4.8354863, 52.3405921 ], [ 4.8356741, 52.3403594 ], [ 4.8359999, 52.3400059 ], [ 4.8364364, 52.33959 ], [ 4.8365965, 52.3394541 ], [ 4.8369343, 52.3391914 ], [ 4.8371134, 52.3390647 ], [ 4.8374921, 52.3388227 ], [ 4.8378925, 52.3385955 ], [ 4.8381022, 52.3384877 ], [ 4.8385362, 52.3382838 ], [ 4.8387618, 52.3381888 ], [ 4.8392247, 52.3380112 ], [ 4.8394633, 52.3379295 ], [ 4.8397051, 52.3378516 ], [ 4.8402011, 52.337711 ], [ 4.8409799, 52.3376301 ], [ 4.8416496, 52.3375783 ], [ 4.8423806, 52.337544 ], [ 4.8431129, 52.3375311 ], [ 4.8437703, 52.3375369 ], [ 4.8443262, 52.3375537 ], [ 4.8470316, 52.3376929 ], [ 4.8469717, 52.3381473 ], [ 4.846856, 52.3381387 ], [ 4.8468529, 52.3381468 ], [ 4.8466639, 52.3381334 ], [ 4.8466654, 52.3381244 ], [ 4.8465204, 52.338113 ], [ 4.8465158, 52.3381201 ], [ 4.8464718, 52.3381172 ], [ 4.846472, 52.33811 ], [ 4.8460085, 52.338081 ], [ 4.8460101, 52.3380701 ], [ 4.8459999, 52.3380692 ], [ 4.845991, 52.3380827 ], [ 4.8459807, 52.3380764 ], [ 4.845705, 52.3380661 ], [ 4.8453293, 52.3380706 ], [ 4.8449842, 52.3380916 ], [ 4.844642, 52.3381304 ], [ 4.8443832, 52.3381751 ], [ 4.8440696, 52.33825 ], [ 4.8437397, 52.338351 ], [ 4.8434478, 52.3384656 ], [ 4.8432089, 52.3385787 ], [ 4.8429974, 52.3387043 ], [ 4.8427695, 52.3388651 ], [ 4.842553, 52.3390556 ], [ 4.8423744, 52.3392516 ], [ 4.8422415, 52.3394406 ], [ 4.8421365, 52.3396225 ], [ 4.8420595, 52.3398119 ], [ 4.8420073, 52.3399842 ], [ 4.8419326, 52.3403497 ], [ 4.8418063, 52.3410671 ], [ 4.8417328, 52.3415684 ], [ 4.8415309, 52.3431825 ], [ 4.8415203, 52.3432058 ], [ 4.8415196, 52.343275 ], [ 4.8415049, 52.3432749 ], [ 4.841494, 52.3434367 ], [ 4.8415175, 52.3434368 ], [ 4.8415153, 52.3435042 ], [ 4.8415049, 52.3435041 ], [ 4.8415062, 52.3437585 ], [ 4.841527, 52.3440992 ], [ 4.841652, 52.3451558 ], [ 4.8416626, 52.3453698 ], [ 4.8416356, 52.3454119 ], [ 4.8416369, 52.3454362 ], [ 4.8416669, 52.3454903 ], [ 4.841731, 52.345531 ], [ 4.8417925, 52.3455475 ], [ 4.8419464, 52.3455625 ], [ 4.8419441, 52.3459823 ], [ 4.8409883, 52.3460273 ], [ 4.8405481, 52.3460235 ], [ 4.8405318, 52.346036 ], [ 4.8402558, 52.3460374 ], [ 4.8402012, 52.3460659 ], [ 4.8400959, 52.3460339 ], [ 4.8398835, 52.3460069 ], [ 4.8398031, 52.3459787 ], [ 4.8394132, 52.3459373 ], [ 4.8393789, 52.3459885 ], [ 4.8393183, 52.3460223 ], [ 4.8392357, 52.3460444 ], [ 4.83918, 52.3460424 ], [ 4.8391802, 52.346037 ], [ 4.8391684, 52.3460423 ], [ 4.8388295, 52.3460281 ], [ 4.8387068, 52.3459889 ], [ 4.8386747, 52.3459636 ], [ 4.8386393, 52.3459806 ], [ 4.8386085, 52.3459777 ], [ 4.8385734, 52.3459604 ], [ 4.8385454, 52.3459719 ], [ 4.8384957, 52.3459717 ], [ 4.8384708, 52.3459555 ], [ 4.8384383, 52.345967 ], [ 4.8384017, 52.345965 ], [ 4.8383754, 52.3459505 ], [ 4.8383504, 52.3459603 ], [ 4.8382919, 52.3459502 ], [ 4.8381083, 52.3459529 ], [ 4.8380333, 52.3459759 ], [ 4.8379725, 52.3460197 ], [ 4.8371802, 52.3460052 ], [ 4.8371627, 52.3460007 ], [ 4.8371069, 52.3458871 ], [ 4.8369563, 52.3458406 ], [ 4.8369057, 52.3458924 ], [ 4.8367841, 52.3458739 ], [ 4.8364703, 52.3458581 ], [ 4.8347644, 52.3457828 ], [ 4.8344094, 52.3457794 ] ] ] } },
{ "type": "Feature", "properties": { "buurt_naam": "Dorp Sloten", "stadsdeel": "Nieuw-West", "bevolking": 730, "oppervlakte_km2": 0.6098, "bev_dichtheid": 1197.0 }, "geometry": { "type": "Polygon", "coordinates": [ [ [ 4.7911079, 52.3415028 ], [ 4.7914436, 52.3412986 ], [ 4.7917878, 52.3410308 ], [ 4.7923246, 52.3405068 ], [ 4.7960906, 52.3368011 ], [ 4.7973317, 52.3355994 ], [ 4.7977716, 52.3352852 ], [ 4.7982224, 52.3350447 ], [ 4.7988021, 52.3348032 ], [ 4.7990175, 52.3349417 ], [ 4.8014744, 52.3364351 ], [ 4.8015338, 52.3364857 ], [ 4.8015685, 52.3365434 ], [ 4.8015766, 52.3365838 ], [ 4.8015656, 52.3366431 ], [ 4.8015059, 52.3367219 ], [ 4.8007615, 52.3371955 ], [ 4.8006547, 52.3372938 ], [ 4.8006259, 52.3373584 ], [ 4.8008165, 52.3384864 ], [ 4.8010123, 52.3395497 ], [ 4.8010552, 52.3398591 ], [ 4.8010208, 52.340134 ], [ 4.8010378, 52.3401799 ], [ 4.8011433, 52.3402972 ], [ 4.8011963, 52.3407316 ], [ 4.8011767, 52.3408843 ], [ 4.8011099, 52.3409316 ], [ 4.8011219, 52.3411365 ], [ 4.8011636, 52.3413166 ], [ 4.8011912, 52.3413356 ], [ 4.8012514, 52.3413331 ], [ 4.801275, 52.341548 ], [ 4.8013693, 52.3419646 ], [ 4.8016518, 52.3431354 ], [ 4.7993113, 52.3435759 ], [ 4.7999373, 52.3449559 ], [ 4.8002999, 52.3457234 ], [ 4.8004708, 52.34601 ], [ 4.8008344, 52.3468135 ], [ 4.8005779, 52.3467917 ], [ 4.8004809, 52.3468011 ], [ 4.8003043, 52.3468361 ], [ 4.8001125, 52.3469089 ], [ 4.7977511, 52.3483523 ], [ 4.7974454, 52.3481639 ], [ 4.7971647, 52.3479746 ], [ 4.7967142, 52.3476335 ], [ 4.7961551, 52.3470717 ], [ 4.7955761, 52.3462536 ], [ 4.7954926, 52.3461354 ], [ 4.7911079, 52.3415028 ] ] ] } },
{ "type": "Feature", "properties": { "buurt_naam": "Nieuw-Sloten-Noordwest", "stadsdeel": "Nieuw-West", "bevolking": 3000, "oppervlakte_km2": 0.3721, "bev_dichtheid": 8062.7 }, "geometry": { "type": "Polygon", "coordinates": [ [ [ 4.7977511, 52.3483523 ], [ 4.8001125, 52.3469089 ], [ 4.8003043, 52.3468361 ], [ 4.8004809, 52.3468011 ], [ 4.8005779, 52.3467917 ], [ 4.8008344, 52.3468135 ], [ 4.8004708, 52.34601 ], [ 4.8002999, 52.3457234 ], [ 4.7999373, 52.3449559 ], [ 4.8004801, 52.3448615 ], [ 4.8006142, 52.3448119 ], [ 4.8008572, 52.3447456 ], [ 4.8010661, 52.3447043 ], [ 4.8012368, 52.344681 ], [ 4.8015908, 52.3446494 ], [ 4.8018154, 52.3446398 ], [ 4.8021266, 52.3446404 ], [ 4.8023949, 52.3446543 ], [ 4.8028492, 52.3446988 ], [ 4.8063343, 52.3454017 ], [ 4.8097813, 52.3461007 ], [ 4.8106977, 52.3462686 ], [ 4.8104341, 52.3467923 ], [ 4.8102311, 52.3470546 ], [ 4.8081618, 52.3508958 ], [ 4.8036077, 52.3499765 ], [ 4.8011456, 52.3494799 ], [ 4.8005498, 52.3493665 ], [ 4.7999002, 52.3492068 ], [ 4.7994352, 52.3490742 ], [ 4.7988947, 52.3488837 ], [ 4.7985006, 52.3487244 ], [ 4.7980163, 52.3484983 ], [ 4.7977511, 52.3483523 ] ] ] } },
{ "type": "Feature", "properties": { "buurt_naam": "Nieuw-Sloten-Noordoost", "stadsdeel": "Nieuw-West", "bevolking": 3235, "oppervlakte_km2": 0.4784, "bev_dichtheid": 6762.0 }, "geometry": { "type": "Polygon", "coordinates": [ [ [ 4.8081618, 52.3508958 ], [ 4.8102311, 52.3470546 ], [ 4.8104341, 52.3467923 ], [ 4.8106977, 52.3462686 ], [ 4.8111812, 52.3463232 ], [ 4.8116771, 52.3463489 ], [ 4.8139939, 52.3463781 ], [ 4.8157724, 52.3463913 ], [ 4.8160673, 52.346399 ], [ 4.8164356, 52.3464088 ], [ 4.8208098, 52.3464523 ], [ 4.8221017, 52.3465284 ], [ 4.8220796, 52.3466551 ], [ 4.8220966, 52.346701 ], [ 4.8222263, 52.346779 ], [ 4.8213597, 52.3484402 ], [ 4.8212956, 52.348644 ], [ 4.821265, 52.3489718 ], [ 4.8211785, 52.3517388 ], [ 4.8204371, 52.351746 ], [ 4.8141944, 52.3516594 ], [ 4.8129555, 52.3516678 ], [ 4.8126651, 52.3516591 ], [ 4.812231, 52.3516328 ], [ 4.8117121, 52.35158 ], [ 4.8111027, 52.3514872 ], [ 4.8081618, 52.3508958 ] ] ] } },
{ "type": "Feature", "properties": { "buurt_naam": "Nieuw-Sloten-Zuidwest", "stadsdeel": "Nieuw-West", "bevolking": 2170, "oppervlakte_km2": 0.2308, "bev_dichtheid": 9402.5 }, "geometry": { "type": "Polygon", "coordinates": [ [ [ 4.7999373, 52.3449559 ], [ 4.7993113, 52.3435759 ], [ 4.8016518, 52.3431354 ], [ 4.8013693, 52.3419646 ], [ 4.8019973, 52.3420873 ], [ 4.8022449, 52.3421128 ], [ 4.803445, 52.342125 ], [ 4.8039603, 52.3421176 ], [ 4.8045397, 52.3421367 ], [ 4.8091904, 52.3422142 ], [ 4.8099486, 52.3422386 ], [ 4.8100468, 52.3422561 ], [ 4.8102003, 52.3423081 ], [ 4.810275, 52.3423219 ], [ 4.8104523, 52.3423381 ], [ 4.8115161, 52.3423378 ], [ 4.8114274, 52.3449968 ], [ 4.8067288, 52.3449667 ], [ 4.8066169, 52.3449986 ], [ 4.8065501, 52.3450459 ], [ 4.8063343, 52.3454017 ], [ 4.8028492, 52.3446988 ], [ 4.8023949, 52.3446543 ], [ 4.8021266, 52.3446404 ], [ 4.8018154, 52.3446398 ], [ 4.8015908, 52.3446494 ], [ 4.8012368, 52.344681 ], [ 4.8010661, 52.3447043 ], [ 4.8008572, 52.3447456 ], [ 4.8006142, 52.3448119 ], [ 4.8004801, 52.3448615 ], [ 4.7999373, 52.3449559 ] ] ] } },
{ "type": "Feature", "properties": { "buurt_naam": "Belgiëplein e.o.", "stadsdeel": "Nieuw-West", "bevolking": 1130, "oppervlakte_km2": 0.0826, "bev_dichtheid": 13685.7 }, "geometry": { "type": "Polygon", "coordinates": [ [ [ 4.8063343, 52.3454017 ], [ 4.8065501, 52.3450459 ], [ 4.8066169, 52.3449986 ], [ 4.8067288, 52.3449667 ], [ 4.8114274, 52.3449968 ], [ 4.8157149, 52.3450482 ], [ 4.8158292, 52.3450542 ], [ 4.8159155, 52.3450752 ], [ 4.8159842, 52.3451043 ], [ 4.8160381, 52.3451396 ], [ 4.8160843, 52.3451947 ], [ 4.8161027, 52.3452407 ], [ 4.8160673, 52.346399 ], [ 4.8157724, 52.3463913 ], [ 4.8139939, 52.3463781 ], [ 4.8116771, 52.3463489 ], [ 4.8111812, 52.3463232 ], [ 4.8106977, 52.3462686 ], [ 4.8097813, 52.3461007 ], [ 4.8063343, 52.3454017 ] ] ] } },
{ "type": "Feature", "properties": { "buurt_naam": "Nieuw-Sloten-Zuidoost", "stadsdeel": "Nieuw-West", "bevolking": 2115, "oppervlakte_km2": 0.2552, "bev_dichtheid": 8288.5 }, "geometry": { "type": "Polygon", "coordinates": [ [ [ 4.8114274, 52.3449968 ], [ 4.8115161, 52.3423378 ], [ 4.8139136, 52.3423656 ], [ 4.8139985, 52.3423804 ], [ 4.8140643, 52.3424023 ], [ 4.8142523, 52.342494 ], [ 4.8142724, 52.3425381 ], [ 4.8143043, 52.3425671 ], [ 4.8143436, 52.3425843 ], [ 4.8144008, 52.3425927 ], [ 4.8164196, 52.3426167 ], [ 4.8165622, 52.342603 ], [ 4.8168522, 52.3425363 ], [ 4.8170021, 52.342518 ], [ 4.8180189, 52.3425293 ], [ 4.8181432, 52.3425479 ], [ 4.8183028, 52.3425898 ], [ 4.8188554, 52.3428604 ], [ 4.8189402, 52.3428896 ], [ 4.8190149, 52.342899 ], [ 4.8197631, 52.3429088 ], [ 4.819832, 52.3429172 ], [ 4.8199256, 52.342941 ], [ 4.820038, 52.3429891 ], [ 4.8201295, 52.3430578 ], [ 4.8203026, 52.3433006 ], [ 4.8208266, 52.3432985 ], [ 4.8208946, 52.343377 ], [ 4.8210035, 52.3434593 ], [ 4.8224768, 52.3442743 ], [ 4.8226252, 52.3443739 ], [ 4.8227427, 52.3444788 ], [ 4.8228367, 52.3445933 ], [ 4.8229042, 52.344714 ], [ 4.8229436, 52.3448401 ], [ 4.822956, 52.3449057 ], [ 4.822946, 52.3451098 ], [ 4.8229339, 52.3451501 ], [ 4.8228292, 52.3453042 ], [ 4.8227025, 52.3454474 ], [ 4.8222192, 52.3458334 ], [ 4.822124, 52.3459444 ], [ 4.8221053, 52.3460199 ], [ 4.8221267, 52.3461853 ], [ 4.8221017, 52.3465284 ], [ 4.8208098, 52.3464523 ], [ 4.8164356, 52.3464088 ], [ 4.8160673, 52.346399 ], [ 4.8161027, 52.3452407 ], [ 4.8160843, 52.3451947 ], [ 4.8160381, 52.3451396 ], [ 4.8159842, 52.3451043 ], [ 4.8159155, 52.3450752 ], [ 4.8158292, 52.3450542 ], [ 4.8157149, 52.3450482 ], [ 4.8114274, 52.3449968 ] ] ] } },
{ "type": "Feature", "properties": { "buurt_naam": "Sloterweg e.o.", "stadsdeel": "Nieuw-West", "bevolking": 330, "oppervlakte_km2": 0.8593, "bev_dichtheid": 384.0 }, "geometry": { "type": "Polygon", "coordinates": [ [ [ 4.7988021, 52.3348032 ], [ 4.8030538, 52.3330356 ], [ 4.8073245, 52.3356442 ], [ 4.8083263, 52.3362197 ], [ 4.8088918, 52.3365074 ], [ 4.8093891, 52.3367479 ], [ 4.8097627, 52.3369089 ], [ 4.8101361, 52.3370634 ], [ 4.8106502, 52.3372583 ], [ 4.8112988, 52.3374798 ], [ 4.8119959, 52.337689 ], [ 4.8126276, 52.3378557 ], [ 4.8134177, 52.3380366 ], [ 4.8143954, 52.3382174 ], [ 4.8150325, 52.3383104 ], [ 4.815705, 52.338391 ], [ 4.8161696, 52.3384336 ], [ 4.8170859, 52.3384911 ], [ 4.8175346, 52.3385085 ], [ 4.8184266, 52.3385245 ], [ 4.8199218, 52.3385199 ], [ 4.819934, 52.3395247 ], [ 4.8199883, 52.3397489 ], [ 4.8199506, 52.3401846 ], [ 4.8199867, 52.340458 ], [ 4.8199384, 52.3409035 ], [ 4.8199162, 52.3414993 ], [ 4.8199913, 52.3415851 ], [ 4.8199895, 52.3417306 ], [ 4.8200102, 52.3418368 ], [ 4.81998, 52.3420137 ], [ 4.8208762, 52.3420513 ], [ 4.8207642, 52.3431167 ], [ 4.8207793, 52.3432048 ], [ 4.8208266, 52.3432985 ], [ 4.8203026, 52.3433006 ], [ 4.8201295, 52.3430578 ], [ 4.820038, 52.3429891 ], [ 4.8199256, 52.342941 ], [ 4.819832, 52.3429172 ], [ 4.8197631, 52.3429088 ], [ 4.8190149, 52.342899 ], [ 4.8189402, 52.3428896 ], [ 4.8188554, 52.3428604 ], [ 4.8183028, 52.3425898 ], [ 4.8181432, 52.3425479 ], [ 4.8180189, 52.3425293 ], [ 4.8170021, 52.342518 ], [ 4.8168522, 52.3425363 ], [ 4.8165622, 52.342603 ], [ 4.8164196, 52.3426167 ], [ 4.8144008, 52.3425927 ], [ 4.8143436, 52.3425843 ], [ 4.8143043, 52.3425671 ], [ 4.8142724, 52.3425381 ], [ 4.8142523, 52.342494 ], [ 4.8140643, 52.3424023 ], [ 4.8139985, 52.3423804 ], [ 4.8139136, 52.3423656 ], [ 4.8115161, 52.3423378 ], [ 4.8104523, 52.3423381 ], [ 4.810275, 52.3423219 ], [ 4.8102003, 52.3423081 ], [ 4.8100468, 52.3422561 ], [ 4.8099486, 52.3422386 ], [ 4.8091904, 52.3422142 ], [ 4.8045397, 52.3421367 ], [ 4.8039603, 52.3421176 ], [ 4.803445, 52.342125 ], [ 4.8022449, 52.3421128 ], [ 4.8019973, 52.3420873 ], [ 4.8013693, 52.3419646 ], [ 4.801275, 52.341548 ], [ 4.8012514, 52.3413331 ], [ 4.8011912, 52.3413356 ], [ 4.8011636, 52.3413166 ], [ 4.8011219, 52.3411365 ], [ 4.8011099, 52.3409316 ], [ 4.8011767, 52.3408843 ], [ 4.8011963, 52.3407316 ], [ 4.8011433, 52.3402972 ], [ 4.8010378, 52.3401799 ], [ 4.8010208, 52.340134 ], [ 4.8010552, 52.3398591 ], [ 4.8010123, 52.3395497 ], [ 4.8008165, 52.3384864 ], [ 4.8006259, 52.3373584 ], [ 4.8006547, 52.3372938 ], [ 4.8007615, 52.3371955 ], [ 4.8015059, 52.3367219 ], [ 4.8015656, 52.3366431 ], [ 4.8015766, 52.3365838 ], [ 4.8015685, 52.3365434 ], [ 4.8015338, 52.3364857 ], [ 4.8014744, 52.3364351 ], [ 4.7990175, 52.3349417 ], [ 4.7988021, 52.3348032 ] ] ] } },
{ "type": "Feature", "properties": { "buurt_naam": "Park Haagseweg", "stadsdeel": "Nieuw-West", "bevolking": 965, "oppervlakte_km2": 0.1209, "bev_dichtheid": 7984.4 }, "geometry": { "type": "Polygon", "coordinates": [ [ [ 4.8208266, 52.3432985 ], [ 4.8207793, 52.3432048 ], [ 4.8207642, 52.3431167 ], [ 4.8208762, 52.3420513 ], [ 4.8220537, 52.3421153 ], [ 4.822827, 52.3421181 ], [ 4.8232038, 52.3421414 ], [ 4.8239734, 52.3422098 ], [ 4.8250073, 52.3423756 ], [ 4.8256763, 52.342491 ], [ 4.8263679, 52.3425816 ], [ 4.8265366, 52.3425958 ], [ 4.8269061, 52.3426083 ], [ 4.8277132, 52.3426095 ], [ 4.8277486, 52.3434176 ], [ 4.8277421, 52.3438148 ], [ 4.8277022, 52.3443045 ], [ 4.8276233, 52.3447436 ], [ 4.8275947, 52.3451568 ], [ 4.8267715, 52.3451422 ], [ 4.8263886, 52.3451251 ], [ 4.8259284, 52.3450843 ], [ 4.8256881, 52.3450536 ], [ 4.8251347, 52.3449521 ], [ 4.8244353, 52.3447789 ], [ 4.8243187, 52.3447235 ], [ 4.8242269, 52.3446664 ], [ 4.8239367, 52.3446417 ], [ 4.8237958, 52.3446366 ], [ 4.8236652, 52.3446413 ], [ 4.8234402, 52.3446754 ], [ 4.8233152, 52.3447079 ], [ 4.8229436, 52.3448401 ], [ 4.8229042, 52.344714 ], [ 4.8228367, 52.3445933 ], [ 4.8227427, 52.3444788 ], [ 4.8226252, 52.3443739 ], [ 4.8224768, 52.3442743 ], [ 4.8210035, 52.3434593 ], [ 4.8208946, 52.343377 ], [ 4.8208266, 52.3432985 ] ] ] } },
{ "type": "Feature", "properties": { "buurt_naam": "Riekerpolder", "stadsdeel": "Nieuw-West", "bevolking": 655, "oppervlakte_km2": 0.6432, "bev_dichtheid": 1018.3 }, "geometry": { "type": "Polygon", "coordinates": [ [ [ 4.81998, 52.3420137 ], [ 4.8200102, 52.3418368 ], [ 4.8199895, 52.3417306 ], [ 4.8199913, 52.3415851 ], [ 4.8199162, 52.3414993 ], [ 4.8199384, 52.3409035 ], [ 4.8199867, 52.340458 ], [ 4.8199506, 52.3401846 ], [ 4.8199883, 52.3397489 ], [ 4.819934, 52.3395247 ], [ 4.8199218, 52.3385199 ], [ 4.832922, 52.3384258 ], [ 4.8335911, 52.3384172 ], [ 4.8343691, 52.3383921 ], [ 4.8351443, 52.3383499 ], [ 4.8355306, 52.3383221 ], [ 4.8359155, 52.3382898 ], [ 4.8366824, 52.3382115 ], [ 4.8374436, 52.3381161 ], [ 4.8394957, 52.3378039 ], [ 4.8402011, 52.337711 ], [ 4.8397051, 52.3378516 ], [ 4.8394633, 52.3379295 ], [ 4.8392247, 52.3380112 ], [ 4.8387618, 52.3381888 ], [ 4.8385362, 52.3382838 ], [ 4.8381022, 52.3384877 ], [ 4.8378925, 52.3385955 ], [ 4.8374921, 52.3388227 ], [ 4.8371134, 52.3390647 ], [ 4.8369343, 52.3391914 ], [ 4.8365965, 52.3394541 ], [ 4.8364364, 52.33959 ], [ 4.8359999, 52.3400059 ], [ 4.8356741, 52.3403594 ], [ 4.8354863, 52.3405921 ], [ 4.8351961, 52.3410393 ], [ 4.8350142, 52.3415067 ], [ 4.8349252, 52.3418182 ], [ 4.8346712, 52.3433727 ], [ 4.8346079, 52.3438551 ], [ 4.8345215, 52.344083 ], [ 4.8344545, 52.3443811 ], [ 4.8344396, 52.344531 ], [ 4.8344141, 52.3456356 ], [ 4.8304347, 52.3455909 ], [ 4.8275744, 52.3455936 ], [ 4.8275947, 52.3451568 ], [ 4.8276233, 52.3447436 ], [ 4.8277022, 52.3443045 ], [ 4.8277421, 52.3438148 ], [ 4.8277486, 52.3434176 ], [ 4.8277132, 52.3426095 ], [ 4.8269061, 52.3426083 ], [ 4.8265366, 52.3425958 ], [ 4.8263679, 52.3425816 ], [ 4.8256763, 52.342491 ], [ 4.8250073, 52.3423756 ], [ 4.8239734, 52.3422098 ], [ 4.8232038, 52.3421414 ], [ 4.822827, 52.3421181 ], [ 4.8220537, 52.3421153 ], [ 4.8208762, 52.3420513 ], [ 4.81998, 52.3420137 ] ] ] } },
{ "type": "Feature", "properties": { "buurt_naam": "Nieuwe Meer", "stadsdeel": "Nieuw-West", "bevolking": 165, "oppervlakte_km2": 2.265, "bev_dichtheid": 72.8 }, "geometry": { "type": "Polygon", "coordinates": [ [ [ 4.8030538, 52.3330356 ], [ 4.807724, 52.3310938 ], [ 4.8126738, 52.3290533 ], [ 4.8154409, 52.3278956 ], [ 4.8164095, 52.3274087 ], [ 4.8171271, 52.3269277 ], [ 4.8173306, 52.3270769 ], [ 4.822131, 52.3308244 ], [ 4.8355582, 52.3310071 ], [ 4.8383383, 52.3314855 ], [ 4.8462239, 52.3341292 ], [ 4.8470942, 52.3362847 ], [ 4.8471395, 52.3369033 ], [ 4.8470316, 52.3376929 ], [ 4.8443262, 52.3375537 ], [ 4.8437703, 52.3375369 ], [ 4.8431129, 52.3375311 ], [ 4.8423806, 52.337544 ], [ 4.8416496, 52.3375783 ], [ 4.8409799, 52.3376301 ], [ 4.8402011, 52.337711 ], [ 4.8394957, 52.3378039 ], [ 4.8374436, 52.3381161 ], [ 4.8366824, 52.3382115 ], [ 4.8359155, 52.3382898 ], [ 4.8355306, 52.3383221 ], [ 4.8351443, 52.3383499 ], [ 4.8343691, 52.3383921 ], [ 4.8335911, 52.3384172 ], [ 4.832922, 52.3384258 ], [ 4.8199218, 52.3385199 ], [ 4.8184266, 52.3385245 ], [ 4.8175346, 52.3385085 ], [ 4.8170859, 52.3384911 ], [ 4.8161696, 52.3384336 ], [ 4.815705, 52.338391 ], [ 4.8150325, 52.3383104 ], [ 4.8143954, 52.3382174 ], [ 4.8134177, 52.3380366 ], [ 4.8126276, 52.3378557 ], [ 4.8119959, 52.337689 ], [ 4.8112988, 52.3374798 ], [ 4.8106502, 52.3372583 ], [ 4.8101361, 52.3370634 ], [ 4.8097627, 52.3369089 ], [ 4.8093891, 52.3367479 ], [ 4.8088918, 52.3365074 ], [ 4.8083263, 52.3362197 ], [ 4.8073245, 52.3356442 ], [ 4.8030538, 52.3330356 ] ] ] } },
{ "type": "Feature", "properties": { "buurt_naam": "Westlandgrachtbuurt", "stadsdeel": "Zuid", "bevolking": 3580, "oppervlakte_km2": 0.1873, "bev_dichtheid": 19108.7 }, "geometry": { "type": "Polygon", "coordinates": [ [ [ 4.8489332, 52.3555069 ], [ 4.84474, 52.3554806 ], [ 4.8447929, 52.3520944 ], [ 4.8455473, 52.3521005 ], [ 4.8455566, 52.3515828 ], [ 4.8494457, 52.3516069 ], [ 4.8503984, 52.3516129 ], [ 4.8503428, 52.3548725 ], [ 4.8502868, 52.3579173 ], [ 4.8500418, 52.3579225 ], [ 4.848891, 52.3579137 ], [ 4.8489332, 52.3555069 ] ] ] } },
{ "type": "Feature", "properties": { "buurt_naam": "Surinamepleinbuurt", "stadsdeel": "Zuid", "bevolking": 1400, "oppervlakte_km2": 0.0891, "bev_dichtheid": 15718.2 }, "geometry": { "type": "Polygon", "coordinates": [ [ [ 4.8502868, 52.3579173 ], [ 4.8503428, 52.3548725 ], [ 4.8516257, 52.3548836 ], [ 4.8518506, 52.3548506 ], [ 4.8521163, 52.3548464 ], [ 4.8524381, 52.3548092 ], [ 4.8533807, 52.3547937 ], [ 4.8535527, 52.3547764 ], [ 4.8536938, 52.3552508 ], [ 4.8537733, 52.3553463 ], [ 4.8541233, 52.3565226 ], [ 4.8543297, 52.3571832 ], [ 4.8547807, 52.3577559 ], [ 4.8538969, 52.3580243 ], [ 4.8536229, 52.3580932 ], [ 4.853551, 52.3580973 ], [ 4.8534044, 52.3580734 ], [ 4.8530078, 52.3579889 ], [ 4.8528439, 52.3579395 ], [ 4.8526505, 52.3579154 ], [ 4.8524567, 52.3579073 ], [ 4.852176, 52.357924 ], [ 4.8505746, 52.3579123 ], [ 4.8502868, 52.3579173 ] ] ] } },
{ "type": "Feature", "properties": { "buurt_naam": "Legmeerpleinbuurt", "stadsdeel": "Zuid", "bevolking": 1670, "oppervlakte_km2": 0.0752, "bev_dichtheid": 22193.9 }, "geometry": { "type": "Polygon", "coordinates": [ [ [ 4.8503428, 52.3548725 ], [ 4.8503984, 52.3516129 ], [ 4.8504082, 52.3510296 ], [ 4.8516263, 52.3510361 ], [ 4.8517585, 52.3510267 ], [ 4.85237, 52.3509513 ], [ 4.8535527, 52.3547764 ], [ 4.8533807, 52.3547937 ], [ 4.8524381, 52.3548092 ], [ 4.8521163, 52.3548464 ], [ 4.8518506, 52.3548506 ], [ 4.8516257, 52.3548836 ], [ 4.8503428, 52.3548725 ] ] ] } },
{ "type": "Feature", "properties": { "buurt_naam": "Aalsmeerwegbuurt-West", "stadsdeel": "Zuid", "bevolking": 2485, "oppervlakte_km2": 0.1048, "bev_dichtheid": 23720.9 }, "geometry": { "type": "Polygon", "coordinates": [ [ [ 4.8455566, 52.3515828 ], [ 4.8456462, 52.346881 ], [ 4.8460513, 52.346881 ], [ 4.8464661, 52.3468011 ], [ 4.8492772, 52.3496584 ], [ 4.8493334, 52.3497314 ], [ 4.8494167, 52.3498838 ], [ 4.8494632, 52.3500448 ], [ 4.8494457, 52.3516069 ], [ 4.8455566, 52.3515828 ] ] ] } },
{ "type": "Feature", "properties": { "buurt_naam": "Aalsmeerwegbuurt-Oost", "stadsdeel": "Zuid", "bevolking": 2180, "oppervlakte_km2": 0.1178, "bev_dichtheid": 18512.5 }, "geometry": { "type": "Polygon", "coordinates": [ [ [ 4.8456462, 52.346881 ], [ 4.8456474, 52.3467775 ], [ 4.8457295, 52.346778 ], [ 4.8458208, 52.3467657 ], [ 4.8460832, 52.3466608 ], [ 4.8458844, 52.3464803 ], [ 4.8456529, 52.346321 ], [ 4.8458735, 52.3461728 ], [ 4.8458737, 52.3459148 ], [ 4.8460829, 52.3458403 ], [ 4.8466244, 52.3458374 ], [ 4.8466279, 52.3457943 ], [ 4.8468569, 52.3456704 ], [ 4.8468599, 52.3454349 ], [ 4.8483009, 52.345446 ], [ 4.8482869, 52.3459834 ], [ 4.8482556, 52.3464974 ], [ 4.8482195, 52.3467039 ], [ 4.848204, 52.3468989 ], [ 4.8487002, 52.3469963 ], [ 4.8492138, 52.3471317 ], [ 4.8494784, 52.3472219 ], [ 4.8497625, 52.3473751 ], [ 4.849806, 52.3474282 ], [ 4.8509188, 52.3481271 ], [ 4.8513791, 52.3480493 ], [ 4.8515608, 52.3484482 ], [ 4.85237, 52.3509513 ], [ 4.8517585, 52.3510267 ], [ 4.8516263, 52.3510361 ], [ 4.8504082, 52.3510296 ], [ 4.8503984, 52.3516129 ], [ 4.8494457, 52.3516069 ], [ 4.8494632, 52.3500448 ], [ 4.8494167, 52.3498838 ], [ 4.8493334, 52.3497314 ], [ 4.8492772, 52.3496584 ], [ 4.8464661, 52.3468011 ], [ 4.8460513, 52.346881 ], [ 4.8456462, 52.346881 ] ] ] } },
{ "type": "Feature", "properties": { "buurt_naam": "Bedrijventerrein Schinkel", "stadsdeel": "Zuid", "bevolking": 265, "oppervlakte_km2": 0.3788, "bev_dichtheid": 699.6 }, "geometry": { "type": "Polygon", "coordinates": [ [ [ 4.8419464, 52.3455625 ], [ 4.8417925, 52.3455475 ], [ 4.841731, 52.345531 ], [ 4.8416669, 52.3454903 ], [ 4.8416369, 52.3454362 ], [ 4.8416356, 52.3454119 ], [ 4.8416626, 52.3453698 ], [ 4.841652, 52.3451558 ], [ 4.841527, 52.3440992 ], [ 4.8415062, 52.3437585 ], [ 4.8415049, 52.3435041 ], [ 4.8415153, 52.3435042 ], [ 4.8415175, 52.3434368 ], [ 4.841494, 52.3434367 ], [ 4.8415049, 52.3432749 ], [ 4.8415196, 52.343275 ], [ 4.8415203, 52.3432058 ], [ 4.8415309, 52.3431825 ], [ 4.8417328, 52.3415684 ], [ 4.8418063, 52.3410671 ], [ 4.8419326, 52.3403497 ], [ 4.8420073, 52.3399842 ], [ 4.8420595, 52.3398119 ], [ 4.8421365, 52.3396225 ], [ 4.8422415, 52.3394406 ], [ 4.8423744, 52.3392516 ], [ 4.842553, 52.3390556 ], [ 4.8427695, 52.3388651 ], [ 4.8429974, 52.3387043 ], [ 4.8432089, 52.3385787 ], [ 4.8434478, 52.3384656 ], [ 4.8437397, 52.338351 ], [ 4.8440696, 52.33825 ], [ 4.8443832, 52.3381751 ], [ 4.844642, 52.3381304 ], [ 4.8449842, 52.3380916 ], [ 4.8453293, 52.3380706 ], [ 4.845705, 52.3380661 ], [ 4.8459807, 52.3380764 ], [ 4.845991, 52.3380827 ], [ 4.8459999, 52.3380692 ], [ 4.8460101, 52.3380701 ], [ 4.8460085, 52.338081 ], [ 4.846472, 52.33811 ], [ 4.8464718, 52.3381172 ], [ 4.8465158, 52.3381201 ], [ 4.8465204, 52.338113 ], [ 4.8466654, 52.3381244 ], [ 4.8466639, 52.3381334 ], [ 4.8468529, 52.3381468 ], [ 4.846856, 52.3381387 ], [ 4.8469717, 52.3381473 ], [ 4.8468027, 52.3394992 ], [ 4.8467867, 52.3397283 ], [ 4.8467825, 52.3399575 ], [ 4.846793, 52.3403009 ], [ 4.846827, 52.3406443 ], [ 4.8468657, 52.340835 ], [ 4.8470977, 52.3413169 ], [ 4.847417, 52.3418468 ], [ 4.8476446, 52.3421948 ], [ 4.8481807, 52.342768 ], [ 4.8488152, 52.3434395 ], [ 4.8490618, 52.3438011 ], [ 4.8505741, 52.3467694 ], [ 4.8511654, 52.3476438 ], [ 4.8512776, 52.3478286 ], [ 4.8513791, 52.3480493 ], [ 4.8509188, 52.3481271 ], [ 4.849806, 52.3474282 ], [ 4.8497625, 52.3473751 ], [ 4.8494784, 52.3472219 ], [ 4.8492138, 52.3471317 ], [ 4.8487002, 52.3469963 ], [ 4.848204, 52.3468989 ], [ 4.8482195, 52.3467039 ], [ 4.8482556, 52.3464974 ], [ 4.8482869, 52.3459834 ], [ 4.8483009, 52.345446 ], [ 4.8468599, 52.3454349 ], [ 4.8468569, 52.3456704 ], [ 4.8466279, 52.3457943 ], [ 4.8466244, 52.3458374 ], [ 4.8460829, 52.3458403 ], [ 4.8458737, 52.3459148 ], [ 4.8458735, 52.3461728 ], [ 4.8456529, 52.346321 ], [ 4.8453714, 52.346175 ], [ 4.8452021, 52.3461069 ], [ 4.8450282, 52.3460485 ], [ 4.8446901, 52.3459643 ], [ 4.8443341, 52.3459133 ], [ 4.8440159, 52.3458983 ], [ 4.8434655, 52.3459083 ], [ 4.8428386, 52.3459343 ], [ 4.842348, 52.3459643 ], [ 4.8423451, 52.3459554 ], [ 4.8419441, 52.3459823 ], [ 4.8419464, 52.3455625 ] ] ] } },
{ "type": "Feature", "properties": { "buurt_naam": "Schinkelbuurt-Noord", "stadsdeel": "Zuid", "bevolking": 2405, "oppervlakte_km2": 0.1076, "bev_dichtheid": 22341.7 }, "geometry": { "type": "Polygon", "coordinates": [ [ [ 4.85237, 52.3509513 ], [ 4.8534843, 52.3508063 ], [ 4.8537017, 52.3508028 ], [ 4.8541693, 52.3508417 ], [ 4.8543684, 52.3508821 ], [ 4.8566079, 52.3515222 ], [ 4.856324, 52.3521896 ], [ 4.8561304, 52.3527856 ], [ 4.8556521, 52.3541289 ], [ 4.8554944, 52.3546674 ], [ 4.8558428, 52.3546231 ], [ 4.8557514, 52.3546667 ], [ 4.8557124, 52.3547242 ], [ 4.8557278, 52.3547898 ], [ 4.8557465, 52.3548141 ], [ 4.8558063, 52.3548521 ], [ 4.8557015, 52.3550188 ], [ 4.8556663, 52.3550258 ], [ 4.855027, 52.3563217 ], [ 4.8550846, 52.3564101 ], [ 4.8541233, 52.3565226 ], [ 4.8537733, 52.3553463 ], [ 4.8536938, 52.3552508 ], [ 4.8535527, 52.3547764 ], [ 4.85237, 52.3509513 ] ] ] } },
{ "type": "Feature", "properties": { "buurt_naam": "Schinkelbuurt-Zuid", "stadsdeel": "Zuid", "bevolking": 1335, "oppervlakte_km2": 0.2373, "bev_dichtheid": 5625.4 }, "geometry": { "type": "Polygon", "coordinates": [ [ [ 4.8481807, 52.342768 ], [ 4.8497914, 52.3429245 ], [ 4.8501, 52.3430157 ], [ 4.8511169, 52.3432541 ], [ 4.8520222, 52.3434001 ], [ 4.8519166, 52.3436315 ], [ 4.8516373, 52.3440401 ], [ 4.8515202, 52.3443757 ], [ 4.8514414, 52.3447043 ], [ 4.8514699, 52.3452662 ], [ 4.8514866, 52.345348 ], [ 4.8515461, 52.3455146 ], [ 4.8515891, 52.3456002 ], [ 4.8517189, 52.345785 ], [ 4.8518377, 52.345924 ], [ 4.8520072, 52.3460936 ], [ 4.852218, 52.3462654 ], [ 4.8524231, 52.3464183 ], [ 4.8526328, 52.3465539 ], [ 4.8528108, 52.3466455 ], [ 4.852929, 52.3466955 ], [ 4.8531788, 52.3467821 ], [ 4.8535039, 52.3468581 ], [ 4.8575726, 52.3474192 ], [ 4.8575326, 52.3479483 ], [ 4.8574584, 52.3497447 ], [ 4.8574132, 52.3498316 ], [ 4.8567578, 52.3512631 ], [ 4.8566079, 52.3515222 ], [ 4.8543684, 52.3508821 ], [ 4.8541693, 52.3508417 ], [ 4.8537017, 52.3508028 ], [ 4.8534843, 52.3508063 ], [ 4.85237, 52.3509513 ], [ 4.8515608, 52.3484482 ], [ 4.8513791, 52.3480493 ], [ 4.8512776, 52.3478286 ], [ 4.8511654, 52.3476438 ], [ 4.8505741, 52.3467694 ], [ 4.8490618, 52.3438011 ], [ 4.8488152, 52.3434395 ], [ 4.8481807, 52.342768 ] ] ] } },
{ "type": "Feature", "properties": { "buurt_naam": "Vondelpark-West", "stadsdeel": "Zuid", "bevolking": 0, "oppervlakte_km2": 0.2466, "bev_dichtheid": 0.0 }, "geometry": { "type": "Polygon", "coordinates": [ [ [ 4.8550846, 52.3564101 ], [ 4.855027, 52.3563217 ], [ 4.8556663, 52.3550258 ], [ 4.8557015, 52.3550188 ], [ 4.8558063, 52.3548521 ], [ 4.8557465, 52.3548141 ], [ 4.8557278, 52.3547898 ], [ 4.8557124, 52.3547242 ], [ 4.8557514, 52.3546667 ], [ 4.8558428, 52.3546231 ], [ 4.8560589, 52.3546008 ], [ 4.8561441, 52.3546002 ], [ 4.8562687, 52.3546026 ], [ 4.8564754, 52.3546232 ], [ 4.8565692, 52.3546398 ], [ 4.8571336, 52.3548185 ], [ 4.8573415, 52.3548734 ], [ 4.8575011, 52.3548993 ], [ 4.8576214, 52.3549088 ], [ 4.8576279, 52.3548584 ], [ 4.8575401, 52.3548338 ], [ 4.8575053, 52.3548013 ], [ 4.8575088, 52.3547493 ], [ 4.8575709, 52.3546974 ], [ 4.857723, 52.3546324 ], [ 4.8579469, 52.3545678 ], [ 4.8583, 52.3544966 ], [ 4.8585568, 52.3543808 ], [ 4.8586279, 52.3543209 ], [ 4.8586732, 52.3542242 ], [ 4.8586814, 52.3541442 ], [ 4.8586619, 52.354065 ], [ 4.8585622, 52.3539207 ], [ 4.8585187, 52.353881 ], [ 4.8583584, 52.3537814 ], [ 4.85816, 52.3536826 ], [ 4.8579596, 52.3535001 ], [ 4.8579336, 52.3534712 ], [ 4.8579094, 52.3534046 ], [ 4.8579152, 52.3532842 ], [ 4.8579607, 52.353155 ], [ 4.8581487, 52.3528971 ], [ 4.8581523, 52.3528386 ], [ 4.8581322, 52.3528071 ], [ 4.8580945, 52.3527791 ], [ 4.858127, 52.3527558 ], [ 4.8581904, 52.3527246 ], [ 4.8584702, 52.3526494 ], [ 4.8587183, 52.3526416 ], [ 4.8588987, 52.3526568 ], [ 4.8590173, 52.3526789 ], [ 4.8590039, 52.3527031 ], [ 4.8590874, 52.3527205 ], [ 4.8590829, 52.3527277 ], [ 4.8591195, 52.3527351 ], [ 4.8591104, 52.3527503 ], [ 4.8591514, 52.3527586 ], [ 4.8591424, 52.3527738 ], [ 4.8591845, 52.3528189 ], [ 4.8591806, 52.3529034 ], [ 4.8590852, 52.3530143 ], [ 4.8588868, 52.3531637 ], [ 4.8588082, 52.3532424 ], [ 4.8587486, 52.3533194 ], [ 4.8586383, 52.3535697 ], [ 4.8586286, 52.353646 ], [ 4.8586524, 52.3537477 ], [ 4.8587155, 52.3538683 ], [ 4.858802, 52.3540018 ], [ 4.8589882, 52.3541483 ], [ 4.8591909, 52.3542651 ], [ 4.8593164, 52.3543204 ], [ 4.8597284, 52.3544724 ], [ 4.8599359, 52.3545578 ], [ 4.8600571, 52.3546114 ], [ 4.8601956, 52.3546839 ], [ 4.8604505, 52.3548512 ], [ 4.8605975, 52.3549607 ], [ 4.8609945, 52.3552824 ], [ 4.8611153, 52.3553593 ], [ 4.8613329, 52.3554655 ], [ 4.8616018, 52.3555638 ], [ 4.8617335, 52.3556047 ], [ 4.8619033, 52.3556405 ], [ 4.8618988, 52.3556458 ], [ 4.8619193, 52.3556514 ], [ 4.8624365, 52.3557211 ], [ 4.8627271, 52.3557412 ], [ 4.8629135, 52.3557421 ], [ 4.8635786, 52.3557144 ], [ 4.8640466, 52.3556203 ], [ 4.8642836, 52.355553 ], [ 4.8645521, 52.3554438 ], [ 4.8648446, 52.3552922 ], [ 4.865057, 52.3552033 ], [ 4.8652499, 52.3551403 ], [ 4.8655735, 52.355086 ], [ 4.8657748, 52.3550805 ], [ 4.8659009, 52.3550838 ], [ 4.866285, 52.3551179 ], [ 4.8663952, 52.3551093 ], [ 4.8664659, 52.3550916 ], [ 4.8665574, 52.3550535 ], [ 4.8666017, 52.3550231 ], [ 4.8666376, 52.3549711 ], [ 4.866677, 52.3548544 ], [ 4.8666994, 52.3548223 ], [ 4.8667615, 52.3547893 ], [ 4.8668145, 52.3547849 ], [ 4.8668598, 52.3547942 ], [ 4.8669516, 52.3548566 ], [ 4.8670399, 52.3549586 ], [ 4.8670727, 52.3550504 ], [ 4.867089, 52.3551618 ], [ 4.867085, 52.3552418 ], [ 4.8670518, 52.3553127 ], [ 4.8670027, 52.3553808 ], [ 4.8668781, 52.355489 ], [ 4.8667539, 52.3555639 ], [ 4.8665637, 52.3556359 ], [ 4.8672575, 52.3559383 ], [ 4.8671993, 52.3560171 ], [ 4.8671351, 52.356104 ], [ 4.8655395, 52.3588534 ], [ 4.8655248, 52.3588624 ], [ 4.8654848, 52.3590142 ], [ 4.8654512, 52.3590086 ], [ 4.8636711, 52.3585811 ], [ 4.8631851, 52.358472 ], [ 4.8631791, 52.3584809 ], [ 4.8622569, 52.3582503 ], [ 4.862248, 52.3582628 ], [ 4.8618118, 52.358154 ], [ 4.8618224, 52.3581361 ], [ 4.8598071, 52.3576175 ], [ 4.8589437, 52.3574051 ], [ 4.8550846, 52.3564101 ] ] ] } },
{ "type": "Feature", "properties": { "buurt_naam": "Willemsparkbuurt-Noord", "stadsdeel": "Zuid", "bevolking": 1525, "oppervlakte_km2": 0.1885, "bev_dichtheid": 8090.7 }, "geometry": { "type": "Polygon", "coordinates": [ [ [ 4.8554944, 52.3546674 ], [ 4.8556521, 52.3541289 ], [ 4.8561304, 52.3527856 ], [ 4.856324, 52.3521896 ], [ 4.8566079, 52.3515222 ], [ 4.8568886, 52.3516035 ], [ 4.8583418, 52.3519784 ], [ 4.8596357, 52.3522817 ], [ 4.860696, 52.3525991 ], [ 4.8615858, 52.3528081 ], [ 4.8622032, 52.3529797 ], [ 4.8627001, 52.3531653 ], [ 4.862842, 52.3532055 ], [ 4.8632795, 52.3532002 ], [ 4.8634918, 52.3532568 ], [ 4.8637141, 52.3533163 ], [ 4.8639006, 52.3534285 ], [ 4.8639777, 52.3534918 ], [ 4.8640695, 52.3535344 ], [ 4.8650436, 52.3537176 ], [ 4.8657572, 52.3539391 ], [ 4.8663396, 52.3541017 ], [ 4.8668726, 52.35421 ], [ 4.8673876, 52.3543479 ], [ 4.8675353, 52.3544016 ], [ 4.8676447, 52.3544597 ], [ 4.8677379, 52.3545275 ], [ 4.8678132, 52.3546033 ], [ 4.8678694, 52.3546907 ], [ 4.8679132, 52.3548347 ], [ 4.8679056, 52.3549812 ], [ 4.8679787, 52.3552682 ], [ 4.8676401, 52.3558519 ], [ 4.8675881, 52.3559163 ], [ 4.8674991, 52.3559797 ], [ 4.8674019, 52.3560215 ], [ 4.8673004, 52.3560291 ], [ 4.8671993, 52.3560171 ], [ 4.8672575, 52.3559383 ], [ 4.8665637, 52.3556359 ], [ 4.8667539, 52.3555639 ], [ 4.8668781, 52.355489 ], [ 4.8670027, 52.3553808 ], [ 4.8670518, 52.3553127 ], [ 4.867085, 52.3552418 ], [ 4.867089, 52.3551618 ], [ 4.8670727, 52.3550504 ], [ 4.8670399, 52.3549586 ], [ 4.8669516, 52.3548566 ], [ 4.8668598, 52.3547942 ], [ 4.8668145, 52.3547849 ], [ 4.8667615, 52.3547893 ], [ 4.8666994, 52.3548223 ], [ 4.866677, 52.3548544 ], [ 4.8666376, 52.3549711 ], [ 4.8666017, 52.3550231 ], [ 4.8665574, 52.3550535 ], [ 4.8664659, 52.3550916 ], [ 4.8663952, 52.3551093 ], [ 4.866285, 52.3551179 ], [ 4.8659009, 52.3550838 ], [ 4.8657748, 52.3550805 ], [ 4.8655735, 52.355086 ], [ 4.8652499, 52.3551403 ], [ 4.865057, 52.3552033 ], [ 4.8648446, 52.3552922 ], [ 4.8645521, 52.3554438 ], [ 4.8642836, 52.355553 ], [ 4.8640466, 52.3556203 ], [ 4.8635786, 52.3557144 ], [ 4.8629135, 52.3557421 ], [ 4.8627271, 52.3557412 ], [ 4.8624365, 52.3557211 ], [ 4.8619193, 52.3556514 ], [ 4.8618988, 52.3556458 ], [ 4.8619033, 52.3556405 ], [ 4.8617335, 52.3556047 ], [ 4.8616018, 52.3555638 ], [ 4.8613329, 52.3554655 ], [ 4.8611153, 52.3553593 ], [ 4.8609945, 52.3552824 ], [ 4.8605975, 52.3549607 ], [ 4.8604505, 52.3548512 ], [ 4.8601956, 52.3546839 ], [ 4.8600571, 52.3546114 ], [ 4.8599359, 52.3545578 ], [ 4.8597284, 52.3544724 ], [ 4.8593164, 52.3543204 ], [ 4.8591909, 52.3542651 ], [ 4.8589882, 52.3541483 ], [ 4.858802, 52.3540018 ], [ 4.8587155, 52.3538683 ], [ 4.8586524, 52.3537477 ], [ 4.8586286, 52.353646 ], [ 4.8586383, 52.3535697 ], [ 4.8587486, 52.3533194 ], [ 4.8588082, 52.3532424 ], [ 4.8588868, 52.3531637 ], [ 4.8590852, 52.3530143 ], [ 4.8591806, 52.3529034 ], [ 4.8591845, 52.3528189 ], [ 4.8591424, 52.3527738 ], [ 4.8591514, 52.3527586 ], [ 4.8591104, 52.3527503 ], [ 4.8591195, 52.3527351 ], [ 4.8590829, 52.3527277 ], [ 4.8590874, 52.3527205 ], [ 4.8590039, 52.3527031 ], [ 4.8590173, 52.3526789 ], [ 4.8588987, 52.3526568 ], [ 4.8587183, 52.3526416 ], [ 4.8584702, 52.3526494 ], [ 4.8581904, 52.3527246 ], [ 4.858127, 52.3527558 ], [ 4.8580945, 52.3527791 ], [ 4.8581322, 52.3528071 ], [ 4.8581523, 52.3528386 ], [ 4.8581487, 52.3528971 ], [ 4.8579607, 52.353155 ], [ 4.8579152, 52.3532842 ], [ 4.8579094, 52.3534046 ], [ 4.8579336, 52.3534712 ], [ 4.8579596, 52.3535001 ], [ 4.85816, 52.3536826 ], [ 4.8583584, 52.3537814 ], [ 4.8585187, 52.353881 ], [ 4.8585622, 52.3539207 ], [ 4.8586619, 52.354065 ], [ 4.8586814, 52.3541442 ], [ 4.8586732, 52.3542242 ], [ 4.8586279, 52.3543209 ], [ 4.8585568, 52.3543808 ], [ 4.8583, 52.3544966 ], [ 4.8579469, 52.3545678 ], [ 4.857723, 52.3546324 ], [ 4.8575709, 52.3546974 ], [ 4.8575088, 52.3547493 ], [ 4.8575053, 52.3548013 ], [ 4.8575401, 52.3548338 ], [ 4.8576279, 52.3548584 ], [ 4.8576214, 52.3549088 ], [ 4.8575011, 52.3548993 ], [ 4.8573415, 52.3548734 ], [ 4.8571336, 52.3548185 ], [ 4.8565692, 52.3546398 ], [ 4.8564754, 52.3546232 ], [ 4.8562687, 52.3546026 ], [ 4.8561441, 52.3546002 ], [ 4.8560589, 52.3546008 ], [ 4.8558428, 52.3546231 ], [ 4.8554944, 52.3546674 ] ] ] } },
{ "type": "Feature", "properties": { "buurt_naam": "Valeriusbuurt-West", "stadsdeel": "Zuid", "bevolking": 2620, "oppervlakte_km2": 0.1405, "bev_dichtheid": 18648.5 }, "geometry": { "type": "Polygon", "coordinates": [ [ [ 4.8566079, 52.3515222 ], [ 4.8567578, 52.3512631 ], [ 4.8574132, 52.3498316 ], [ 4.8609174, 52.3507666 ], [ 4.8615826, 52.349728 ], [ 4.8653022, 52.3506934 ], [ 4.8660791, 52.3508973 ], [ 4.865342, 52.3519285 ], [ 4.8645738, 52.3517274 ], [ 4.8634918, 52.3532568 ], [ 4.8632795, 52.3532002 ], [ 4.862842, 52.3532055 ], [ 4.8627001, 52.3531653 ], [ 4.8622032, 52.3529797 ], [ 4.8615858, 52.3528081 ], [ 4.860696, 52.3525991 ], [ 4.8596357, 52.3522817 ], [ 4.8583418, 52.3519784 ], [ 4.8568886, 52.3516035 ], [ 4.8566079, 52.3515222 ] ] ] } },
{ "type": "Feature", "properties": { "buurt_naam": "Valeriusbuurt-Oost", "stadsdeel": "Zuid", "bevolking": 1410, "oppervlakte_km2": 0.1202, "bev_dichtheid": 11733.8 }, "geometry": { "type": "Polygon", "coordinates": [ [ [ 4.8634918, 52.3532568 ], [ 4.8645738, 52.3517274 ], [ 4.865342, 52.3519285 ], [ 4.8660791, 52.3508973 ], [ 4.8703896, 52.3520432 ], [ 4.8705654, 52.3520718 ], [ 4.8704089, 52.3525394 ], [ 4.8700761, 52.3530044 ], [ 4.8699445, 52.3530874 ], [ 4.8697951, 52.3531829 ], [ 4.8690425, 52.3541637 ], [ 4.8689154, 52.3543663 ], [ 4.868163, 52.3553212 ], [ 4.8679787, 52.3552682 ], [ 4.8679056, 52.3549812 ], [ 4.8679132, 52.3548347 ], [ 4.8678694, 52.3546907 ], [ 4.8678132, 52.3546033 ], [ 4.8677379, 52.3545275 ], [ 4.8676447, 52.3544597 ], [ 4.8675353, 52.3544016 ], [ 4.8673876, 52.3543479 ], [ 4.8668726, 52.35421 ], [ 4.8663396, 52.3541017 ], [ 4.8657572, 52.3539391 ], [ 4.8650436, 52.3537176 ], [ 4.8640695, 52.3535344 ], [ 4.8639777, 52.3534918 ], [ 4.8639006, 52.3534285 ], [ 4.8637141, 52.3533163 ], [ 4.8634918, 52.3532568 ] ] ] } },
{ "type": "Feature", "properties": { "buurt_naam": "Vondelpark-Oost", "stadsdeel": "Zuid", "bevolking": 0, "oppervlakte_km2": 0.2361, "bev_dichtheid": 0.0 }, "geometry": { "type": "Polygon", "coordinates": [ [ [ 4.8655395, 52.3588534 ], [ 4.8671351, 52.356104 ], [ 4.8671935, 52.3562661 ], [ 4.8674978, 52.3563402 ], [ 4.8675518, 52.3563808 ], [ 4.8675658, 52.356433 ], [ 4.8677357, 52.3564706 ], [ 4.867755, 52.3564482 ], [ 4.8677904, 52.3564303 ], [ 4.8678654, 52.3564235 ], [ 4.8682035, 52.3565014 ], [ 4.8683923, 52.3565525 ], [ 4.8687415, 52.3566907 ], [ 4.8690481, 52.3568259 ], [ 4.8693201, 52.3569197 ], [ 4.8697461, 52.3570303 ], [ 4.8700257, 52.3570854 ], [ 4.8699648, 52.35715 ], [ 4.8702543, 52.3572518 ], [ 4.8703419, 52.3571632 ], [ 4.8705936, 52.3572317 ], [ 4.8709883, 52.3573773 ], [ 4.8712457, 52.3574565 ], [ 4.8714274, 52.357487 ], [ 4.8715726, 52.3574931 ], [ 4.8716239, 52.3574888 ], [ 4.8717053, 52.3575754 ], [ 4.8717064, 52.3575997 ], [ 4.8716914, 52.3576329 ], [ 4.8720045, 52.3577169 ], [ 4.8720709, 52.3576758 ], [ 4.8722255, 52.3576486 ], [ 4.8723405, 52.3577301 ], [ 4.872532, 52.3578063 ], [ 4.8727369, 52.3578558 ], [ 4.8731281, 52.3579177 ], [ 4.8733256, 52.3579626 ], [ 4.8736898, 52.3580891 ], [ 4.8738741, 52.3581393 ], [ 4.8751504, 52.3584729 ], [ 4.8750012, 52.3586789 ], [ 4.8753846, 52.3587804 ], [ 4.875319, 52.3588754 ], [ 4.8753322, 52.3588781 ], [ 4.8752834, 52.3589013 ], [ 4.8750791, 52.3591827 ], [ 4.8752416, 52.3592265 ], [ 4.8752519, 52.359213 ], [ 4.875975, 52.3594012 ], [ 4.8757959, 52.3596594 ], [ 4.8764601, 52.35985 ], [ 4.8766735, 52.3599328 ], [ 4.8769598, 52.3600653 ], [ 4.8771546, 52.3601011 ], [ 4.8779218, 52.3602769 ], [ 4.8803777, 52.3609202 ], [ 4.8804946, 52.3609747 ], [ 4.8823988, 52.3614779 ], [ 4.8823242, 52.361581 ], [ 4.8823977, 52.361957 ], [ 4.8822608, 52.3619942 ], [ 4.8820987, 52.3620564 ], [ 4.8806031, 52.361632 ], [ 4.8785863, 52.3610931 ], [ 4.8774535, 52.360781 ], [ 4.877388, 52.3608715 ], [ 4.8773587, 52.3608632 ], [ 4.8771975, 52.3610953 ], [ 4.8767482, 52.3609685 ], [ 4.8768886, 52.3607668 ], [ 4.8769164, 52.3607741 ], [ 4.8769678, 52.36076 ], [ 4.8769842, 52.3607357 ], [ 4.877021, 52.3607378 ], [ 4.8770359, 52.3607144 ], [ 4.8769335, 52.3606888 ], [ 4.8769528, 52.3606601 ], [ 4.8766337, 52.3605806 ], [ 4.8766201, 52.3606174 ], [ 4.8765936, 52.3606263 ], [ 4.8765563, 52.3606809 ], [ 4.8765664, 52.3606981 ], [ 4.8764962, 52.3607992 ], [ 4.8762591, 52.360738 ], [ 4.8761849, 52.360807 ], [ 4.8758688, 52.3607166 ], [ 4.8758256, 52.3607694 ], [ 4.8756019, 52.3608188 ], [ 4.8755323, 52.3607502 ], [ 4.8754697, 52.3607067 ], [ 4.8753937, 52.3606804 ], [ 4.8753158, 52.3606738 ], [ 4.8752454, 52.3606824 ], [ 4.8750297, 52.3607849 ], [ 4.8746055, 52.3609107 ], [ 4.8743954, 52.3609277 ], [ 4.874253, 52.3609316 ], [ 4.8741586, 52.3609645 ], [ 4.8740762, 52.3609822 ], [ 4.8740186, 52.3610188 ], [ 4.8739366, 52.3609977 ], [ 4.8738576, 52.3609767 ], [ 4.8738281, 52.3608552 ], [ 4.8737891, 52.3608074 ], [ 4.8737276, 52.3607847 ], [ 4.8736077, 52.3607527 ], [ 4.8735197, 52.3607388 ], [ 4.8732906, 52.3607513 ], [ 4.8730173, 52.3606459 ], [ 4.8724556, 52.3604763 ], [ 4.8721803, 52.3604085 ], [ 4.8719165, 52.3603606 ], [ 4.8718462, 52.3603514 ], [ 4.8715408, 52.3603563 ], [ 4.8713902, 52.3605697 ], [ 4.8712759, 52.3605413 ], [ 4.8714762, 52.3602474 ], [ 4.8713033, 52.3602026 ], [ 4.8712465, 52.3602841 ], [ 4.870061, 52.3599832 ], [ 4.8699582, 52.3601239 ], [ 4.8686454, 52.3597694 ], [ 4.8681522, 52.3596433 ], [ 4.8668814, 52.3593519 ], [ 4.8659094, 52.3591193 ], [ 4.8659087, 52.3589351 ], [ 4.8657998, 52.3588223 ], [ 4.8655395, 52.3588534 ] ] ] } },
{ "type": "Feature", "properties": { "buurt_naam": "Cornelis Schuytbuurt", "stadsdeel": "Zuid", "bevolking": 2905, "oppervlakte_km2": 0.1941, "bev_dichtheid": 14968.1 }, "geometry": { "type": "Polygon", "coordinates": [ [ [ 4.8671351, 52.356104 ], [ 4.8671993, 52.3560171 ], [ 4.8673004, 52.3560291 ], [ 4.8674019, 52.3560215 ], [ 4.8674991, 52.3559797 ], [ 4.8675881, 52.3559163 ], [ 4.8676401, 52.3558519 ], [ 4.8679787, 52.3552682 ], [ 4.868163, 52.3553212 ], [ 4.8689154, 52.3543663 ], [ 4.8690425, 52.3541637 ], [ 4.8697951, 52.3531829 ], [ 4.8699445, 52.3530874 ], [ 4.8702236, 52.353201 ], [ 4.8762494, 52.3548035 ], [ 4.8738741, 52.3581393 ], [ 4.8736898, 52.3580891 ], [ 4.8733256, 52.3579626 ], [ 4.8731281, 52.3579177 ], [ 4.8727369, 52.3578558 ], [ 4.872532, 52.3578063 ], [ 4.8723405, 52.3577301 ], [ 4.8722255, 52.3576486 ], [ 4.8720709, 52.3576758 ], [ 4.8720045, 52.3577169 ], [ 4.8716914, 52.3576329 ], [ 4.8717064, 52.3575997 ], [ 4.8717053, 52.3575754 ], [ 4.8716239, 52.3574888 ], [ 4.8715726, 52.3574931 ], [ 4.8714274, 52.357487 ], [ 4.8712457, 52.3574565 ], [ 4.8709883, 52.3573773 ], [ 4.8705936, 52.3572317 ], [ 4.8703419, 52.3571632 ], [ 4.8702543, 52.3572518 ], [ 4.8699648, 52.35715 ], [ 4.8700257, 52.3570854 ], [ 4.8697461, 52.3570303 ], [ 4.8693201, 52.3569197 ], [ 4.8690481, 52.3568259 ], [ 4.8687415, 52.3566907 ], [ 4.8683923, 52.3565525 ], [ 4.8682035, 52.3565014 ], [ 4.8678654, 52.3564235 ], [ 4.8677904, 52.3564303 ], [ 4.867755, 52.3564482 ], [ 4.8677357, 52.3564706 ], [ 4.8675658, 52.356433 ], [ 4.8675518, 52.3563808 ], [ 4.8674978, 52.3563402 ], [ 4.8671935, 52.3562661 ], [ 4.8671351, 52.356104 ] ] ] } },
{ "type": "Feature", "properties": { "buurt_naam": "Concertgebouwbuurt", "stadsdeel": "Zuid", "bevolking": 1835, "oppervlakte_km2": 0.1316, "bev_dichtheid": 13946.7 }, "geometry": { "type": "Polygon", "coordinates": [ [ [ 4.8738741, 52.3581393 ], [ 4.8762494, 52.3548035 ], [ 4.8782235, 52.3553323 ], [ 4.878336, 52.3553759 ], [ 4.8784425, 52.3554321 ], [ 4.8790224, 52.3558157 ], [ 4.879177, 52.3559018 ], [ 4.8793408, 52.3559645 ], [ 4.879992, 52.3561381 ], [ 4.8798244, 52.3564115 ], [ 4.8785686, 52.3581524 ], [ 4.8771546, 52.3601011 ], [ 4.8769598, 52.3600653 ], [ 4.8766735, 52.3599328 ], [ 4.8764601, 52.35985 ], [ 4.8757959, 52.3596594 ], [ 4.875975, 52.3594012 ], [ 4.8752519, 52.359213 ], [ 4.8752416, 52.3592265 ], [ 4.8750791, 52.3591827 ], [ 4.8752834, 52.3589013 ], [ 4.8753322, 52.3588781 ], [ 4.875319, 52.3588754 ], [ 4.8753846, 52.3587804 ], [ 4.8750012, 52.3586789 ], [ 4.8751504, 52.3584729 ], [ 4.8738741, 52.3581393 ] ] ] } },
{ "type": "Feature", "properties": { "buurt_naam": "P.C. Hooftbuurt", "stadsdeel": "Zuid", "bevolking": 800, "oppervlakte_km2": 0.1134, "bev_dichtheid": 7052.3 }, "geometry": { "type": "Polygon", "coordinates": [ [ [ 4.8771546, 52.3601011 ], [ 4.8785686, 52.3581524 ], [ 4.8833585, 52.3594319 ], [ 4.8834053, 52.3594502 ], [ 4.8834826, 52.3594963 ], [ 4.8835363, 52.3595532 ], [ 4.8835635, 52.3596171 ], [ 4.8835597, 52.3596836 ], [ 4.8832727, 52.3601452 ], [ 4.8832255, 52.3602897 ], [ 4.884275, 52.3605674 ], [ 4.8844885, 52.3606429 ], [ 4.8846504, 52.3607272 ], [ 4.885386, 52.3612363 ], [ 4.8844043, 52.3617265 ], [ 4.8842361, 52.3617932 ], [ 4.8840462, 52.361849 ], [ 4.883846, 52.3618876 ], [ 4.8836389, 52.3619101 ], [ 4.8826344, 52.3619274 ], [ 4.882511, 52.3619377 ], [ 4.8823977, 52.361957 ], [ 4.8823242, 52.361581 ], [ 4.8823988, 52.3614779 ], [ 4.8804946, 52.3609747 ], [ 4.8803777, 52.3609202 ], [ 4.8779218, 52.3602769 ], [ 4.8771546, 52.3601011 ] ] ] } },
{ "type": "Feature", "properties": { "buurt_naam": "Museumplein", "stadsdeel": "Zuid", "bevolking": 10, "oppervlakte_km2": 0.1335, "bev_dichtheid": 74.9 }, "geometry": { "type": "Polygon", "coordinates": [ [ [ 4.8785686, 52.3581524 ], [ 4.8798244, 52.3564115 ], [ 4.879992, 52.3561381 ], [ 4.8803373, 52.3562266 ], [ 4.8804209, 52.3562387 ], [ 4.8805074, 52.3562408 ], [ 4.8806087, 52.3562314 ], [ 4.8813737, 52.3560954 ], [ 4.8826487, 52.356925 ], [ 4.883511, 52.3580242 ], [ 4.8838938, 52.3579287 ], [ 4.8843792, 52.3578428 ], [ 4.8847994, 52.3589815 ], [ 4.8867238, 52.3587317 ], [ 4.8867947, 52.3596011 ], [ 4.8869642, 52.3599244 ], [ 4.8873896, 52.3602327 ], [ 4.8862999, 52.36078 ], [ 4.885386, 52.3612363 ], [ 4.8846504, 52.3607272 ], [ 4.8844885, 52.3606429 ], [ 4.884275, 52.3605674 ], [ 4.8832255, 52.3602897 ], [ 4.8832727, 52.3601452 ], [ 4.8835597, 52.3596836 ], [ 4.8835635, 52.3596171 ], [ 4.8835363, 52.3595532 ], [ 4.8834826, 52.3594963 ], [ 4.8834053, 52.3594502 ], [ 4.8833585, 52.3594319 ], [ 4.8785686, 52.3581524 ] ] ] } },
{ "type": "Feature", "properties": { "buurt_naam": "Banpleinbuurt", "stadsdeel": "Zuid", "bevolking": 780, "oppervlakte_km2": 0.1119, "bev_dichtheid": 6970.8 }, "geometry": { "type": "Polygon", "coordinates": [ [ [ 4.8699445, 52.3530874 ], [ 4.8700761, 52.3530044 ], [ 4.8704089, 52.3525394 ], [ 4.8705654, 52.3520718 ], [ 4.87086, 52.352118 ], [ 4.8719229, 52.3522179 ], [ 4.8730003, 52.3522145 ], [ 4.8735468, 52.3521746 ], [ 4.8774927, 52.3514726 ], [ 4.8779313, 52.3524038 ], [ 4.8762494, 52.3548035 ], [ 4.8702236, 52.353201 ], [ 4.8699445, 52.3530874 ] ] ] } },
{ "type": "Feature", "properties": { "buurt_naam": "Hondecoeterbuurt", "stadsdeel": "Zuid", "bevolking": 2015, "oppervlakte_km2": 0.1256, "bev_dichtheid": 16044.1 }, "geometry": { "type": "Polygon", "coordinates": [ [ [ 4.8762494, 52.3548035 ], [ 4.8779313, 52.3524038 ], [ 4.8774927, 52.3514726 ], [ 4.8790532, 52.3511944 ], [ 4.8791048, 52.3513052 ], [ 4.8791466, 52.351361 ], [ 4.8792294, 52.3514396 ], [ 4.8793359, 52.3515057 ], [ 4.8821375, 52.3526851 ], [ 4.8822937, 52.3527676 ], [ 4.882458, 52.3528897 ], [ 4.8823357, 52.352944 ], [ 4.8822633, 52.3529867 ], [ 4.8821462, 52.3530869 ], [ 4.8817195, 52.3536908 ], [ 4.8803909, 52.3555169 ], [ 4.879992, 52.3561381 ], [ 4.8793408, 52.3559645 ], [ 4.879177, 52.3559018 ], [ 4.8790224, 52.3558157 ], [ 4.8784425, 52.3554321 ], [ 4.878336, 52.3553759 ], [ 4.8782235, 52.3553323 ], [ 4.8762494, 52.3548035 ] ] ] } },
{ "type": "Feature", "properties": { "buurt_naam": "Johannes Vermeerbuurt", "stadsdeel": "Zuid", "bevolking": 1505, "oppervlakte_km2": 0.1592, "bev_dichtheid": 9451.0 }, "geometry": { "type": "Polygon", "coordinates": [ [ [ 4.879992, 52.3561381 ], [ 4.8803909, 52.3555169 ], [ 4.8817195, 52.3536908 ], [ 4.8828195, 52.3538942 ], [ 4.8842767, 52.3541888 ], [ 4.8843801, 52.3542549 ], [ 4.8862816, 52.3545937 ], [ 4.8864764, 52.3546143 ], [ 4.8867597, 52.3546218 ], [ 4.8866979, 52.3552947 ], [ 4.8865819, 52.3568536 ], [ 4.8866038, 52.3572671 ], [ 4.8867238, 52.3587317 ], [ 4.8847994, 52.3589815 ], [ 4.8843792, 52.3578428 ], [ 4.8838938, 52.3579287 ], [ 4.883511, 52.3580242 ], [ 4.8826487, 52.356925 ], [ 4.8813737, 52.3560954 ], [ 4.8806087, 52.3562314 ], [ 4.8805074, 52.3562408 ], [ 4.8804209, 52.3562387 ], [ 4.8803373, 52.3562266 ], [ 4.879992, 52.3561381 ] ] ] } },
{ "type": "Feature", "properties": { "buurt_naam": "Duivelseiland", "stadsdeel": "Zuid", "bevolking": 1390, "oppervlakte_km2": 0.0613, "bev_dichtheid": 22670.9 }, "geometry": { "type": "Polygon", "coordinates": [ [ [ 4.8817195, 52.3536908 ], [ 4.8821462, 52.3530869 ], [ 4.8822633, 52.3529867 ], [ 4.8823357, 52.352944 ], [ 4.882458, 52.3528897 ], [ 4.8833614, 52.352569 ], [ 4.883753, 52.3524673 ], [ 4.8840591, 52.3524102 ], [ 4.8842663, 52.3523805 ], [ 4.8845983, 52.3523487 ], [ 4.8860747, 52.3522488 ], [ 4.8864857, 52.3522362 ], [ 4.8864988, 52.3527665 ], [ 4.8865181, 52.3528888 ], [ 4.8865677, 52.3530292 ], [ 4.8866237, 52.3531481 ], [ 4.8867723, 52.3533798 ], [ 4.8867688, 52.3535496 ], [ 4.8867851, 52.3539388 ], [ 4.8867782, 52.3544116 ], [ 4.8867597, 52.3546218 ], [ 4.8864764, 52.3546143 ], [ 4.8862816, 52.3545937 ], [ 4.8843801, 52.3542549 ], [ 4.8842767, 52.3541888 ], [ 4.8828195, 52.3538942 ], [ 4.8817195, 52.3536908 ] ] ] } },
{ "type": "Feature", "properties": { "buurt_naam": "Harmoniehofbuurt", "stadsdeel": "Zuid", "bevolking": 1325, "oppervlakte_km2": 0.1134, "bev_dichtheid": 11680.9 }, "geometry": { "type": "Polygon", "coordinates": [ [ [ 4.8790532, 52.3511944 ], [ 4.8836844, 52.3503667 ], [ 4.8847826, 52.3495569 ], [ 4.8862816, 52.3484731 ], [ 4.8865269, 52.3506563 ], [ 4.8864857, 52.3522362 ], [ 4.8860747, 52.3522488 ], [ 4.8845983, 52.3523487 ], [ 4.8842663, 52.3523805 ], [ 4.8840591, 52.3524102 ], [ 4.883753, 52.3524673 ], [ 4.8833614, 52.352569 ], [ 4.882458, 52.3528897 ], [ 4.8822937, 52.3527676 ], [ 4.8821375, 52.3526851 ], [ 4.8793359, 52.3515057 ], [ 4.8792294, 52.3514396 ], [ 4.8791466, 52.351361 ], [ 4.8791048, 52.3513052 ], [ 4.8790532, 52.3511944 ] ] ] } },
{ "type": "Feature", "properties": { "buurt_naam": "Frans Halsbuurt", "stadsdeel": "Zuid", "bevolking": 2610, "oppervlakte_km2": 0.1209, "bev_dichtheid": 21583.3 }, "geometry": { "type": "Polygon", "coordinates": [ [ [ 4.8866038, 52.3572671 ], [ 4.8865819, 52.3568536 ], [ 4.8866979, 52.3552947 ], [ 4.8890728, 52.3551635 ], [ 4.8904172, 52.3554362 ], [ 4.890464, 52.3555792 ], [ 4.8908428, 52.3579473 ], [ 4.8908792, 52.3583698 ], [ 4.8906543, 52.3583967 ], [ 4.8904368, 52.3584327 ], [ 4.8902159, 52.3584786 ], [ 4.8900084, 52.3585325 ], [ 4.8898065, 52.3585936 ], [ 4.8896046, 52.3586665 ], [ 4.889404, 52.3587519 ], [ 4.8892535, 52.3588277 ], [ 4.8889313, 52.3590187 ], [ 4.8886441, 52.3592296 ], [ 4.8884114, 52.3594407 ], [ 4.8882922, 52.3595849 ], [ 4.8881749, 52.3597048 ], [ 4.8879511, 52.3598962 ], [ 4.8876849, 52.360074 ], [ 4.8873896, 52.3602327 ], [ 4.8869642, 52.3599244 ], [ 4.8867947, 52.3596011 ], [ 4.8867238, 52.3587317 ], [ 4.8866038, 52.3572671 ] ] ] } },
{ "type": "Feature", "properties": { "buurt_naam": "Gerard Doubuurt", "stadsdeel": "Zuid", "bevolking": 2055, "oppervlakte_km2": 0.106, "bev_dichtheid": 19378.9 }, "geometry": { "type": "Polygon", "coordinates": [ [ [ 4.8904172, 52.3554362 ], [ 4.8954523, 52.3564673 ], [ 4.8985119, 52.3573608 ], [ 4.8982588, 52.3579484 ], [ 4.8980388, 52.3579349 ], [ 4.8961776, 52.3580468 ], [ 4.8908792, 52.3583698 ], [ 4.8908428, 52.3579473 ], [ 4.890464, 52.3555792 ], [ 4.8904172, 52.3554362 ] ] ] } },
{ "type": "Feature", "properties": { "buurt_naam": "Hercules Seghersbuurt", "stadsdeel": "Zuid", "bevolking": 2530, "oppervlakte_km2": 0.0842, "bev_dichtheid": 30047.5 }, "geometry": { "type": "Polygon", "coordinates": [ [ [ 4.8867782, 52.3544116 ], [ 4.8867851, 52.3539388 ], [ 4.8867688, 52.3535496 ], [ 4.8867723, 52.3533798 ], [ 4.8866237, 52.3531481 ], [ 4.8865677, 52.3530292 ], [ 4.8865181, 52.3528888 ], [ 4.8864988, 52.3527665 ], [ 4.8864857, 52.3522362 ], [ 4.8868028, 52.3522312 ], [ 4.8870653, 52.3522476 ], [ 4.8911352, 52.3527914 ], [ 4.8906874, 52.353993 ], [ 4.8903329, 52.3548399 ], [ 4.8903157, 52.3549423 ], [ 4.8903162, 52.3550304 ], [ 4.8903561, 52.3552669 ], [ 4.8904172, 52.3554362 ], [ 4.8890728, 52.3551635 ], [ 4.8866979, 52.3552947 ], [ 4.8867597, 52.3546218 ], [ 4.8867782, 52.3544116 ] ] ] } },
{ "type": "Feature", "properties": { "buurt_naam": "Sarphatiparkbuurt", "stadsdeel": "Zuid", "bevolking": 5150, "oppervlakte_km2": 0.2267, "bev_dichtheid": 22718.0 }, "geometry": { "type": "Polygon", "coordinates": [ [ [ 4.8903561, 52.3552669 ], [ 4.8903162, 52.3550304 ], [ 4.8903157, 52.3549423 ], [ 4.8903329, 52.3548399 ], [ 4.8906874, 52.353993 ], [ 4.8911352, 52.3527914 ], [ 4.894556, 52.3532496 ], [ 4.8990903, 52.3541491 ], [ 4.9012448, 52.3548285 ], [ 4.8997952, 52.3566623 ], [ 4.8993331, 52.3577038 ], [ 4.8992465, 52.3581007 ], [ 4.8990062, 52.3580486 ], [ 4.8987602, 52.3580062 ], [ 4.898511, 52.3579728 ], [ 4.8982588, 52.3579484 ], [ 4.8985119, 52.3573608 ], [ 4.8954523, 52.3564673 ], [ 4.8904172, 52.3554362 ], [ 4.8903561, 52.3552669 ] ] ] } },
{ "type": "Feature", "properties": { "buurt_naam": "Hemonybuurt", "stadsdeel": "Zuid", "bevolking": 2650, "oppervlakte_km2": 0.1394, "bev_dichtheid": 19004.9 }, "geometry": { "type": "Polygon", "coordinates": [ [ [ 4.8992465, 52.3581007 ], [ 4.8993331, 52.3577038 ], [ 4.8997952, 52.3566623 ], [ 4.9012448, 52.3548285 ], [ 4.9048113, 52.3559521 ], [ 4.9049958, 52.3559932 ], [ 4.9060552, 52.3561684 ], [ 4.904891, 52.3587511 ], [ 4.9046336, 52.3592121 ], [ 4.9039997, 52.3590486 ], [ 4.901675, 52.3585952 ], [ 4.8992465, 52.3581007 ] ] ] } },
{ "type": "Feature", "properties": { "buurt_naam": "Cornelis Troostbuurt", "stadsdeel": "Zuid", "bevolking": 3660, "oppervlakte_km2": 0.1559, "bev_dichtheid": 23479.9 }, "geometry": { "type": "Polygon", "coordinates": [ [ [ 4.8862816, 52.3484731 ], [ 4.89128, 52.348228 ], [ 4.8915948, 52.3505347 ], [ 4.8915968, 52.3506138 ], [ 4.891579, 52.3507512 ], [ 4.891362, 52.3514037 ], [ 4.8913582, 52.3514846 ], [ 4.8913951, 52.3519935 ], [ 4.8913788, 52.3521354 ], [ 4.8912036, 52.3525768 ], [ 4.8911352, 52.3527914 ], [ 4.8870653, 52.3522476 ], [ 4.8868028, 52.3522312 ], [ 4.8864857, 52.3522362 ], [ 4.8865269, 52.3506563 ], [ 4.8862816, 52.3484731 ] ] ] } },
{ "type": "Feature", "properties": { "buurt_naam": "Lizzy Ansinghbuurt", "stadsdeel": "Zuid", "bevolking": 2350, "oppervlakte_km2": 0.1271, "bev_dichtheid": 18495.2 }, "geometry": { "type": "Polygon", "coordinates": [ [ [ 4.8911352, 52.3527914 ], [ 4.8912036, 52.3525768 ], [ 4.8913788, 52.3521354 ], [ 4.8913951, 52.3519935 ], [ 4.8913582, 52.3514846 ], [ 4.891362, 52.3514037 ], [ 4.891579, 52.3507512 ], [ 4.8915968, 52.3506138 ], [ 4.8915948, 52.3505347 ], [ 4.89128, 52.348228 ], [ 4.8952626, 52.3480127 ], [ 4.8952964, 52.3482672 ], [ 4.8946415, 52.3500279 ], [ 4.8945429, 52.3504391 ], [ 4.8945591, 52.3505704 ], [ 4.8947475, 52.3513226 ], [ 4.8947742, 52.3514287 ], [ 4.8946004, 52.3518882 ], [ 4.8949124, 52.3519362 ], [ 4.8948371, 52.3526279 ], [ 4.8947888, 52.3528947 ], [ 4.894556, 52.3532496 ], [ 4.8911352, 52.3527914 ] ] ] } },
{ "type": "Feature", "properties": { "buurt_naam": "Van der Helstpleinbuurt", "stadsdeel": "Zuid", "bevolking": 3860, "oppervlakte_km2": 0.1357, "bev_dichtheid": 28440.1 }, "geometry": { "type": "Polygon", "coordinates": [ [ [ 4.894556, 52.3532496 ], [ 4.8947888, 52.3528947 ], [ 4.8948371, 52.3526279 ], [ 4.8949124, 52.3519362 ], [ 4.8946004, 52.3518882 ], [ 4.8947742, 52.3514287 ], [ 4.8947475, 52.3513226 ], [ 4.8975874, 52.3517244 ], [ 4.8976793, 52.3517778 ], [ 4.8980912, 52.3518361 ], [ 4.8989612, 52.3515979 ], [ 4.9030323, 52.3521719 ], [ 4.902823, 52.3527758 ], [ 4.9026643, 52.3530664 ], [ 4.9025477, 52.3532582 ], [ 4.901999, 52.3539157 ], [ 4.9016261, 52.3543276 ], [ 4.9012448, 52.3548285 ], [ 4.8990903, 52.3541491 ], [ 4.894556, 52.3532496 ] ] ] } },
{ "type": "Feature", "properties": { "buurt_naam": "Willibrordusbuurt", "stadsdeel": "Zuid", "bevolking": 2675, "oppervlakte_km2": 0.1235, "bev_dichtheid": 21654.3 }, "geometry": { "type": "Polygon", "coordinates": [ [ [ 4.9012448, 52.3548285 ], [ 4.9016261, 52.3543276 ], [ 4.901999, 52.3539157 ], [ 4.9025477, 52.3532582 ], [ 4.9026643, 52.3530664 ], [ 4.902823, 52.3527758 ], [ 4.9030323, 52.3521719 ], [ 4.9041764, 52.3523733 ], [ 4.9052131, 52.3526068 ], [ 4.9083633, 52.3533897 ], [ 4.9065524, 52.3553848 ], [ 4.9060552, 52.3561684 ], [ 4.9049958, 52.3559932 ], [ 4.9048113, 52.3559521 ], [ 4.9012448, 52.3548285 ] ] ] } },
{ "type": "Feature", "properties": { "buurt_naam": "Burgemeester Tellegenbuurt-West", "stadsdeel": "Zuid", "bevolking": 2160, "oppervlakte_km2": 0.1019, "bev_dichtheid": 21198.9 }, "geometry": { "type": "Polygon", "coordinates": [ [ [ 4.8945591, 52.3505704 ], [ 4.8945429, 52.3504391 ], [ 4.8946415, 52.3500279 ], [ 4.8952964, 52.3482672 ], [ 4.8952626, 52.3480127 ], [ 4.8962273, 52.3479665 ], [ 4.8998043, 52.3484638 ], [ 4.8992702, 52.3499194 ], [ 4.89822, 52.3501282 ], [ 4.8979387, 52.3508855 ], [ 4.897855, 52.3510137 ], [ 4.8975874, 52.3517244 ], [ 4.8947475, 52.3513226 ], [ 4.8945591, 52.3505704 ] ] ] } },
{ "type": "Feature", "properties": { "buurt_naam": "Burgemeester Tellegenbuurt-Oost", "stadsdeel": "Zuid", "bevolking": 2695, "oppervlakte_km2": 0.121, "bev_dichtheid": 22276.4 }, "geometry": { "type": "Polygon", "coordinates": [ [ [ 4.8975874, 52.3517244 ], [ 4.897855, 52.3510137 ], [ 4.8979387, 52.3508855 ], [ 4.89822, 52.3501282 ], [ 4.8992702, 52.3499194 ], [ 4.8998043, 52.3484638 ], [ 4.9041946, 52.3490749 ], [ 4.9030323, 52.3521719 ], [ 4.8989612, 52.3515979 ], [ 4.8980912, 52.3518361 ], [ 4.8976793, 52.3517778 ], [ 4.8975874, 52.3517244 ] ] ] } },
{ "type": "Feature", "properties": { "buurt_naam": "Diamantbuurt", "stadsdeel": "Zuid", "bevolking": 2955, "oppervlakte_km2": 0.1665, "bev_dichtheid": 17745.0 }, "geometry": { "type": "Polygon", "coordinates": [ [ [ 4.9030323, 52.3521719 ], [ 4.9041946, 52.3490749 ], [ 4.905339, 52.3492287 ], [ 4.9110646, 52.3500293 ], [ 4.9102489, 52.3513661 ], [ 4.9083633, 52.3533897 ], [ 4.9052131, 52.3526068 ], [ 4.9041764, 52.3523733 ], [ 4.9030323, 52.3521719 ] ] ] } },
{ "type": "Feature", "properties": { "buurt_naam": "Bertelmanpleinbuurt", "stadsdeel": "Zuid", "bevolking": 1025, "oppervlakte_km2": 0.0594, "bev_dichtheid": 17269.0 }, "geometry": { "type": "Polygon", "coordinates": [ [ [ 4.8574132, 52.3498316 ], [ 4.8574584, 52.3497447 ], [ 4.8575326, 52.3479483 ], [ 4.8575726, 52.3474192 ], [ 4.8588558, 52.3476271 ], [ 4.8601268, 52.348741 ], [ 4.8611101, 52.3496036 ], [ 4.8615826, 52.349728 ], [ 4.8609174, 52.3507666 ], [ 4.8574132, 52.3498316 ] ] ] } },
{ "type": "Feature", "properties": { "buurt_naam": "Olympisch Stadion e.o.", "stadsdeel": "Zuid", "bevolking": 2320, "oppervlakte_km2": 0.2304, "bev_dichtheid": 10068.3 }, "geometry": { "type": "Polygon", "coordinates": [ [ [ 4.8535039, 52.3468581 ], [ 4.8531788, 52.3467821 ], [ 4.852929, 52.3466955 ], [ 4.8528108, 52.3466455 ], [ 4.8526328, 52.3465539 ], [ 4.8524231, 52.3464183 ], [ 4.852218, 52.3462654 ], [ 4.8520072, 52.3460936 ], [ 4.8518377, 52.345924 ], [ 4.8517189, 52.345785 ], [ 4.8515891, 52.3456002 ], [ 4.8515461, 52.3455146 ], [ 4.8514866, 52.345348 ], [ 4.8514699, 52.3452662 ], [ 4.8514414, 52.3447043 ], [ 4.8515202, 52.3443757 ], [ 4.8516373, 52.3440401 ], [ 4.8519166, 52.3436315 ], [ 4.8520222, 52.3434001 ], [ 4.8524435, 52.3424053 ], [ 4.8528561, 52.3416494 ], [ 4.8572996, 52.3422537 ], [ 4.8580555, 52.3423595 ], [ 4.8577728, 52.3431833 ], [ 4.8586972, 52.3433015 ], [ 4.8580449, 52.3452291 ], [ 4.8576931, 52.3451808 ], [ 4.8576787, 52.3456562 ], [ 4.8575824, 52.3469635 ], [ 4.8575726, 52.3474192 ], [ 4.8535039, 52.3468581 ] ] ] } },
{ "type": "Feature", "properties": { "buurt_naam": "Marathonbuurt-West", "stadsdeel": "Zuid", "bevolking": 2320, "oppervlakte_km2": 0.1207, "bev_dichtheid": 19221.4 }, "geometry": { "type": "Polygon", "coordinates": [ [ [ 4.8575726, 52.3474192 ], [ 4.8575824, 52.3469635 ], [ 4.8576787, 52.3456562 ], [ 4.8576931, 52.3451808 ], [ 4.8580449, 52.3452291 ], [ 4.8656727, 52.3462597 ], [ 4.8655757, 52.346519 ], [ 4.8655326, 52.3465691 ], [ 4.8654705, 52.3466111 ], [ 4.8601268, 52.348741 ], [ 4.8588558, 52.3476271 ], [ 4.8575726, 52.3474192 ] ] ] } },
{ "type": "Feature", "properties": { "buurt_naam": "Marathonbuurt-Oost", "stadsdeel": "Zuid", "bevolking": 1440, "oppervlakte_km2": 0.1547, "bev_dichtheid": 9306.7 }, "geometry": { "type": "Polygon", "coordinates": [ [ [ 4.8601268, 52.348741 ], [ 4.8654705, 52.3466111 ], [ 4.8655326, 52.3465691 ], [ 4.8655757, 52.346519 ], [ 4.8656727, 52.3462597 ], [ 4.8670895, 52.346451 ], [ 4.8677914, 52.3465467 ], [ 4.8681684, 52.34656 ], [ 4.867401, 52.3486768 ], [ 4.8667777, 52.3503934 ], [ 4.8667247, 52.3505389 ], [ 4.8665633, 52.3505327 ], [ 4.8657392, 52.3504688 ], [ 4.8656147, 52.3504512 ], [ 4.8654932, 52.3504237 ], [ 4.8653022, 52.3506934 ], [ 4.8615826, 52.349728 ], [ 4.8611101, 52.3496036 ], [ 4.8601268, 52.348741 ] ] ] } },
{ "type": "Feature", "properties": { "buurt_naam": "Van Tuyllbuurt", "stadsdeel": "Zuid", "bevolking": 4140, "oppervlakte_km2": 0.2096, "bev_dichtheid": 19751.5 }, "geometry": { "type": "Polygon", "coordinates": [ [ [ 4.8586972, 52.3433015 ], [ 4.8577728, 52.3431833 ], [ 4.8580555, 52.3423595 ], [ 4.8591748, 52.3425181 ], [ 4.8594707, 52.3425455 ], [ 4.8596792, 52.3425482 ], [ 4.8622886, 52.3425122 ], [ 4.8625072, 52.3425186 ], [ 4.8626567, 52.3425335 ], [ 4.8628193, 52.3425604 ], [ 4.8630052, 52.3426052 ], [ 4.864805, 52.3431587 ], [ 4.8669119, 52.3438186 ], [ 4.8671973, 52.3438747 ], [ 4.8679754, 52.3439816 ], [ 4.8670895, 52.346451 ], [ 4.8656727, 52.3462597 ], [ 4.8580449, 52.3452291 ], [ 4.8586972, 52.3433015 ] ] ] } },
{ "type": "Feature", "properties": { "buurt_naam": "IJsbaanpad e.o.", "stadsdeel": "Zuid", "bevolking": 420, "oppervlakte_km2": 0.295, "bev_dichtheid": 1423.9 }, "geometry": { "type": "Polygon", "coordinates": [ [ [ 4.8481807, 52.342768 ], [ 4.8476446, 52.3421948 ], [ 4.847417, 52.3418468 ], [ 4.8470977, 52.3413169 ], [ 4.8468657, 52.340835 ], [ 4.846827, 52.3406443 ], [ 4.846793, 52.3403009 ], [ 4.8467825, 52.3399575 ], [ 4.8467867, 52.3397283 ], [ 4.8468027, 52.3394992 ], [ 4.8469717, 52.3381473 ], [ 4.8481328, 52.3382344 ], [ 4.848138, 52.3382884 ], [ 4.8481755, 52.338346 ], [ 4.848219, 52.3383831 ], [ 4.8483783, 52.3384458 ], [ 4.8485115, 52.3384725 ], [ 4.8507792, 52.338649 ], [ 4.8531673, 52.3388351 ], [ 4.8532582, 52.3385811 ], [ 4.8533478, 52.338586 ], [ 4.8533049, 52.3387296 ], [ 4.8549886, 52.3387947 ], [ 4.8570945, 52.3389021 ], [ 4.8571162, 52.3389201 ], [ 4.8571582, 52.3390875 ], [ 4.8571633, 52.3391612 ], [ 4.8571363, 52.3395701 ], [ 4.8571589, 52.3398829 ], [ 4.8571982, 52.3401645 ], [ 4.8573251, 52.3408462 ], [ 4.8574131, 52.3412196 ], [ 4.8574622, 52.3415362 ], [ 4.8574344, 52.3417716 ], [ 4.8573337, 52.342101 ], [ 4.8573404, 52.3421432 ], [ 4.8572996, 52.3422537 ], [ 4.8528561, 52.3416494 ], [ 4.8524435, 52.3424053 ], [ 4.8520222, 52.3434001 ], [ 4.8511169, 52.3432541 ], [ 4.8501, 52.3430157 ], [ 4.8497914, 52.3429245 ], [ 4.8481807, 52.342768 ] ] ] } },
{ "type": "Feature", "properties": { "buurt_naam": "Hiltonbuurt", "stadsdeel": "Zuid", "bevolking": 70, "oppervlakte_km2": 0.1125, "bev_dichtheid": 622.1 }, "geometry": { "type": "Polygon", "coordinates": [ [ [ 4.8653022, 52.3506934 ], [ 4.8654932, 52.3504237 ], [ 4.8656147, 52.3504512 ], [ 4.8657392, 52.3504688 ], [ 4.8665633, 52.3505327 ], [ 4.8667247, 52.3505389 ], [ 4.8667777, 52.3503934 ], [ 4.8771777, 52.3507882 ], [ 4.8773642, 52.3507755 ], [ 4.8787334, 52.3505324 ], [ 4.8790532, 52.3511944 ], [ 4.8774927, 52.3514726 ], [ 4.8735468, 52.3521746 ], [ 4.8730003, 52.3522145 ], [ 4.8719229, 52.3522179 ], [ 4.87086, 52.352118 ], [ 4.8705654, 52.3520718 ], [ 4.8703896, 52.3520432 ], [ 4.8660791, 52.3508973 ], [ 4.8653022, 52.3506934 ] ] ] } },
{ "type": "Feature", "properties": { "buurt_naam": "Minervabuurt-Noord", "stadsdeel": "Zuid", "bevolking": 1410, "oppervlakte_km2": 0.1436, "bev_dichtheid": 9821.1 }, "geometry": { "type": "Polygon", "coordinates": [ [ [ 4.8667777, 52.3503934 ], [ 4.867401, 52.3486768 ], [ 4.8772475, 52.3490512 ], [ 4.8773183, 52.3491459 ], [ 4.8773807, 52.3492072 ], [ 4.8785413, 52.3502647 ], [ 4.878663, 52.3504028 ], [ 4.8787334, 52.3505324 ], [ 4.8773642, 52.3507755 ], [ 4.8771777, 52.3507882 ], [ 4.8667777, 52.3503934 ] ] ] } },
{ "type": "Feature", "properties": { "buurt_naam": "Minervabuurt-Midden", "stadsdeel": "Zuid", "bevolking": 2475, "oppervlakte_km2": 0.1498, "bev_dichtheid": 16516.8 }, "geometry": { "type": "Polygon", "coordinates": [ [ [ 4.867401, 52.3486768 ], [ 4.8681684, 52.34656 ], [ 4.8768774, 52.3468971 ], [ 4.877179, 52.3488864 ], [ 4.8772059, 52.3489701 ], [ 4.8772475, 52.3490512 ], [ 4.867401, 52.3486768 ] ] ] } },
{ "type": "Feature", "properties": { "buurt_naam": "Minervabuurt-Zuid", "stadsdeel": "Zuid", "bevolking": 2555, "oppervlakte_km2": 0.1618, "bev_dichtheid": 15793.2 }, "geometry": { "type": "Polygon", "coordinates": [ [ [ 4.8670895, 52.346451 ], [ 4.8679754, 52.3439816 ], [ 4.8709951, 52.3443938 ], [ 4.8711769, 52.3444116 ], [ 4.8766013, 52.3446184 ], [ 4.8765843, 52.34495 ], [ 4.8768774, 52.3468971 ], [ 4.8681684, 52.34656 ], [ 4.8677914, 52.3465467 ], [ 4.8670895, 52.346451 ] ] ] } },
{ "type": "Feature", "properties": { "buurt_naam": "Beethovenbuurt", "stadsdeel": "Zuid", "bevolking": 1350, "oppervlakte_km2": 0.1517, "bev_dichtheid": 8899.4 }, "geometry": { "type": "Polygon", "coordinates": [ [ [ 4.8768774, 52.3468971 ], [ 4.87965, 52.3470015 ], [ 4.8847826, 52.3495569 ], [ 4.8836844, 52.3503667 ], [ 4.8790532, 52.3511944 ], [ 4.8787334, 52.3505324 ], [ 4.878663, 52.3504028 ], [ 4.8785413, 52.3502647 ], [ 4.8773807, 52.3492072 ], [ 4.8773183, 52.3491459 ], [ 4.8772475, 52.3490512 ], [ 4.8772059, 52.3489701 ], [ 4.877179, 52.3488864 ], [ 4.8768774, 52.3468971 ] ] ] } },
{ "type": "Feature", "properties": { "buurt_naam": "Diepenbrockbuurt", "stadsdeel": "Zuid", "bevolking": 780, "oppervlakte_km2": 0.2198, "bev_dichtheid": 3548.3 }, "geometry": { "type": "Polygon", "coordinates": [ [ [ 4.8765843, 52.34495 ], [ 4.8766013, 52.3446184 ], [ 4.8784041, 52.3446783 ], [ 4.8785876, 52.3446845 ], [ 4.8801736, 52.3454848 ], [ 4.8812579, 52.3460197 ], [ 4.8813141, 52.3459742 ], [ 4.8813157, 52.3459634 ], [ 4.8813319, 52.3459617 ], [ 4.8813984, 52.3459125 ], [ 4.8810526, 52.3457393 ], [ 4.8810763, 52.3457214 ], [ 4.8810797, 52.345672 ], [ 4.8811006, 52.3456425 ], [ 4.8811405, 52.3456237 ], [ 4.8812139, 52.3456169 ], [ 4.8812614, 52.3455838 ], [ 4.8813621, 52.3456346 ], [ 4.8814093, 52.3455989 ], [ 4.8814867, 52.3456378 ], [ 4.8816688, 52.3454975 ], [ 4.8816592, 52.3454337 ], [ 4.8816138, 52.3454326 ], [ 4.8815847, 52.3454135 ], [ 4.8815684, 52.3452868 ], [ 4.881579, 52.3452689 ], [ 4.8818943, 52.3450266 ], [ 4.8819311, 52.3450187 ], [ 4.8822555, 52.345003 ], [ 4.8824393, 52.3450928 ], [ 4.8825815, 52.3449846 ], [ 4.8824313, 52.344904 ], [ 4.8824153, 52.3448877 ], [ 4.8823944, 52.3447987 ], [ 4.8823608, 52.3447796 ], [ 4.8824468, 52.3446955 ], [ 4.8825431, 52.3446286 ], [ 4.8827925, 52.3445002 ], [ 4.8829458, 52.3444352 ], [ 4.8830372, 52.3444023 ], [ 4.8832108, 52.3443653 ], [ 4.8835427, 52.3443416 ], [ 4.8836069, 52.3445171 ], [ 4.8837628, 52.3444854 ], [ 4.8840215, 52.3444487 ], [ 4.8844489, 52.3444083 ], [ 4.8847278, 52.3443933 ], [ 4.8857259, 52.3443769 ], [ 4.8857421, 52.3445064 ], [ 4.8862816, 52.3484731 ], [ 4.8847826, 52.3495569 ], [ 4.87965, 52.3470015 ], [ 4.8768774, 52.3468971 ], [ 4.8765843, 52.34495 ] ] ] } },
{ "type": "Feature", "properties": { "buurt_naam": "Wielingenbuurt", "stadsdeel": "Zuid", "bevolking": 2910, "oppervlakte_km2": 0.1504, "bev_dichtheid": 19347.0 }, "geometry": { "type": "Polygon", "coordinates": [ [ [ 4.8857421, 52.3445064 ], [ 4.8906816, 52.3442467 ], [ 4.891181, 52.3474916 ], [ 4.89128, 52.348228 ], [ 4.8862816, 52.3484731 ], [ 4.8857421, 52.3445064 ] ] ] } },
{ "type": "Feature", "properties": { "buurt_naam": "Scheldebuurt-West", "stadsdeel": "Zuid", "bevolking": 4390, "oppervlakte_km2": 0.2546, "bev_dichtheid": 17241.6 }, "geometry": { "type": "Polygon", "coordinates": [ [ [ 4.8906816, 52.3442467 ], [ 4.8907779, 52.3440261 ], [ 4.890893, 52.3438503 ], [ 4.8909822, 52.3437483 ], [ 4.8922305, 52.3424592 ], [ 4.8923004, 52.3423795 ], [ 4.8923514, 52.342298 ], [ 4.8924072, 52.3421544 ], [ 4.8924208, 52.3419846 ], [ 4.8924152, 52.3418364 ], [ 4.8923887, 52.3417005 ], [ 4.8922897, 52.3408444 ], [ 4.8944301, 52.3407509 ], [ 4.8967115, 52.3406498 ], [ 4.8974324, 52.3406114 ], [ 4.8976076, 52.3418956 ], [ 4.8975939, 52.3419449 ], [ 4.897564, 52.3419907 ], [ 4.8971885, 52.3423818 ], [ 4.8955615, 52.3440702 ], [ 4.8954974, 52.3441661 ], [ 4.8949695, 52.3455723 ], [ 4.8949547, 52.3457241 ], [ 4.8951203, 52.346939 ], [ 4.8952626, 52.3480127 ], [ 4.89128, 52.348228 ], [ 4.891181, 52.3474916 ], [ 4.8906816, 52.3442467 ] ] ] } },
{ "type": "Feature", "properties": { "buurt_naam": "Scheldebuurt-Midden", "stadsdeel": "Zuid", "bevolking": 3120, "oppervlakte_km2": 0.1596, "bev_dichtheid": 19549.2 }, "geometry": { "type": "Polygon", "coordinates": [ [ [ 4.8949547, 52.3457241 ], [ 4.8949695, 52.3455723 ], [ 4.8954974, 52.3441661 ], [ 4.8955615, 52.3440702 ], [ 4.8971885, 52.3423818 ], [ 4.8990276, 52.3430142 ], [ 4.8993594, 52.3429993 ], [ 4.8995728, 52.3429346 ], [ 4.9010381, 52.3428677 ], [ 4.9012608, 52.3429019 ], [ 4.9020654, 52.3428657 ], [ 4.9021042, 52.3431903 ], [ 4.9010357, 52.3442968 ], [ 4.9006155, 52.3447462 ], [ 4.8998217, 52.3455339 ], [ 4.8999736, 52.3464082 ], [ 4.8999909, 52.3466985 ], [ 4.8951203, 52.346939 ], [ 4.8949547, 52.3457241 ] ] ] } },
{ "type": "Feature", "properties": { "buurt_naam": "Scheldebuurt-Oost", "stadsdeel": "Zuid", "bevolking": 2385, "oppervlakte_km2": 0.14, "bev_dichtheid": 17033.3 }, "geometry": { "type": "Polygon", "coordinates": [ [ [ 4.8999736, 52.3464082 ], [ 4.8998217, 52.3455339 ], [ 4.9006155, 52.3447462 ], [ 4.9010357, 52.3442968 ], [ 4.9021042, 52.3431903 ], [ 4.9020654, 52.3428657 ], [ 4.9044583, 52.3427586 ], [ 4.9058104, 52.3427075 ], [ 4.9062823, 52.3427723 ], [ 4.9065476, 52.3427913 ], [ 4.9052375, 52.3462912 ], [ 4.9039333, 52.3461097 ], [ 4.9027793, 52.3465615 ], [ 4.8999909, 52.3466985 ], [ 4.8999736, 52.3464082 ] ] ] } },
{ "type": "Feature", "properties": { "buurt_naam": "Veluwebuurt", "stadsdeel": "Zuid", "bevolking": 1290, "oppervlakte_km2": 0.1303, "bev_dichtheid": 9896.4 }, "geometry": { "type": "Polygon", "coordinates": [ [ [ 4.8944301, 52.3407509 ], [ 4.8941554, 52.3384022 ], [ 4.8991423, 52.3381685 ], [ 4.9014677, 52.3380566 ], [ 4.9017637, 52.3403802 ], [ 4.8974324, 52.3406114 ], [ 4.8967115, 52.3406498 ], [ 4.8944301, 52.3407509 ] ] ] } },
{ "type": "Feature", "properties": { "buurt_naam": "Kop Zuidas", "stadsdeel": "Zuid", "bevolking": 1030, "oppervlakte_km2": 0.1688, "bev_dichtheid": 6102.3 }, "geometry": { "type": "Polygon", "coordinates": [ [ [ 4.8901349, 52.3361762 ], [ 4.8915586, 52.3354811 ], [ 4.8919069, 52.3352911 ], [ 4.8924637, 52.3349663 ], [ 4.892579, 52.3348823 ], [ 4.8926636, 52.33479 ], [ 4.8927145, 52.3347005 ], [ 4.8927467, 52.3345802 ], [ 4.8991423, 52.3381685 ], [ 4.8941554, 52.3384022 ], [ 4.8944301, 52.3407509 ], [ 4.8922897, 52.3408444 ], [ 4.8919306, 52.3377728 ], [ 4.8918854, 52.3376189 ], [ 4.8917742, 52.3374538 ], [ 4.8916364, 52.3373213 ], [ 4.8902974, 52.3363387 ], [ 4.8902364, 52.3362872 ], [ 4.8901349, 52.3361762 ] ] ] } },
{ "type": "Feature", "properties": { "buurt_naam": "IJselbuurt-West", "stadsdeel": "Zuid", "bevolking": 2330, "oppervlakte_km2": 0.1327, "bev_dichtheid": 17554.8 }, "geometry": { "type": "Polygon", "coordinates": [ [ [ 4.8951203, 52.346939 ], [ 4.8999909, 52.3466985 ], [ 4.9027793, 52.3465615 ], [ 4.9039333, 52.3461097 ], [ 4.9052375, 52.3462912 ], [ 4.9041946, 52.3490749 ], [ 4.8998043, 52.3484638 ], [ 4.8962273, 52.3479665 ], [ 4.8952626, 52.3480127 ], [ 4.8951203, 52.346939 ] ] ] } },
{ "type": "Feature", "properties": { "buurt_naam": "IJselbuurt-Oost", "stadsdeel": "Zuid", "bevolking": 2870, "oppervlakte_km2": 0.1583, "bev_dichtheid": 18130.9 }, "geometry": { "type": "Polygon", "coordinates": [ [ [ 4.9041946, 52.3490749 ], [ 4.9052375, 52.3462912 ], [ 4.9127079, 52.3473369 ], [ 4.9122329, 52.3481152 ], [ 4.9110646, 52.3500293 ], [ 4.905339, 52.3492287 ], [ 4.9041946, 52.3490749 ] ] ] } },
{ "type": "Feature", "properties": { "buurt_naam": "Kromme Mijdrechtbuurt", "stadsdeel": "Zuid", "bevolking": 2190, "oppervlakte_km2": 0.1842, "bev_dichtheid": 11891.4 }, "geometry": { "type": "Polygon", "coordinates": [ [ [ 4.9052375, 52.3462912 ], [ 4.9065476, 52.3427913 ], [ 4.908785, 52.3431078 ], [ 4.9083498, 52.3442726 ], [ 4.9086795, 52.3443153 ], [ 4.9127287, 52.3437284 ], [ 4.9141381, 52.343531 ], [ 4.913857, 52.3438759 ], [ 4.9134434, 52.3447002 ], [ 4.9132859, 52.3451462 ], [ 4.9131916, 52.3456051 ], [ 4.913162, 52.345756 ], [ 4.9127079, 52.3473369 ], [ 4.9052375, 52.3462912 ] ] ] } },
{ "type": "Feature", "properties": { "buurt_naam": "Rijnbuurt-West", "stadsdeel": "Zuid", "bevolking": 1630, "oppervlakte_km2": 0.0791, "bev_dichtheid": 20604.5 }, "geometry": { "type": "Polygon", "coordinates": [ [ [ 4.8971885, 52.3423818 ], [ 4.897564, 52.3419907 ], [ 4.8975939, 52.3419449 ], [ 4.8976076, 52.3418956 ], [ 4.8974324, 52.3406114 ], [ 4.9017637, 52.3403802 ], [ 4.9018668, 52.3412965 ], [ 4.9020654, 52.3428657 ], [ 4.9012608, 52.3429019 ], [ 4.9010381, 52.3428677 ], [ 4.8995728, 52.3429346 ], [ 4.8993594, 52.3429993 ], [ 4.8990276, 52.3430142 ], [ 4.8971885, 52.3423818 ] ] ] } },
{ "type": "Feature", "properties": { "buurt_naam": "Rijnbuurt-Midden", "stadsdeel": "Zuid", "bevolking": 2170, "oppervlakte_km2": 0.2844, "bev_dichtheid": 7630.8 }, "geometry": { "type": "Polygon", "coordinates": [ [ [ 4.8991423, 52.3381685 ], [ 4.9003618, 52.337609 ], [ 4.9014331, 52.3372018 ], [ 4.9015626, 52.3371673 ], [ 4.9017052, 52.3371418 ], [ 4.9019281, 52.33714 ], [ 4.9022218, 52.337125 ], [ 4.9025099, 52.3370831 ], [ 4.9027849, 52.3370159 ], [ 4.9032311, 52.3368657 ], [ 4.9036444, 52.3367777 ], [ 4.9038635, 52.3367201 ], [ 4.9050094, 52.336332 ], [ 4.9053847, 52.3362203 ], [ 4.9055788, 52.3361716 ], [ 4.905976, 52.3360914 ], [ 4.9067974, 52.3359617 ], [ 4.9068584, 52.3361624 ], [ 4.9068998, 52.3364079 ], [ 4.9071905, 52.3376162 ], [ 4.9072378, 52.337717 ], [ 4.90731, 52.3378189 ], [ 4.9074102, 52.3379154 ], [ 4.9074846, 52.3379625 ], [ 4.9077484, 52.3381172 ], [ 4.9079631, 52.3382197 ], [ 4.9092651, 52.3387067 ], [ 4.9094215, 52.3387729 ], [ 4.9082083, 52.3398339 ], [ 4.9080723, 52.3399313 ], [ 4.9078842, 52.3400852 ], [ 4.9076648, 52.3403036 ], [ 4.9074788, 52.340533 ], [ 4.9073325, 52.3407732 ], [ 4.9072468, 52.340958 ], [ 4.9065476, 52.3427913 ], [ 4.9062823, 52.3427723 ], [ 4.9058104, 52.3427075 ], [ 4.9044583, 52.3427586 ], [ 4.9020654, 52.3428657 ], [ 4.9018668, 52.3412965 ], [ 4.9017637, 52.3403802 ], [ 4.9014677, 52.3380566 ], [ 4.8991423, 52.3381685 ] ] ] } },
{ "type": "Feature", "properties": { "buurt_naam": "Rijnbuurt-Oost", "stadsdeel": "Zuid", "bevolking": 2700, "oppervlakte_km2": 0.2317, "bev_dichtheid": 11653.0 }, "geometry": { "type": "Polygon", "coordinates": [ [ [ 4.9065476, 52.3427913 ], [ 4.9072468, 52.340958 ], [ 4.9073325, 52.3407732 ], [ 4.9074788, 52.340533 ], [ 4.9076648, 52.3403036 ], [ 4.9078842, 52.3400852 ], [ 4.9080723, 52.3399313 ], [ 4.9082083, 52.3398339 ], [ 4.9094215, 52.3387729 ], [ 4.9100715, 52.3390442 ], [ 4.9107153, 52.3392104 ], [ 4.911175, 52.3393102 ], [ 4.9117984, 52.3394601 ], [ 4.912015, 52.3395158 ], [ 4.9126245, 52.339734 ], [ 4.9131936, 52.3400347 ], [ 4.9136019, 52.3402771 ], [ 4.9140463, 52.3405773 ], [ 4.9143755, 52.340939 ], [ 4.9146809, 52.3413402 ], [ 4.9148674, 52.3416006 ], [ 4.9149687, 52.3418617 ], [ 4.9149892, 52.3421467 ], [ 4.9149452, 52.3424286 ], [ 4.9148637, 52.3426387 ], [ 4.9141381, 52.343531 ], [ 4.9127287, 52.3437284 ], [ 4.9086795, 52.3443153 ], [ 4.9083498, 52.3442726 ], [ 4.908785, 52.3431078 ], [ 4.9065476, 52.3427913 ] ] ] } },
{ "type": "Feature", "properties": { "buurt_naam": "Zorgvlied", "stadsdeel": "Zuid", "bevolking": 45, "oppervlakte_km2": 0.3197, "bev_dichtheid": 140.7 }, "geometry": { "type": "Polygon", "coordinates": [ [ [ 4.8927467, 52.3345802 ], [ 4.8927363, 52.3344642 ], [ 4.8926696, 52.3342698 ], [ 4.8930214, 52.3338812 ], [ 4.893054, 52.3338643 ], [ 4.8930892, 52.3338581 ], [ 4.8931274, 52.3338618 ], [ 4.8934182, 52.3339663 ], [ 4.8935556, 52.3340074 ], [ 4.8936961, 52.3340358 ], [ 4.89385, 52.3340572 ], [ 4.8941682, 52.3340683 ], [ 4.8942989, 52.3340653 ], [ 4.8944236, 52.3340542 ], [ 4.894597, 52.3340279 ], [ 4.8948648, 52.3339607 ], [ 4.8951432, 52.3338567 ], [ 4.8961417, 52.3333899 ], [ 4.8962051, 52.3333516 ], [ 4.8962522, 52.3333364 ], [ 4.896383, 52.3331868 ], [ 4.8967183, 52.3329851 ], [ 4.8967755, 52.3329916 ], [ 4.8968483, 52.3330333 ], [ 4.8974203, 52.3334473 ], [ 4.8987553, 52.3327931 ], [ 4.8988394, 52.3328807 ], [ 4.898979, 52.3329836 ], [ 4.8991219, 52.3330705 ], [ 4.8992957, 52.3331504 ], [ 4.8994695, 52.3332158 ], [ 4.8996378, 52.3332614 ], [ 4.899828, 52.3333081 ], [ 4.9002012, 52.3333769 ], [ 4.9005999, 52.3334217 ], [ 4.9011587, 52.3334402 ], [ 4.9021968, 52.333369 ], [ 4.9024798, 52.3333674 ], [ 4.9028495, 52.3333824 ], [ 4.9035517, 52.3334311 ], [ 4.9039413, 52.333483 ], [ 4.9042588, 52.3335724 ], [ 4.9045479, 52.3336976 ], [ 4.9047779, 52.3338486 ], [ 4.9052551, 52.3342343 ], [ 4.9055486, 52.3344891 ], [ 4.9057824, 52.3347173 ], [ 4.9061698, 52.3351215 ], [ 4.9063495, 52.335329 ], [ 4.9064874, 52.3354679 ], [ 4.9066292, 52.3356492 ], [ 4.9067544, 52.3358637 ], [ 4.9067974, 52.3359617 ], [ 4.905976, 52.3360914 ], [ 4.9055788, 52.3361716 ], [ 4.9053847, 52.3362203 ], [ 4.9050094, 52.336332 ], [ 4.9038635, 52.3367201 ], [ 4.9036444, 52.3367777 ], [ 4.9032311, 52.3368657 ], [ 4.9027849, 52.3370159 ], [ 4.9025099, 52.3370831 ], [ 4.9022218, 52.337125 ], [ 4.9019281, 52.33714 ], [ 4.9017052, 52.3371418 ], [ 4.9015626, 52.3371673 ], [ 4.9014331, 52.3372018 ], [ 4.9003618, 52.337609 ], [ 4.8991423, 52.3381685 ], [ 4.8927467, 52.3345802 ] ] ] } },
{ "type": "Feature", "properties": { "buurt_naam": "Prinses Irenebuurt", "stadsdeel": "Zuid", "bevolking": 1395, "oppervlakte_km2": 0.2655, "bev_dichtheid": 5255.1 }, "geometry": { "type": "Polygon", "coordinates": [ [ [ 4.864805, 52.3431587 ], [ 4.8649828, 52.3413953 ], [ 4.8760524, 52.3418074 ], [ 4.8771455, 52.3418202 ], [ 4.8783182, 52.3417929 ], [ 4.8781743, 52.3435933 ], [ 4.8784764, 52.3440072 ], [ 4.8784041, 52.3446783 ], [ 4.8766013, 52.3446184 ], [ 4.8711769, 52.3444116 ], [ 4.8709951, 52.3443938 ], [ 4.8679754, 52.3439816 ], [ 4.8671973, 52.3438747 ], [ 4.8669119, 52.3438186 ], [ 4.864805, 52.3431587 ] ] ] } },
{ "type": "Feature", "properties": { "buurt_naam": "Beatrixpark", "stadsdeel": "Zuid", "bevolking": 0, "oppervlakte_km2": 0.166, "bev_dichtheid": 0.0 }, "geometry": { "type": "Polygon", "coordinates": [ [ [ 4.8784764, 52.3440072 ], [ 4.8781743, 52.3435933 ], [ 4.8783182, 52.3417929 ], [ 4.879039, 52.3417761 ], [ 4.8854048, 52.3420064 ], [ 4.8857259, 52.3443769 ], [ 4.8847278, 52.3443933 ], [ 4.8844489, 52.3444083 ], [ 4.8840215, 52.3444487 ], [ 4.8837628, 52.3444854 ], [ 4.8836069, 52.3445171 ], [ 4.8835427, 52.3443416 ], [ 4.8832108, 52.3443653 ], [ 4.8830372, 52.3444023 ], [ 4.8829458, 52.3444352 ], [ 4.8827925, 52.3445002 ], [ 4.8825431, 52.3446286 ], [ 4.8824468, 52.3446955 ], [ 4.8823608, 52.3447796 ], [ 4.8823944, 52.3447987 ], [ 4.8824153, 52.3448877 ], [ 4.8824313, 52.344904 ], [ 4.8825815, 52.3449846 ], [ 4.8824393, 52.3450928 ], [ 4.8822555, 52.345003 ], [ 4.8819311, 52.3450187 ], [ 4.8818943, 52.3450266 ], [ 4.881579, 52.3452689 ], [ 4.8815684, 52.3452868 ], [ 4.8815847, 52.3454135 ], [ 4.8816138, 52.3454326 ], [ 4.8816592, 52.3454337 ], [ 4.8816688, 52.3454975 ], [ 4.8814867, 52.3456378 ], [ 4.8814093, 52.3455989 ], [ 4.8813621, 52.3456346 ], [ 4.8812614, 52.3455838 ], [ 4.8812139, 52.3456169 ], [ 4.8811405, 52.3456237 ], [ 4.8811006, 52.3456425 ], [ 4.8810797, 52.345672 ], [ 4.8810763, 52.3457214 ], [ 4.8810526, 52.3457393 ], [ 4.8813984, 52.3459125 ], [ 4.8813319, 52.3459617 ], [ 4.8813157, 52.3459634 ], [ 4.8813141, 52.3459742 ], [ 4.8812579, 52.3460197 ], [ 4.8801736, 52.3454848 ], [ 4.8785876, 52.3446845 ], [ 4.8784041, 52.3446783 ], [ 4.8784764, 52.3440072 ] ] ] } },
{ "type": "Feature", "properties": { "buurt_naam": "Zuidas-Noord", "stadsdeel": "Zuid", "bevolking": 510, "oppervlakte_km2": 0.823, "bev_dichtheid": 619.7 }, "geometry": { "type": "Polygon", "coordinates": [ [ [ 4.8570945, 52.3389021 ], [ 4.8570996, 52.3388285 ], [ 4.8575807, 52.3388531 ], [ 4.8576175, 52.3378637 ], [ 4.8575999, 52.336999 ], [ 4.8582132, 52.3369937 ], [ 4.858585, 52.3369467 ], [ 4.8591371, 52.3369088 ], [ 4.8598482, 52.3368337 ], [ 4.8599891, 52.3368262 ], [ 4.8603103, 52.3368304 ], [ 4.860473, 52.3368455 ], [ 4.8606047, 52.3368811 ], [ 4.8607653, 52.3369421 ], [ 4.8609521, 52.3370337 ], [ 4.8610294, 52.3370753 ], [ 4.8612127, 52.3372065 ], [ 4.8613191, 52.3372681 ], [ 4.8616277, 52.3374735 ], [ 4.8617399, 52.3375404 ], [ 4.8619748, 52.3376556 ], [ 4.86208, 52.3377001 ], [ 4.8622611, 52.3377549 ], [ 4.8623885, 52.3377797 ], [ 4.8626683, 52.3378088 ], [ 4.8632638, 52.3378456 ], [ 4.8646098, 52.3379135 ], [ 4.8660103, 52.3379727 ], [ 4.8666967, 52.3380098 ], [ 4.8669268, 52.3380289 ], [ 4.8686866, 52.3381103 ], [ 4.872005, 52.3382802 ], [ 4.8734351, 52.3383394 ], [ 4.875216, 52.3383669 ], [ 4.8766451, 52.3383686 ], [ 4.8792803, 52.3383745 ], [ 4.880617, 52.3383676 ], [ 4.8819249, 52.3383247 ], [ 4.8831198, 52.3382704 ], [ 4.8839614, 52.3382021 ], [ 4.8842274, 52.3381726 ], [ 4.8846272, 52.3381159 ], [ 4.8850702, 52.3412419 ], [ 4.8852961, 52.341233 ], [ 4.8854048, 52.3420064 ], [ 4.879039, 52.3417761 ], [ 4.8783182, 52.3417929 ], [ 4.8771455, 52.3418202 ], [ 4.8760524, 52.3418074 ], [ 4.8649828, 52.3413953 ], [ 4.864805, 52.3431587 ], [ 4.8630052, 52.3426052 ], [ 4.8628193, 52.3425604 ], [ 4.8626567, 52.3425335 ], [ 4.8625072, 52.3425186 ], [ 4.8622886, 52.3425122 ], [ 4.8596792, 52.3425482 ], [ 4.8594707, 52.3425455 ], [ 4.8591748, 52.3425181 ], [ 4.8580555, 52.3423595 ], [ 4.8572996, 52.3422537 ], [ 4.8573404, 52.3421432 ], [ 4.8573337, 52.342101 ], [ 4.8574344, 52.3417716 ], [ 4.8574622, 52.3415362 ], [ 4.8574131, 52.3412196 ], [ 4.8573251, 52.3408462 ], [ 4.8571982, 52.3401645 ], [ 4.8571589, 52.3398829 ], [ 4.8571363, 52.3395701 ], [ 4.8571633, 52.3391612 ], [ 4.8571582, 52.3390875 ], [ 4.8571162, 52.3389201 ], [ 4.8570945, 52.3389021 ] ] ] } },
{ "type": "Feature", "properties": { "buurt_naam": "RAI", "stadsdeel": "Zuid", "bevolking": 10, "oppervlakte_km2": 0.3692, "bev_dichtheid": 27.1 }, "geometry": { "type": "Polygon", "coordinates": [ [ [ 4.8846272, 52.3381159 ], [ 4.8851754, 52.3380257 ], [ 4.8858108, 52.337899 ], [ 4.8860726, 52.337839 ], [ 4.8866274, 52.3376894 ], [ 4.8875759, 52.3373798 ], [ 4.8878883, 52.3372579 ], [ 4.8882982, 52.3370789 ], [ 4.8901349, 52.3361762 ], [ 4.8902364, 52.3362872 ], [ 4.8902974, 52.3363387 ], [ 4.8916364, 52.3373213 ], [ 4.8917742, 52.3374538 ], [ 4.8918854, 52.3376189 ], [ 4.8919306, 52.3377728 ], [ 4.8922897, 52.3408444 ], [ 4.8923887, 52.3417005 ], [ 4.8924152, 52.3418364 ], [ 4.8924208, 52.3419846 ], [ 4.8924072, 52.3421544 ], [ 4.8923514, 52.342298 ], [ 4.8923004, 52.3423795 ], [ 4.8922305, 52.3424592 ], [ 4.8909822, 52.3437483 ], [ 4.890893, 52.3438503 ], [ 4.8907779, 52.3440261 ], [ 4.8906816, 52.3442467 ], [ 4.8857421, 52.3445064 ], [ 4.8857259, 52.3443769 ], [ 4.8854048, 52.3420064 ], [ 4.8852961, 52.341233 ], [ 4.8850702, 52.3412419 ], [ 4.8846272, 52.3381159 ] ] ] } },
{ "type": "Feature", "properties": { "buurt_naam": "VU-kwartier", "stadsdeel": "Zuid", "bevolking": 395, "oppervlakte_km2": 0.4615, "bev_dichtheid": 855.9 }, "geometry": { "type": "Polygon", "coordinates": [ [ [ 4.8575648, 52.3353845 ], [ 4.8574195, 52.334274 ], [ 4.8574261, 52.3336089 ], [ 4.857449, 52.3322968 ], [ 4.8618178, 52.3323055 ], [ 4.8618162, 52.3320781 ], [ 4.8688462, 52.3321018 ], [ 4.8688301, 52.3349922 ], [ 4.8686866, 52.3381103 ], [ 4.8669268, 52.3380289 ], [ 4.8666967, 52.3380098 ], [ 4.8660103, 52.3379727 ], [ 4.8646098, 52.3379135 ], [ 4.8632638, 52.3378456 ], [ 4.8626683, 52.3378088 ], [ 4.8623885, 52.3377797 ], [ 4.8622611, 52.3377549 ], [ 4.86208, 52.3377001 ], [ 4.8619748, 52.3376556 ], [ 4.8617399, 52.3375404 ], [ 4.8616277, 52.3374735 ], [ 4.8613191, 52.3372681 ], [ 4.8612127, 52.3372065 ], [ 4.8610294, 52.3370753 ], [ 4.8609521, 52.3370337 ], [ 4.8607653, 52.3369421 ], [ 4.8606047, 52.3368811 ], [ 4.860473, 52.3368455 ], [ 4.8603103, 52.3368304 ], [ 4.8599891, 52.3368262 ], [ 4.8598482, 52.3368337 ], [ 4.8591371, 52.3369088 ], [ 4.858585, 52.3369467 ], [ 4.8582132, 52.3369937 ], [ 4.8575999, 52.336999 ], [ 4.8575648, 52.3353845 ] ] ] } },
{ "type": "Feature", "properties": { "buurt_naam": "Zuidas-Zuid", "stadsdeel": "Zuid", "bevolking": 2660, "oppervlakte_km2": 0.2159, "bev_dichtheid": 12318.0 }, "geometry": { "type": "Polygon", "coordinates": [ [ [ 4.8686866, 52.3381103 ], [ 4.8688301, 52.3349922 ], [ 4.8769052, 52.3350065 ], [ 4.8781124, 52.335035 ], [ 4.8786517, 52.3350885 ], [ 4.87711, 52.3369927 ], [ 4.8770204, 52.3371228 ], [ 4.8769396, 52.3372562 ], [ 4.8768089, 52.3375271 ], [ 4.8767147, 52.3378044 ], [ 4.8766601, 52.3380856 ], [ 4.8766451, 52.3383686 ], [ 4.875216, 52.3383669 ], [ 4.8734351, 52.3383394 ], [ 4.872005, 52.3382802 ], [ 4.8686866, 52.3381103 ] ] ] } },
{ "type": "Feature", "properties": { "buurt_naam": "Vivaldi", "stadsdeel": "Zuid", "bevolking": 1265, "oppervlakte_km2": 0.2887, "bev_dichtheid": 4382.4 }, "geometry": { "type": "Polygon", "coordinates": [ [ [ 4.8766451, 52.3383686 ], [ 4.8766601, 52.3380856 ], [ 4.8767147, 52.3378044 ], [ 4.8768089, 52.3375271 ], [ 4.8769396, 52.3372562 ], [ 4.8770204, 52.3371228 ], [ 4.87711, 52.3369927 ], [ 4.8786517, 52.3350885 ], [ 4.8792714, 52.3351604 ], [ 4.8795134, 52.3351795 ], [ 4.8798391, 52.335189 ], [ 4.8801633, 52.3351787 ], [ 4.8804057, 52.3351581 ], [ 4.8842283, 52.3347205 ], [ 4.8845013, 52.334701 ], [ 4.8899871, 52.33469 ], [ 4.8899947, 52.335861 ], [ 4.8900299, 52.3359925 ], [ 4.8900628, 52.3360681 ], [ 4.8901349, 52.3361762 ], [ 4.8882982, 52.3370789 ], [ 4.8878883, 52.3372579 ], [ 4.8875759, 52.3373798 ], [ 4.8866274, 52.3376894 ], [ 4.8860726, 52.337839 ], [ 4.8858108, 52.337899 ], [ 4.8851754, 52.3380257 ], [ 4.8846272, 52.3381159 ], [ 4.8842274, 52.3381726 ], [ 4.8839614, 52.3382021 ], [ 4.8831198, 52.3382704 ], [ 4.8819249, 52.3383247 ], [ 4.880617, 52.3383676 ], [ 4.8792803, 52.3383745 ], [ 4.8766451, 52.3383686 ] ] ] } },
{ "type": "Feature", "properties": { "buurt_naam": "Amsterdamse Bos", "stadsdeel": "Zuid", "bevolking": 70, "oppervlakte_km2": 1.3122, "bev_dichtheid": 53.3 }, "geometry": { "type": "Polygon", "coordinates": [ [ [ 4.8171271, 52.3269277 ], [ 4.8177157, 52.3264406 ], [ 4.8181411, 52.3259717 ], [ 4.8184309, 52.3255597 ], [ 4.8192891, 52.3255683 ], [ 4.8194737, 52.3255728 ], [ 4.8195031, 52.3255819 ], [ 4.8196525, 52.3257058 ], [ 4.8197021, 52.3257312 ], [ 4.8197533, 52.3257485 ], [ 4.8198924, 52.3257617 ], [ 4.8202854, 52.3257635 ], [ 4.8209721, 52.3257534 ], [ 4.8219096, 52.3257443 ], [ 4.8239621, 52.3257136 ], [ 4.8244873, 52.3257143 ], [ 4.8251838, 52.3257339 ], [ 4.8255203, 52.3258074 ], [ 4.8258024, 52.325877 ], [ 4.8260131, 52.3259229 ], [ 4.826066, 52.3259304 ], [ 4.8274151, 52.3260707 ], [ 4.8285255, 52.3261828 ], [ 4.8289402, 52.3262216 ], [ 4.8302206, 52.3263589 ], [ 4.8309737, 52.326429 ], [ 4.8322455, 52.3265571 ], [ 4.8339038, 52.3267312 ], [ 4.8346728, 52.3268174 ], [ 4.8357494, 52.3269438 ], [ 4.8392577, 52.3273465 ], [ 4.8394101, 52.3273616 ], [ 4.8394196, 52.3275485 ], [ 4.8396366, 52.3275613 ], [ 4.839627, 52.3281077 ], [ 4.839482, 52.3291486 ], [ 4.840416, 52.3295538 ], [ 4.8404801, 52.3295792 ], [ 4.8405226, 52.3295912 ], [ 4.8406279, 52.3296132 ], [ 4.8410509, 52.3296853 ], [ 4.8414828, 52.32977 ], [ 4.8419906, 52.3298639 ], [ 4.8431573, 52.3300715 ], [ 4.8435204, 52.3301335 ], [ 4.8439653, 52.3302208 ], [ 4.8445035, 52.3299977 ], [ 4.8452423, 52.3296839 ], [ 4.8463653, 52.329865 ], [ 4.8473566, 52.3300188 ], [ 4.8475689, 52.3300485 ], [ 4.8476435, 52.3300777 ], [ 4.8476832, 52.3301723 ], [ 4.8479634, 52.3305519 ], [ 4.8479924, 52.3305691 ], [ 4.8480115, 52.3305727 ], [ 4.8484341, 52.3305603 ], [ 4.8494484, 52.3305199 ], [ 4.8516103, 52.3304408 ], [ 4.8549475, 52.3303407 ], [ 4.8554816, 52.3303269 ], [ 4.8559291, 52.3303199 ], [ 4.8559475, 52.330258 ], [ 4.8561921, 52.3302896 ], [ 4.8550316, 52.3336197 ], [ 4.8547073, 52.3336219 ], [ 4.8546458, 52.3337322 ], [ 4.8545478, 52.3338207 ], [ 4.8539335, 52.3341523 ], [ 4.8540765, 52.3343435 ], [ 4.8540788, 52.3343939 ], [ 4.8540549, 52.3344343 ], [ 4.8539957, 52.3344762 ], [ 4.853453, 52.3347092 ], [ 4.8532738, 52.3348423 ], [ 4.8531342, 52.334989 ], [ 4.853013, 52.3351773 ], [ 4.8529325, 52.3352812 ], [ 4.8527677, 52.335444 ], [ 4.8524397, 52.3358802 ], [ 4.8521499, 52.3362016 ], [ 4.8520028, 52.3363429 ], [ 4.8518086, 52.3365047 ], [ 4.8514756, 52.3367486 ], [ 4.8512642, 52.3368842 ], [ 4.8511707, 52.3369656 ], [ 4.851041, 52.3371385 ], [ 4.8507792, 52.338649 ], [ 4.8485115, 52.3384725 ], [ 4.8483783, 52.3384458 ], [ 4.848219, 52.3383831 ], [ 4.8481755, 52.338346 ], [ 4.848138, 52.3382884 ], [ 4.8481328, 52.3382344 ], [ 4.8469717, 52.3381473 ], [ 4.8470316, 52.3376929 ], [ 4.8471395, 52.3369033 ], [ 4.8470942, 52.3362847 ], [ 4.8462239, 52.3341292 ], [ 4.8383383, 52.3314855 ], [ 4.8355582, 52.3310071 ], [ 4.822131, 52.3308244 ], [ 4.8173306, 52.3270769 ], [ 4.8171271, 52.3269277 ] ] ] } },
{ "type": "Feature", "properties": { "buurt_naam": "Zuiderhof", "stadsdeel": "Zuid", "bevolking": 30, "oppervlakte_km2": 0.207, "bev_dichtheid": 144.9 }, "geometry": { "type": "Polygon", "coordinates": [ [ [ 4.8507792, 52.338649 ], [ 4.851041, 52.3371385 ], [ 4.8511707, 52.3369656 ], [ 4.8512642, 52.3368842 ], [ 4.8514756, 52.3367486 ], [ 4.8518086, 52.3365047 ], [ 4.8520028, 52.3363429 ], [ 4.8521499, 52.3362016 ], [ 4.8524397, 52.3358802 ], [ 4.8527677, 52.335444 ], [ 4.8529325, 52.3352812 ], [ 4.853013, 52.3351773 ], [ 4.8531342, 52.334989 ], [ 4.8532738, 52.3348423 ], [ 4.853453, 52.3347092 ], [ 4.8539957, 52.3344762 ], [ 4.8540549, 52.3344343 ], [ 4.8540788, 52.3343939 ], [ 4.8540765, 52.3343435 ], [ 4.8539335, 52.3341523 ], [ 4.8545478, 52.3338207 ], [ 4.8546458, 52.3337322 ], [ 4.8547073, 52.3336219 ], [ 4.8550316, 52.3336197 ], [ 4.8574261, 52.3336089 ], [ 4.8574195, 52.334274 ], [ 4.8575648, 52.3353845 ], [ 4.8575999, 52.336999 ], [ 4.8576175, 52.3378637 ], [ 4.8575807, 52.3388531 ], [ 4.8570996, 52.3388285 ], [ 4.8570945, 52.3389021 ], [ 4.8549886, 52.3387947 ], [ 4.8533049, 52.3387296 ], [ 4.8533478, 52.338586 ], [ 4.8532582, 52.3385811 ], [ 4.8531673, 52.3388351 ], [ 4.8507792, 52.338649 ] ] ] } },
{ "type": "Feature", "properties": { "buurt_naam": "Buitenveldert-West-Midden", "stadsdeel": "Zuid", "bevolking": 995, "oppervlakte_km2": 0.2692, "bev_dichtheid": 3695.9 }, "geometry": { "type": "Polygon", "coordinates": [ [ [ 4.8550316, 52.3336197 ], [ 4.8561921, 52.3302896 ], [ 4.8564735, 52.3303143 ], [ 4.8567565, 52.3303263 ], [ 4.8587032, 52.3303323 ], [ 4.8590629, 52.330307 ], [ 4.8598342, 52.3302133 ], [ 4.8600367, 52.3301998 ], [ 4.8602921, 52.3301956 ], [ 4.8605209, 52.3302038 ], [ 4.8606352, 52.330216 ], [ 4.8607596, 52.33024 ], [ 4.8609892, 52.3302994 ], [ 4.8611928, 52.3303282 ], [ 4.8618191, 52.3303345 ], [ 4.861826, 52.329131 ], [ 4.868863, 52.3291414 ], [ 4.8688462, 52.3321018 ], [ 4.8618162, 52.3320781 ], [ 4.8618178, 52.3323055 ], [ 4.857449, 52.3322968 ], [ 4.8574261, 52.3336089 ], [ 4.8550316, 52.3336197 ] ] ] } },
{ "type": "Feature", "properties": { "buurt_naam": "Gelderlandpleinbuurt", "stadsdeel": "Zuid", "bevolking": 4705, "oppervlakte_km2": 0.4624, "bev_dichtheid": 10174.1 }, "geometry": { "type": "Polygon", "coordinates": [ [ [ 4.8688301, 52.3349922 ], [ 4.8688462, 52.3321018 ], [ 4.868863, 52.3291414 ], [ 4.875988, 52.329157 ], [ 4.8759872, 52.3292343 ], [ 4.8772663, 52.3292398 ], [ 4.8772666, 52.3293305 ], [ 4.878678, 52.329333 ], [ 4.8786774, 52.3293842 ], [ 4.8794783, 52.3293849 ], [ 4.8794464, 52.331674 ], [ 4.8794562, 52.3331246 ], [ 4.8794594, 52.3336127 ], [ 4.8794494, 52.333715 ], [ 4.8794, 52.3339306 ], [ 4.8793575, 52.3340572 ], [ 4.8792401, 52.3343047 ], [ 4.879167, 52.3344257 ], [ 4.8786517, 52.3350885 ], [ 4.8781124, 52.335035 ], [ 4.8769052, 52.3350065 ], [ 4.8688301, 52.3349922 ] ] ] } },
{ "type": "Feature", "properties": { "buurt_naam": "Buitenveldert-Zuidwest", "stadsdeel": "Zuid", "bevolking": 4530, "oppervlakte_km2": 0.7466, "bev_dichtheid": 6067.4 }, "geometry": { "type": "Polygon", "coordinates": [ [ [ 4.8559475, 52.330258 ], [ 4.8559995, 52.3300785 ], [ 4.8561318, 52.3296836 ], [ 4.8562008, 52.329683 ], [ 4.8563328, 52.3293178 ], [ 4.8563758, 52.3291724 ], [ 4.8564133, 52.3289623 ], [ 4.8564265, 52.3288482 ], [ 4.8564552, 52.3280341 ], [ 4.8564476, 52.3278075 ], [ 4.8563394, 52.3217646 ], [ 4.856574, 52.3217692 ], [ 4.8565705, 52.3215643 ], [ 4.8567525, 52.321557 ], [ 4.8567601, 52.3214159 ], [ 4.857618, 52.3214315 ], [ 4.8576345, 52.3216373 ], [ 4.8576544, 52.3216914 ], [ 4.8576879, 52.3217167 ], [ 4.857786, 52.3217324 ], [ 4.857868, 52.3217363 ], [ 4.8591642, 52.3217681 ], [ 4.8610661, 52.3218037 ], [ 4.8610663, 52.3217974 ], [ 4.8626191, 52.3218266 ], [ 4.8691479, 52.3219353 ], [ 4.8688843, 52.3273241 ], [ 4.868863, 52.3291414 ], [ 4.861826, 52.329131 ], [ 4.8618191, 52.3303345 ], [ 4.8611928, 52.3303282 ], [ 4.8609892, 52.3302994 ], [ 4.8607596, 52.33024 ], [ 4.8606352, 52.330216 ], [ 4.8605209, 52.3302038 ], [ 4.8602921, 52.3301956 ], [ 4.8600367, 52.3301998 ], [ 4.8598342, 52.3302133 ], [ 4.8590629, 52.330307 ], [ 4.8587032, 52.3303323 ], [ 4.8567565, 52.3303263 ], [ 4.8564735, 52.3303143 ], [ 4.8561921, 52.3302896 ], [ 4.8559475, 52.330258 ] ] ] } },
{ "type": "Feature", "properties": { "buurt_naam": "Buitenveldert-Zuid-Midden", "stadsdeel": "Zuid", "bevolking": 3920, "oppervlakte_km2": 0.5414, "bev_dichtheid": 7239.9 }, "geometry": { "type": "Polygon", "coordinates": [ [ [ 4.868863, 52.3291414 ], [ 4.8688843, 52.3273241 ], [ 4.8691479, 52.3219353 ], [ 4.8781123, 52.3220946 ], [ 4.8779466, 52.3247912 ], [ 4.8796169, 52.3248234 ], [ 4.8794725, 52.3282165 ], [ 4.8794783, 52.3293849 ], [ 4.8786774, 52.3293842 ], [ 4.878678, 52.329333 ], [ 4.8772666, 52.3293305 ], [ 4.8772663, 52.3292398 ], [ 4.8759872, 52.3292343 ], [ 4.875988, 52.329157 ], [ 4.868863, 52.3291414 ] ] ] } },
{ "type": "Feature", "properties": { "buurt_naam": "De Klenckebuurt", "stadsdeel": "Zuid", "bevolking": 830, "oppervlakte_km2": 0.1386, "bev_dichtheid": 5990.1 }, "geometry": { "type": "Polygon", "coordinates": [ [ [ 4.8786517, 52.3350885 ], [ 4.879167, 52.3344257 ], [ 4.8792401, 52.3343047 ], [ 4.8793575, 52.3340572 ], [ 4.8794, 52.3339306 ], [ 4.8794494, 52.333715 ], [ 4.8794594, 52.3336127 ], [ 4.8794562, 52.3331246 ], [ 4.8899811, 52.3331395 ], [ 4.8899871, 52.33469 ], [ 4.8845013, 52.334701 ], [ 4.8842283, 52.3347205 ], [ 4.8804057, 52.3351581 ], [ 4.8801633, 52.3351787 ], [ 4.8798391, 52.335189 ], [ 4.8795134, 52.3351795 ], [ 4.8792714, 52.3351604 ], [ 4.8786517, 52.3350885 ] ] ] } },
{ "type": "Feature", "properties": { "buurt_naam": "Buitenveldert-Oost-Midden", "stadsdeel": "Zuid", "bevolking": 3445, "oppervlakte_km2": 0.2975, "bev_dichtheid": 11580.4 }, "geometry": { "type": "Polygon", "coordinates": [ [ [ 4.8794562, 52.3331246 ], [ 4.8794464, 52.331674 ], [ 4.8794783, 52.3293849 ], [ 4.8899862, 52.3293981 ], [ 4.8899811, 52.3331395 ], [ 4.8794562, 52.3331246 ] ] ] } },
{ "type": "Feature", "properties": { "buurt_naam": "Buitenveldert-Zuidoost", "stadsdeel": "Zuid", "bevolking": 4055, "oppervlakte_km2": 0.6409, "bev_dichtheid": 6327.0 }, "geometry": { "type": "Polygon", "coordinates": [ [ [ 4.8794725, 52.3282165 ], [ 4.8796169, 52.3248234 ], [ 4.8779466, 52.3247912 ], [ 4.8781123, 52.3220946 ], [ 4.8823635, 52.3221694 ], [ 4.8899464, 52.3223156 ], [ 4.8930129, 52.3223716 ], [ 4.8925476, 52.3230724 ], [ 4.8919997, 52.3237972 ], [ 4.8913287, 52.3245071 ], [ 4.8912571, 52.3246129 ], [ 4.8912029, 52.324734 ], [ 4.8911723, 52.3248579 ], [ 4.891168, 52.3249801 ], [ 4.8901267, 52.3249614 ], [ 4.88999, 52.3285307 ], [ 4.8899862, 52.3293981 ], [ 4.8794783, 52.3293849 ], [ 4.8794725, 52.3282165 ] ] ] } },
{ "type": "Feature", "properties": { "buurt_naam": "Amstelpark", "stadsdeel": "Zuid", "bevolking": 10, "oppervlakte_km2": 0.6175, "bev_dichtheid": 16.2 }, "geometry": { "type": "Polygon", "coordinates": [ [ [ 4.8901349, 52.3361762 ], [ 4.8900628, 52.3360681 ], [ 4.8900299, 52.3359925 ], [ 4.8899947, 52.335861 ], [ 4.8899871, 52.33469 ], [ 4.8899811, 52.3331395 ], [ 4.8899862, 52.3293981 ], [ 4.88999, 52.3285307 ], [ 4.8901267, 52.3249614 ], [ 4.891168, 52.3249801 ], [ 4.8911723, 52.3248579 ], [ 4.8912029, 52.324734 ], [ 4.8912571, 52.3246129 ], [ 4.8913287, 52.3245071 ], [ 4.8919997, 52.3237972 ], [ 4.8925476, 52.3230724 ], [ 4.8930129, 52.3223716 ], [ 4.8934485, 52.3223796 ], [ 4.8936448, 52.3223859 ], [ 4.8945657, 52.3224228 ], [ 4.8948178, 52.3224257 ], [ 4.8949191, 52.3224235 ], [ 4.8951349, 52.3224081 ], [ 4.8954327, 52.3224094 ], [ 4.8962964, 52.3224219 ], [ 4.8960866, 52.3225569 ], [ 4.8959119, 52.3226999 ], [ 4.895759, 52.3228691 ], [ 4.8954694, 52.3233236 ], [ 4.8953766, 52.3234976 ], [ 4.8952642, 52.3238341 ], [ 4.8952279, 52.3240785 ], [ 4.8952543, 52.3242026 ], [ 4.8953101, 52.3243403 ], [ 4.8958403, 52.3252027 ], [ 4.8964444, 52.3263008 ], [ 4.8965578, 52.3265233 ], [ 4.8966789, 52.32685 ], [ 4.8968606, 52.3272723 ], [ 4.8970025, 52.3275596 ], [ 4.8971438, 52.3277803 ], [ 4.8973245, 52.3280247 ], [ 4.8978392, 52.3285723 ], [ 4.898253, 52.3289713 ], [ 4.8987702, 52.3295576 ], [ 4.8989132, 52.3297748 ], [ 4.8990266, 52.3299955 ], [ 4.8990757, 52.330197 ], [ 4.8990745, 52.3304369 ], [ 4.8990114, 52.3307071 ], [ 4.898875, 52.3311067 ], [ 4.8984945, 52.331958 ], [ 4.8984771, 52.3320774 ], [ 4.8984821, 52.3322761 ], [ 4.898527, 52.332474 ], [ 4.8986207, 52.3326325 ], [ 4.8987553, 52.3327931 ], [ 4.8974203, 52.3334473 ], [ 4.8968483, 52.3330333 ], [ 4.8967755, 52.3329916 ], [ 4.8967183, 52.3329851 ], [ 4.896383, 52.3331868 ], [ 4.8962522, 52.3333364 ], [ 4.8962051, 52.3333516 ], [ 4.8961417, 52.3333899 ], [ 4.8951432, 52.3338567 ], [ 4.8948648, 52.3339607 ], [ 4.894597, 52.3340279 ], [ 4.8944236, 52.3340542 ], [ 4.8942989, 52.3340653 ], [ 4.8941682, 52.3340683 ], [ 4.89385, 52.3340572 ], [ 4.8936961, 52.3340358 ], [ 4.8935556, 52.3340074 ], [ 4.8934182, 52.3339663 ], [ 4.8931274, 52.3338618 ], [ 4.8930892, 52.3338581 ], [ 4.893054, 52.3338643 ], [ 4.8930214, 52.3338812 ], [ 4.8926696, 52.3342698 ], [ 4.8927363, 52.3344642 ], [ 4.8927467, 52.3345802 ], [ 4.8927145, 52.3347005 ], [ 4.8926636, 52.33479 ], [ 4.892579, 52.3348823 ], [ 4.8924637, 52.3349663 ], [ 4.8919069, 52.3352911 ], [ 4.8915586, 52.3354811 ], [ 4.8901349, 52.3361762 ] ] ] } },
{ "type": "Feature", "properties": { "buurt_naam": "Java-eiland", "stadsdeel": "Oost", "bevolking": 3075, "oppervlakte_km2": 0.7106, "bev_dichtheid": 4327.2 }, "geometry": { "type": "Polygon", "coordinates": [ [ [ 4.9110043, 52.3799264 ], [ 4.9175494, 52.3786132 ], [ 4.9198649, 52.3785154 ], [ 4.9290514, 52.3769209 ], [ 4.9387064, 52.3752456 ], [ 4.9374763, 52.3763627 ], [ 4.9374228, 52.3764254 ], [ 4.9373701, 52.3765437 ], [ 4.9372969, 52.3769605 ], [ 4.9369892, 52.377771 ], [ 4.9373548, 52.3824081 ], [ 4.9310876, 52.3821416 ], [ 4.9224563, 52.3811042 ], [ 4.9198584, 52.3808117 ], [ 4.9175025, 52.3805472 ], [ 4.9110043, 52.3799264 ] ] ] } },
{ "type": "Feature", "properties": { "buurt_naam": "KNSM-eiland", "stadsdeel": "Oost", "bevolking": 2325, "oppervlakte_km2": 0.8532, "bev_dichtheid": 2724.9 }, "geometry": { "type": "Polygon", "coordinates": [ [ [ 4.9369892, 52.377771 ], [ 4.9372969, 52.3769605 ], [ 4.9373701, 52.3765437 ], [ 4.9374228, 52.3764254 ], [ 4.9374763, 52.3763627 ], [ 4.9387064, 52.3752456 ], [ 4.9399406, 52.3750311 ], [ 4.954989, 52.3764799 ], [ 4.9524283, 52.3825712 ], [ 4.9495856, 52.3825023 ], [ 4.9431876, 52.3825101 ], [ 4.9398315, 52.3825137 ], [ 4.9373548, 52.3824081 ], [ 4.9369892, 52.377771 ] ] ] } },
{ "type": "Feature", "properties": { "buurt_naam": "Oostelijke Handelskade", "stadsdeel": "Oost", "bevolking": 1430, "oppervlakte_km2": 0.3562, "bev_dichtheid": 4014.6 }, "geometry": { "type": "Polygon", "coordinates": [ [ [ 4.9105933, 52.379914 ], [ 4.9111582, 52.377637 ], [ 4.9119841, 52.37758 ], [ 4.9120868, 52.377185 ], [ 4.9120376, 52.377112 ], [ 4.9119056, 52.3770989 ], [ 4.9119807, 52.3767973 ], [ 4.912082, 52.3768057 ], [ 4.912091, 52.376786 ], [ 4.912122, 52.3767754 ], [ 4.9124038, 52.37679 ], [ 4.9127297, 52.3767975 ], [ 4.9133027, 52.3767864 ], [ 4.9135597, 52.3767712 ], [ 4.9141168, 52.3767159 ], [ 4.9145111, 52.3766599 ], [ 4.9205012, 52.3756869 ], [ 4.9212484, 52.3755757 ], [ 4.9212612, 52.3756099 ], [ 4.9212804, 52.3756072 ], [ 4.9212919, 52.3756226 ], [ 4.921411, 52.375605 ], [ 4.9215655, 52.3755832 ], [ 4.9215441, 52.3755301 ], [ 4.923037, 52.3753023 ], [ 4.9235166, 52.3752107 ], [ 4.9240481, 52.3750797 ], [ 4.9242573, 52.3750203 ], [ 4.924932, 52.3748037 ], [ 4.9276977, 52.3739148 ], [ 4.9290514, 52.3769209 ], [ 4.9198649, 52.3785154 ], [ 4.9175494, 52.3786132 ], [ 4.9110043, 52.3799264 ], [ 4.9105933, 52.379914 ] ] ] } },
{ "type": "Feature", "properties": { "buurt_naam": "Rietlanden", "stadsdeel": "Oost", "bevolking": 2395, "oppervlakte_km2": 0.3428, "bev_dichtheid": 6986.6 }, "geometry": { "type": "Polygon", "coordinates": [ [ [ 4.9276977, 52.3739148 ], [ 4.9279068, 52.3738536 ], [ 4.9285503, 52.3736808 ], [ 4.9294027, 52.3734747 ], [ 4.9298548, 52.3733452 ], [ 4.9301908, 52.3732252 ], [ 4.9305506, 52.3730764 ], [ 4.9308796, 52.3729204 ], [ 4.9311779, 52.3727508 ], [ 4.9314323, 52.3725863 ], [ 4.9317489, 52.3723494 ], [ 4.9319741, 52.3721561 ], [ 4.9321065, 52.3719832 ], [ 4.9321803, 52.3719574 ], [ 4.9322581, 52.3719622 ], [ 4.9323964, 52.3717848 ], [ 4.9323323, 52.3717495 ], [ 4.9323206, 52.3717314 ], [ 4.9323253, 52.3716982 ], [ 4.9325065, 52.3715048 ], [ 4.9326277, 52.3712787 ], [ 4.9327682, 52.3709027 ], [ 4.9327787, 52.3707303 ], [ 4.9328173, 52.3706927 ], [ 4.9328497, 52.3706829 ], [ 4.9328952, 52.3706831 ], [ 4.9328997, 52.3706651 ], [ 4.9329145, 52.370666 ], [ 4.9329421, 52.3705466 ], [ 4.9335773, 52.371037 ], [ 4.9336634, 52.3710841 ], [ 4.9337015, 52.3710942 ], [ 4.9384938, 52.3711411 ], [ 4.9384777, 52.371852 ], [ 4.9384405, 52.3735073 ], [ 4.9399734, 52.3736776 ], [ 4.9400772, 52.3737149 ], [ 4.9401588, 52.3737699 ], [ 4.9401966, 52.3738132 ], [ 4.9402253, 52.3738844 ], [ 4.9402172, 52.373958 ], [ 4.9401933, 52.3740056 ], [ 4.9401546, 52.3740486 ], [ 4.9398204, 52.3742783 ], [ 4.9395215, 52.3745099 ], [ 4.9387064, 52.3752456 ], [ 4.9290514, 52.3769209 ], [ 4.9276977, 52.3739148 ] ] ] } },
{ "type": "Feature", "properties": { "buurt_naam": "Sporenburg", "stadsdeel": "Oost", "bevolking": 2630, "oppervlakte_km2": 0.363, "bev_dichtheid": 7244.3 }, "geometry": { "type": "Polygon", "coordinates": [ [ [ 4.9395215, 52.3745099 ], [ 4.9398204, 52.3742783 ], [ 4.9401546, 52.3740486 ], [ 4.9401933, 52.3740056 ], [ 4.9402172, 52.373958 ], [ 4.9402253, 52.3738844 ], [ 4.9401966, 52.3738132 ], [ 4.9401588, 52.3737699 ], [ 4.9400772, 52.3737149 ], [ 4.9399734, 52.3736776 ], [ 4.9384405, 52.3735073 ], [ 4.9384777, 52.371852 ], [ 4.9483961, 52.3729577 ], [ 4.9520149, 52.3733503 ], [ 4.9526384, 52.3734011 ], [ 4.9532638, 52.3734312 ], [ 4.9538921, 52.3734398 ], [ 4.9545208, 52.3734269 ], [ 4.9551392, 52.3733923 ], [ 4.9557551, 52.373337 ], [ 4.954989, 52.3764799 ], [ 4.9399406, 52.3750311 ], [ 4.9387064, 52.3752456 ], [ 4.9395215, 52.3745099 ] ] ] } },
{ "type": "Feature", "properties": { "buurt_naam": "Borneo", "stadsdeel": "Oost", "bevolking": 2695, "oppervlakte_km2": 0.2663, "bev_dichtheid": 10119.0 }, "geometry": { "type": "Polygon", "coordinates": [ [ [ 4.9384777, 52.371852 ], [ 4.9384938, 52.3711411 ], [ 4.9385194, 52.369918 ], [ 4.9400948, 52.3699302 ], [ 4.9408844, 52.369953 ], [ 4.9455819, 52.3702123 ], [ 4.9514477, 52.370536 ], [ 4.9545208, 52.3734269 ], [ 4.9538921, 52.3734398 ], [ 4.9532638, 52.3734312 ], [ 4.9526384, 52.3734011 ], [ 4.9520149, 52.3733503 ], [ 4.9483961, 52.3729577 ], [ 4.9384777, 52.371852 ] ] ] } },
{ "type": "Feature", "properties": { "buurt_naam": "Entrepot-Noordwest", "stadsdeel": "Oost", "bevolking": 1640, "oppervlakte_km2": 0.1269, "bev_dichtheid": 12923.7 }, "geometry": { "type": "Polygon", "coordinates": [ [ [ 4.9329729, 52.3704074 ], [ 4.9329611, 52.3704065 ], [ 4.9329028, 52.3703658 ], [ 4.9329192, 52.3700486 ], [ 4.9329501, 52.369904 ], [ 4.9328964, 52.3694023 ], [ 4.9328251, 52.3690704 ], [ 4.9326909, 52.3686987 ], [ 4.9325902, 52.3684979 ], [ 4.9320934, 52.3676674 ], [ 4.9321156, 52.3676629 ], [ 4.93211, 52.3676359 ], [ 4.932128, 52.3676009 ], [ 4.9321901, 52.3675697 ], [ 4.9319892, 52.3672355 ], [ 4.9341975, 52.3672439 ], [ 4.9341656, 52.3684914 ], [ 4.9343517, 52.3685208 ], [ 4.9345353, 52.3685323 ], [ 4.935309, 52.368529 ], [ 4.9364878, 52.3685487 ], [ 4.9385507, 52.3685529 ], [ 4.9385194, 52.369918 ], [ 4.9384938, 52.3711411 ], [ 4.9337015, 52.3710942 ], [ 4.9336634, 52.3710841 ], [ 4.9335773, 52.371037 ], [ 4.9329421, 52.3705466 ], [ 4.9329729, 52.3704074 ] ] ] } },
{ "type": "Feature", "properties": { "buurt_naam": "Bedrijvengebied Veelaan", "stadsdeel": "Oost", "bevolking": 35, "oppervlakte_km2": 0.051, "bev_dichtheid": 686.0 }, "geometry": { "type": "Polygon", "coordinates": [ [ [ 4.9385507, 52.3685529 ], [ 4.9364878, 52.3685487 ], [ 4.935309, 52.368529 ], [ 4.9345353, 52.3685323 ], [ 4.9343517, 52.3685208 ], [ 4.9341656, 52.3684914 ], [ 4.9341975, 52.3672439 ], [ 4.9394783, 52.3672856 ], [ 4.9394538, 52.3685554 ], [ 4.9385507, 52.3685529 ] ] ] } },
{ "type": "Feature", "properties": { "buurt_naam": "Architectenbuurt", "stadsdeel": "Oost", "bevolking": 1695, "oppervlakte_km2": 0.1416, "bev_dichtheid": 11966.9 }, "geometry": { "type": "Polygon", "coordinates": [ [ [ 4.9385194, 52.369918 ], [ 4.9385507, 52.3685529 ], [ 4.9394538, 52.3685554 ], [ 4.9394783, 52.3672856 ], [ 4.9424864, 52.3673085 ], [ 4.94613, 52.3673618 ], [ 4.9460986, 52.3686181 ], [ 4.945925, 52.3686435 ], [ 4.9458056, 52.3686862 ], [ 4.9457096, 52.368755 ], [ 4.9456574, 52.3688383 ], [ 4.9455819, 52.3702123 ], [ 4.9408844, 52.369953 ], [ 4.9400948, 52.3699302 ], [ 4.9385194, 52.369918 ] ] ] } },
{ "type": "Feature", "properties": { "buurt_naam": "Cruquiusbuurt", "stadsdeel": "Oost", "bevolking": 2575, "oppervlakte_km2": 0.3092, "bev_dichtheid": 8328.8 }, "geometry": { "type": "Polygon", "coordinates": [ [ [ 4.9455819, 52.3702123 ], [ 4.9456574, 52.3688383 ], [ 4.9457096, 52.368755 ], [ 4.9458056, 52.3686862 ], [ 4.945925, 52.3686435 ], [ 4.9460986, 52.3686181 ], [ 4.94613, 52.3673618 ], [ 4.9518777, 52.3674116 ], [ 4.9543808, 52.3674388 ], [ 4.9546433, 52.3674712 ], [ 4.9549026, 52.3675198 ], [ 4.9551371, 52.36758 ], [ 4.9554269, 52.3676728 ], [ 4.9556052, 52.3677462 ], [ 4.9557689, 52.3678303 ], [ 4.955944, 52.367946 ], [ 4.9565733, 52.3684615 ], [ 4.956653, 52.368726 ], [ 4.9566989, 52.3689931 ], [ 4.9567094, 52.3692619 ], [ 4.9566847, 52.3695305 ], [ 4.9557551, 52.373337 ], [ 4.9551392, 52.3733923 ], [ 4.9545208, 52.3734269 ], [ 4.9514477, 52.370536 ], [ 4.9455819, 52.3702123 ] ] ] } },
{ "type": "Feature", "properties": { "buurt_naam": "Bedrijvengebied Zeeburgerkade", "stadsdeel": "Oost", "bevolking": 260, "oppervlakte_km2": 0.0992, "bev_dichtheid": 2622.0 }, "geometry": { "type": "Polygon", "coordinates": [ [ [ 4.9315864, 52.3665689 ], [ 4.932096, 52.3665717 ], [ 4.9323706, 52.3665494 ], [ 4.9394642, 52.3666484 ], [ 4.9461457, 52.366676 ], [ 4.9499877, 52.3667055 ], [ 4.9518876, 52.3670028 ], [ 4.9518777, 52.3674116 ], [ 4.94613, 52.3673618 ], [ 4.9424864, 52.3673085 ], [ 4.9394783, 52.3672856 ], [ 4.9341975, 52.3672439 ], [ 4.9319892, 52.3672355 ], [ 4.9315864, 52.3665689 ] ] ] } },
{ "type": "Feature", "properties": { "buurt_naam": "Weesperzijde-Noord", "stadsdeel": "Oost", "bevolking": 1950, "oppervlakte_km2": 0.1405, "bev_dichtheid": 13879.9 }, "geometry": { "type": "Polygon", "coordinates": [ [ [ 4.9046336, 52.3592121 ], [ 4.904891, 52.3587511 ], [ 4.9060552, 52.3561684 ], [ 4.9065524, 52.3553848 ], [ 4.9075586, 52.3555866 ], [ 4.9096421, 52.3560885 ], [ 4.910879, 52.3564 ], [ 4.9083267, 52.3605913 ], [ 4.907974, 52.3604992 ], [ 4.9077838, 52.360431 ], [ 4.9076451, 52.3603702 ], [ 4.9075092, 52.3603004 ], [ 4.9073794, 52.3602199 ], [ 4.9071029, 52.360005 ], [ 4.9069223, 52.3598765 ], [ 4.906642, 52.3597245 ], [ 4.9065047, 52.3596646 ], [ 4.9061712, 52.3595509 ], [ 4.9059751, 52.3594988 ], [ 4.9051635, 52.3593481 ], [ 4.9046336, 52.3592121 ] ] ] } },
{ "type": "Feature", "properties": { "buurt_naam": "Weesperzijde-Midden/Zuid", "stadsdeel": "Oost", "bevolking": 3240, "oppervlakte_km2": 0.2355, "bev_dichtheid": 13755.7 }, "geometry": { "type": "Polygon", "coordinates": [ [ [ 4.9065524, 52.3553848 ], [ 4.9083633, 52.3533897 ], [ 4.9102489, 52.3513661 ], [ 4.9110646, 52.3500293 ], [ 4.9122329, 52.3481152 ], [ 4.9154127, 52.349538 ], [ 4.9164995, 52.3500259 ], [ 4.9147196, 52.3510919 ], [ 4.9138484, 52.3515819 ], [ 4.9137065, 52.3516855 ], [ 4.9135982, 52.3518028 ], [ 4.9113291, 52.355636 ], [ 4.910879, 52.3564 ], [ 4.9096421, 52.3560885 ], [ 4.9075586, 52.3555866 ], [ 4.9065524, 52.3553848 ] ] ] } },
{ "type": "Feature", "properties": { "buurt_naam": "Parooldriehoek", "stadsdeel": "Oost", "bevolking": 635, "oppervlakte_km2": 0.0691, "bev_dichtheid": 9191.3 }, "geometry": { "type": "Polygon", "coordinates": [ [ [ 4.9113291, 52.355636 ], [ 4.9135982, 52.3518028 ], [ 4.9137065, 52.3516855 ], [ 4.9138484, 52.3515819 ], [ 4.9147196, 52.3510919 ], [ 4.9146291, 52.3513261 ], [ 4.9146438, 52.3513288 ], [ 4.9146537, 52.351354 ], [ 4.9145971, 52.3515642 ], [ 4.9145621, 52.3518309 ], [ 4.9145645, 52.3521527 ], [ 4.9145929, 52.3523748 ], [ 4.9146506, 52.3526159 ], [ 4.9147276, 52.3528338 ], [ 4.914943, 52.353275 ], [ 4.9151136, 52.3535147 ], [ 4.9152034, 52.3536266 ], [ 4.9154617, 52.3539044 ], [ 4.9156145, 52.3540353 ], [ 4.9158985, 52.3542522 ], [ 4.9157538, 52.3543216 ], [ 4.9145942, 52.3548796 ], [ 4.9143094, 52.3551554 ], [ 4.9138715, 52.3552066 ], [ 4.9136803, 52.3552364 ], [ 4.9134936, 52.3552725 ], [ 4.9131272, 52.3553609 ], [ 4.9129505, 52.3554133 ], [ 4.9126101, 52.3555333 ], [ 4.9122901, 52.3556731 ], [ 4.9120215, 52.3558059 ], [ 4.9113291, 52.355636 ] ] ] } },
{ "type": "Feature", "properties": { "buurt_naam": "Oosterparkbuurt-Noordwest", "stadsdeel": "Oost", "bevolking": 3805, "oppervlakte_km2": 0.2195, "bev_dichtheid": 17333.9 }, "geometry": { "type": "Polygon", "coordinates": [ [ [ 4.9083267, 52.3605913 ], [ 4.910879, 52.3564 ], [ 4.9174452, 52.3580439 ], [ 4.9161465, 52.3599396 ], [ 4.9158104, 52.3604955 ], [ 4.9150802, 52.3617868 ], [ 4.9140364, 52.3614959 ], [ 4.9128504, 52.3613592 ], [ 4.9117813, 52.3612488 ], [ 4.9116275, 52.3612211 ], [ 4.9114913, 52.3611802 ], [ 4.91137, 52.3611258 ], [ 4.9112898, 52.3610751 ], [ 4.9112041, 52.3610037 ], [ 4.911089, 52.360926 ], [ 4.9108379, 52.3607956 ], [ 4.9105659, 52.3606965 ], [ 4.9102568, 52.3606242 ], [ 4.9099607, 52.3605862 ], [ 4.9096438, 52.3605787 ], [ 4.9093557, 52.3605991 ], [ 4.9090381, 52.3606518 ], [ 4.9088106, 52.3606606 ], [ 4.9085669, 52.3606408 ], [ 4.9083267, 52.3605913 ] ] ] } },
{ "type": "Feature", "properties": { "buurt_naam": "Oosterpark", "stadsdeel": "Oost", "bevolking": 105, "oppervlakte_km2": 0.253, "bev_dichtheid": 415.1 }, "geometry": { "type": "Polygon", "coordinates": [ [ [ 4.9150802, 52.3617868 ], [ 4.9158104, 52.3604955 ], [ 4.9161465, 52.3599396 ], [ 4.9174452, 52.3580439 ], [ 4.9177728, 52.3581413 ], [ 4.925294, 52.3600268 ], [ 4.924624, 52.3609355 ], [ 4.9241278, 52.3616437 ], [ 4.9239839, 52.3619315 ], [ 4.9235772, 52.362782 ], [ 4.9234968, 52.3628958 ], [ 4.9234048, 52.3629772 ], [ 4.9223132, 52.3637585 ], [ 4.922201, 52.3636834 ], [ 4.9220666, 52.3636164 ], [ 4.9219173, 52.363561 ], [ 4.9217651, 52.3635217 ], [ 4.9214852, 52.3634784 ], [ 4.9211054, 52.363432 ], [ 4.9203882, 52.3633717 ], [ 4.9202123, 52.3633368 ], [ 4.9200469, 52.3632885 ], [ 4.9198774, 52.3632214 ], [ 4.9197198, 52.3631362 ], [ 4.9190285, 52.3625538 ], [ 4.9188724, 52.3624561 ], [ 4.9187074, 52.3623737 ], [ 4.9184267, 52.3622673 ], [ 4.918131, 52.3621916 ], [ 4.91781, 52.3621455 ], [ 4.91749, 52.3621307 ], [ 4.9164144, 52.3620887 ], [ 4.9162414, 52.3620682 ], [ 4.9160054, 52.3620286 ], [ 4.9157814, 52.3619801 ], [ 4.9150802, 52.3617868 ] ] ] } },
{ "type": "Feature", "properties": { "buurt_naam": "Oosterparkbuurt-Zuidwest", "stadsdeel": "Oost", "bevolking": 3040, "oppervlakte_km2": 0.1214, "bev_dichtheid": 25035.4 }, "geometry": { "type": "Polygon", "coordinates": [ [ [ 4.910879, 52.3564 ], [ 4.9113291, 52.355636 ], [ 4.9120215, 52.3558059 ], [ 4.9122901, 52.3556731 ], [ 4.9126101, 52.3555333 ], [ 4.9129505, 52.3554133 ], [ 4.9131272, 52.3553609 ], [ 4.9134936, 52.3552725 ], [ 4.9136803, 52.3552364 ], [ 4.9138715, 52.3552066 ], [ 4.9143094, 52.3551554 ], [ 4.9145942, 52.3548796 ], [ 4.9157538, 52.3543216 ], [ 4.9160906, 52.3545387 ], [ 4.9164555, 52.3547379 ], [ 4.9168454, 52.3549183 ], [ 4.9170487, 52.355 ], [ 4.9174727, 52.3551499 ], [ 4.9191849, 52.3556564 ], [ 4.9174452, 52.3580439 ], [ 4.910879, 52.3564 ] ] ] } },
{ "type": "Feature", "properties": { "buurt_naam": "Oosterparkbuurt-Zuidoost", "stadsdeel": "Oost", "bevolking": 3605, "oppervlakte_km2": 0.157, "bev_dichtheid": 22962.5 }, "geometry": { "type": "Polygon", "coordinates": [ [ [ 4.9174452, 52.3580439 ], [ 4.9191849, 52.3556564 ], [ 4.9266905, 52.3578662 ], [ 4.9263926, 52.3582875 ], [ 4.9254252, 52.3598476 ], [ 4.925294, 52.3600268 ], [ 4.9177728, 52.3581413 ], [ 4.9174452, 52.3580439 ] ] ] } },
{ "type": "Feature", "properties": { "buurt_naam": "Transvaalbuurt-West", "stadsdeel": "Oost", "bevolking": 3965, "oppervlakte_km2": 0.1784, "bev_dichtheid": 22220.5 }, "geometry": { "type": "Polygon", "coordinates": [ [ [ 4.9158985, 52.3542522 ], [ 4.9156145, 52.3540353 ], [ 4.9154617, 52.3539044 ], [ 4.9152034, 52.3536266 ], [ 4.9151136, 52.3535147 ], [ 4.914943, 52.353275 ], [ 4.9147276, 52.3528338 ], [ 4.9146506, 52.3526159 ], [ 4.9145929, 52.3523748 ], [ 4.9145645, 52.3521527 ], [ 4.9145621, 52.3518309 ], [ 4.9145971, 52.3515642 ], [ 4.9146537, 52.351354 ], [ 4.9146438, 52.3513288 ], [ 4.9146291, 52.3513261 ], [ 4.9147196, 52.3510919 ], [ 4.9164995, 52.3500259 ], [ 4.9216181, 52.3523307 ], [ 4.9201745, 52.3535248 ], [ 4.920152, 52.3535715 ], [ 4.9201558, 52.3536201 ], [ 4.9202772, 52.3538048 ], [ 4.9203039, 52.3539136 ], [ 4.9203005, 52.3539693 ], [ 4.9202499, 52.3541768 ], [ 4.9201789, 52.3543751 ], [ 4.9201008, 52.3545195 ], [ 4.9200219, 52.3546361 ], [ 4.9191849, 52.3556564 ], [ 4.9174727, 52.3551499 ], [ 4.9170487, 52.355 ], [ 4.9168454, 52.3549183 ], [ 4.9164555, 52.3547379 ], [ 4.9160906, 52.3545387 ], [ 4.9157538, 52.3543216 ], [ 4.9158985, 52.3542522 ] ] ] } },
{ "type": "Feature", "properties": { "buurt_naam": "Transvaalbuurt-Oost", "stadsdeel": "Oost", "bevolking": 4785, "oppervlakte_km2": 0.1988, "bev_dichtheid": 24073.3 }, "geometry": { "type": "Polygon", "coordinates": [ [ [ 4.9191849, 52.3556564 ], [ 4.9200219, 52.3546361 ], [ 4.9201008, 52.3545195 ], [ 4.9201789, 52.3543751 ], [ 4.9202499, 52.3541768 ], [ 4.9203005, 52.3539693 ], [ 4.9203039, 52.3539136 ], [ 4.9202772, 52.3538048 ], [ 4.9201558, 52.3536201 ], [ 4.920152, 52.3535715 ], [ 4.9201745, 52.3535248 ], [ 4.9216181, 52.3523307 ], [ 4.9269301, 52.3547259 ], [ 4.9282316, 52.3553368 ], [ 4.9282033, 52.3553681 ], [ 4.9278243, 52.3559652 ], [ 4.927375, 52.356696 ], [ 4.9269471, 52.3574699 ], [ 4.9266905, 52.3578662 ], [ 4.9191849, 52.3556564 ] ] ] } },
{ "type": "Feature", "properties": { "buurt_naam": "Dapperbuurt-Noord", "stadsdeel": "Oost", "bevolking": 4255, "oppervlakte_km2": 0.2104, "bev_dichtheid": 20226.3 }, "geometry": { "type": "Polygon", "coordinates": [ [ [ 4.9223132, 52.3637585 ], [ 4.9234048, 52.3629772 ], [ 4.9234968, 52.3628958 ], [ 4.9235772, 52.362782 ], [ 4.9239839, 52.3619315 ], [ 4.9303428, 52.3632864 ], [ 4.9312285, 52.3633814 ], [ 4.9312158, 52.3634874 ], [ 4.9312495, 52.3634912 ], [ 4.9312492, 52.3635208 ], [ 4.9312709, 52.3635442 ], [ 4.9313339, 52.3635606 ], [ 4.9312913, 52.3638499 ], [ 4.9312684, 52.3642255 ], [ 4.9312769, 52.3645401 ], [ 4.9313055, 52.3646139 ], [ 4.9312629, 52.3646165 ], [ 4.9313255, 52.364961 ], [ 4.9313564, 52.3649584 ], [ 4.9314549, 52.3652328 ], [ 4.9317502, 52.3657742 ], [ 4.9317735, 52.3658084 ], [ 4.9317822, 52.3658066 ], [ 4.9318091, 52.3658984 ], [ 4.9317943, 52.365919 ], [ 4.9317249, 52.3659475 ], [ 4.932096, 52.3665717 ], [ 4.9315864, 52.3665689 ], [ 4.9275143, 52.3665001 ], [ 4.9273192, 52.3664877 ], [ 4.9271374, 52.3664601 ], [ 4.926988, 52.3664253 ], [ 4.9268534, 52.3663835 ], [ 4.9267262, 52.3663327 ], [ 4.926602, 52.3662701 ], [ 4.9256026, 52.3656658 ], [ 4.9247789, 52.3652484 ], [ 4.9223132, 52.3637585 ] ] ] } },
{ "type": "Feature", "properties": { "buurt_naam": "Dapperbuurt-Zuid", "stadsdeel": "Oost", "bevolking": 3625, "oppervlakte_km2": 0.1734, "bev_dichtheid": 20906.1 }, "geometry": { "type": "Polygon", "coordinates": [ [ [ 4.9239839, 52.3619315 ], [ 4.9241278, 52.3616437 ], [ 4.924624, 52.3609355 ], [ 4.925294, 52.3600268 ], [ 4.9254252, 52.3598476 ], [ 4.9263926, 52.3582875 ], [ 4.9266905, 52.3578662 ], [ 4.9271675, 52.3580217 ], [ 4.927593, 52.3581887 ], [ 4.9279947, 52.3583746 ], [ 4.9284633, 52.3586334 ], [ 4.9288671, 52.358902 ], [ 4.929275, 52.3592099 ], [ 4.9296023, 52.3594889 ], [ 4.9298915, 52.3597849 ], [ 4.9301017, 52.3600418 ], [ 4.9302795, 52.3603076 ], [ 4.9305173, 52.360739 ], [ 4.9308653, 52.3614468 ], [ 4.9309755, 52.3617312 ], [ 4.9310575, 52.36202 ], [ 4.9311024, 52.3622377 ], [ 4.9311375, 52.3625299 ], [ 4.9314079, 52.3632177 ], [ 4.9313522, 52.3632157 ], [ 4.9313198, 52.3632218 ], [ 4.9312829, 52.363246 ], [ 4.9312736, 52.3632774 ], [ 4.93124, 52.3632736 ], [ 4.9312285, 52.3633814 ], [ 4.9303428, 52.3632864 ], [ 4.9239839, 52.3619315 ] ] ] } },
{ "type": "Feature", "properties": { "buurt_naam": "Oostpoort", "stadsdeel": "Oost", "bevolking": 2120, "oppervlakte_km2": 0.2278, "bev_dichtheid": 9307.0 }, "geometry": { "type": "Polygon", "coordinates": [ [ [ 4.9266905, 52.3578662 ], [ 4.9269471, 52.3574699 ], [ 4.927375, 52.356696 ], [ 4.9278243, 52.3559652 ], [ 4.9282033, 52.3553681 ], [ 4.9282316, 52.3553368 ], [ 4.9298783, 52.3560666 ], [ 4.9332437, 52.3568156 ], [ 4.9366259, 52.3575286 ], [ 4.9370218, 52.3575805 ], [ 4.9371469, 52.3576915 ], [ 4.9374311, 52.3577402 ], [ 4.9373059, 52.3577919 ], [ 4.9373219, 52.3578054 ], [ 4.9372629, 52.3578447 ], [ 4.9367542, 52.3580584 ], [ 4.9359976, 52.3584016 ], [ 4.9353413, 52.3587038 ], [ 4.9351686, 52.3587994 ], [ 4.9350529, 52.3587881 ], [ 4.9350177, 52.3587664 ], [ 4.9348599, 52.3588386 ], [ 4.934889, 52.3588692 ], [ 4.9348785, 52.3588944 ], [ 4.9342863, 52.3592409 ], [ 4.934171, 52.3593168 ], [ 4.9339123, 52.3594974 ], [ 4.9337642, 52.3596208 ], [ 4.9335616, 52.3597674 ], [ 4.9333425, 52.3599446 ], [ 4.9329704, 52.3603035 ], [ 4.9328233, 52.3604801 ], [ 4.9327329, 52.360566 ], [ 4.9325011, 52.3608302 ], [ 4.9323894, 52.3608514 ], [ 4.9323402, 52.3609204 ], [ 4.9323138, 52.360914 ], [ 4.93212, 52.3611982 ], [ 4.9320289, 52.3613461 ], [ 4.9320467, 52.3613453 ], [ 4.9320317, 52.3613722 ], [ 4.9320388, 52.3614001 ], [ 4.9320839, 52.3614281 ], [ 4.9320733, 52.3614613 ], [ 4.9318735, 52.3617635 ], [ 4.931726, 52.3621188 ], [ 4.9317038, 52.3621439 ], [ 4.9316602, 52.3622488 ], [ 4.9314769, 52.3627982 ], [ 4.9314715, 52.3628871 ], [ 4.9314079, 52.3632177 ], [ 4.9311375, 52.3625299 ], [ 4.9311024, 52.3622377 ], [ 4.9310575, 52.36202 ], [ 4.9309755, 52.3617312 ], [ 4.9308653, 52.3614468 ], [ 4.9305173, 52.360739 ], [ 4.9302795, 52.3603076 ], [ 4.9301017, 52.3600418 ], [ 4.9298915, 52.3597849 ], [ 4.9296023, 52.3594889 ], [ 4.929275, 52.3592099 ], [ 4.9288671, 52.358902 ], [ 4.9284633, 52.3586334 ], [ 4.9279947, 52.3583746 ], [ 4.927593, 52.3581887 ], [ 4.9271675, 52.3580217 ], [ 4.9266905, 52.3578662 ] ] ] } },
{ "type": "Feature", "properties": { "buurt_naam": "Timorpleinbuurt-Noord", "stadsdeel": "Oost", "bevolking": 3930, "oppervlakte_km2": 0.1754, "bev_dichtheid": 22406.1 }, "geometry": { "type": "Polygon", "coordinates": [ [ [ 4.9317249, 52.3659475 ], [ 4.9317943, 52.365919 ], [ 4.9318091, 52.3658984 ], [ 4.9317822, 52.3658066 ], [ 4.9317735, 52.3658084 ], [ 4.9317502, 52.3657742 ], [ 4.9314549, 52.3652328 ], [ 4.9313564, 52.3649584 ], [ 4.9313255, 52.364961 ], [ 4.9312629, 52.3646165 ], [ 4.9313055, 52.3646139 ], [ 4.9312769, 52.3645401 ], [ 4.9312684, 52.3642255 ], [ 4.9312913, 52.3638499 ], [ 4.9313339, 52.3635606 ], [ 4.9312709, 52.3635442 ], [ 4.9312492, 52.3635208 ], [ 4.9312495, 52.3634912 ], [ 4.9312158, 52.3634874 ], [ 4.9312285, 52.3633814 ], [ 4.9316232, 52.3634243 ], [ 4.9322901, 52.3635239 ], [ 4.932966, 52.3636047 ], [ 4.9336554, 52.3636667 ], [ 4.9343509, 52.3637106 ], [ 4.9352036, 52.3637372 ], [ 4.9395415, 52.3637815 ], [ 4.9394642, 52.3666484 ], [ 4.9323706, 52.3665494 ], [ 4.932096, 52.3665717 ], [ 4.9317249, 52.3659475 ] ] ] } },
{ "type": "Feature", "properties": { "buurt_naam": "Timorpleinbuurt-Zuid", "stadsdeel": "Oost", "bevolking": 4365, "oppervlakte_km2": 0.145, "bev_dichtheid": 30098.3 }, "geometry": { "type": "Polygon", "coordinates": [ [ [ 4.9312285, 52.3633814 ], [ 4.93124, 52.3632736 ], [ 4.9312736, 52.3632774 ], [ 4.9312829, 52.363246 ], [ 4.9313198, 52.3632218 ], [ 4.9313522, 52.3632157 ], [ 4.9314079, 52.3632177 ], [ 4.9314715, 52.3628871 ], [ 4.9314769, 52.3627982 ], [ 4.9316602, 52.3622488 ], [ 4.9317038, 52.3621439 ], [ 4.931726, 52.3621188 ], [ 4.9318735, 52.3617635 ], [ 4.9320733, 52.3614613 ], [ 4.9320839, 52.3614281 ], [ 4.9320388, 52.3614001 ], [ 4.9320317, 52.3613722 ], [ 4.9320467, 52.3613453 ], [ 4.9320289, 52.3613461 ], [ 4.93212, 52.3611982 ], [ 4.9363747, 52.3611712 ], [ 4.9397449, 52.3616451 ], [ 4.9396076, 52.3620121 ], [ 4.9395873, 52.3621316 ], [ 4.9395415, 52.3637815 ], [ 4.9352036, 52.3637372 ], [ 4.9343509, 52.3637106 ], [ 4.9336554, 52.3636667 ], [ 4.932966, 52.3636047 ], [ 4.9322901, 52.3635239 ], [ 4.9316232, 52.3634243 ], [ 4.9312285, 52.3633814 ] ] ] } },
{ "type": "Feature", "properties": { "buurt_naam": "Ambonpleinbuurt", "stadsdeel": "Oost", "bevolking": 3750, "oppervlakte_km2": 0.159, "bev_dichtheid": 23583.7 }, "geometry": { "type": "Polygon", "coordinates": [ [ [ 4.93212, 52.3611982 ], [ 4.9323138, 52.360914 ], [ 4.9323402, 52.3609204 ], [ 4.9323894, 52.3608514 ], [ 4.9325011, 52.3608302 ], [ 4.9327329, 52.360566 ], [ 4.9328233, 52.3604801 ], [ 4.9329704, 52.3603035 ], [ 4.9333425, 52.3599446 ], [ 4.9335616, 52.3597674 ], [ 4.9337642, 52.3596208 ], [ 4.9339123, 52.3594974 ], [ 4.934171, 52.3593168 ], [ 4.9342863, 52.3592409 ], [ 4.9348785, 52.3588944 ], [ 4.934889, 52.3588692 ], [ 4.9348599, 52.3588386 ], [ 4.9350177, 52.3587664 ], [ 4.9350529, 52.3587881 ], [ 4.9351686, 52.3587994 ], [ 4.9353413, 52.3587038 ], [ 4.9359976, 52.3584016 ], [ 4.9367542, 52.3580584 ], [ 4.9372629, 52.3578447 ], [ 4.9373219, 52.3578054 ], [ 4.9373059, 52.3577919 ], [ 4.9374311, 52.3577402 ], [ 4.9377976, 52.3577883 ], [ 4.9404649, 52.3583817 ], [ 4.9407053, 52.3584051 ], [ 4.9409474, 52.358414 ], [ 4.9397449, 52.3616451 ], [ 4.9363747, 52.3611712 ], [ 4.93212, 52.3611982 ] ] ] } },
{ "type": "Feature", "properties": { "buurt_naam": "Makassarpleinbuurt", "stadsdeel": "Oost", "bevolking": 5625, "oppervlakte_km2": 0.2661, "bev_dichtheid": 21141.7 }, "geometry": { "type": "Polygon", "coordinates": [ [ [ 4.9394642, 52.3666484 ], [ 4.9395415, 52.3637815 ], [ 4.9395873, 52.3621316 ], [ 4.9396076, 52.3620121 ], [ 4.9397449, 52.3616451 ], [ 4.9459243, 52.3625139 ], [ 4.9463976, 52.3625804 ], [ 4.9465178, 52.3626078 ], [ 4.9466976, 52.3626794 ], [ 4.9467867, 52.3627364 ], [ 4.946858, 52.3628014 ], [ 4.946936, 52.362923 ], [ 4.9475641, 52.36458 ], [ 4.9476219, 52.3646916 ], [ 4.9477071, 52.3648096 ], [ 4.9477769, 52.3648837 ], [ 4.9478789, 52.3649739 ], [ 4.9479896, 52.3650534 ], [ 4.9480962, 52.3651168 ], [ 4.9482117, 52.3651666 ], [ 4.9483521, 52.3652175 ], [ 4.9485014, 52.3652593 ], [ 4.9479211, 52.365898 ], [ 4.9478042, 52.3659856 ], [ 4.9476256, 52.3660758 ], [ 4.9474181, 52.3661396 ], [ 4.9471946, 52.3661748 ], [ 4.9461579, 52.366179 ], [ 4.9461457, 52.366676 ], [ 4.9394642, 52.3666484 ] ] ] } },
{ "type": "Feature", "properties": { "buurt_naam": "Zeeburgerdijk-Oost", "stadsdeel": "Oost", "bevolking": 430, "oppervlakte_km2": 0.1265, "bev_dichtheid": 3399.6 }, "geometry": { "type": "Polygon", "coordinates": [ [ [ 4.9461457, 52.366676 ], [ 4.9461579, 52.366179 ], [ 4.9471946, 52.3661748 ], [ 4.9474181, 52.3661396 ], [ 4.9476256, 52.3660758 ], [ 4.9478042, 52.3659856 ], [ 4.9479211, 52.365898 ], [ 4.9485014, 52.3652593 ], [ 4.9487388, 52.3653069 ], [ 4.9489412, 52.3653265 ], [ 4.9507013, 52.3653546 ], [ 4.9512385, 52.3653754 ], [ 4.9517726, 52.365407 ], [ 4.9573058, 52.3659001 ], [ 4.9569797, 52.3672712 ], [ 4.9565733, 52.3684615 ], [ 4.955944, 52.367946 ], [ 4.9557689, 52.3678303 ], [ 4.9556052, 52.3677462 ], [ 4.9554269, 52.3676728 ], [ 4.9551371, 52.36758 ], [ 4.9549026, 52.3675198 ], [ 4.9546433, 52.3674712 ], [ 4.9543808, 52.3674388 ], [ 4.9518777, 52.3674116 ], [ 4.9518876, 52.3670028 ], [ 4.9499877, 52.3667055 ], [ 4.9461457, 52.366676 ] ] ] } },
{ "type": "Feature", "properties": { "buurt_naam": "Sumatraplantsoenbuurt", "stadsdeel": "Oost", "bevolking": 3720, "oppervlakte_km2": 0.1399, "bev_dichtheid": 26594.6 }, "geometry": { "type": "Polygon", "coordinates": [ [ [ 4.9397449, 52.3616451 ], [ 4.9409474, 52.358414 ], [ 4.9411531, 52.3584112 ], [ 4.944682, 52.3582635 ], [ 4.9459243, 52.3625139 ], [ 4.9397449, 52.3616451 ] ] ] } },
{ "type": "Feature", "properties": { "buurt_naam": "Flevopark", "stadsdeel": "Oost", "bevolking": 20, "oppervlakte_km2": 0.7573, "bev_dichtheid": 26.4 }, "geometry": { "type": "Polygon", "coordinates": [ [ [ 4.944682, 52.3582635 ], [ 4.9529411, 52.3579076 ], [ 4.9564975, 52.3577884 ], [ 4.9570878, 52.3577681 ], [ 4.9585394, 52.3577941 ], [ 4.9587417, 52.3578262 ], [ 4.9589349, 52.3578746 ], [ 4.9590868, 52.3579426 ], [ 4.959186, 52.358013 ], [ 4.9594481, 52.3582333 ], [ 4.9613098, 52.3591315 ], [ 4.9575231, 52.3649904 ], [ 4.9573058, 52.3659001 ], [ 4.9517726, 52.365407 ], [ 4.9512385, 52.3653754 ], [ 4.9507013, 52.3653546 ], [ 4.9489412, 52.3653265 ], [ 4.9487388, 52.3653069 ], [ 4.9485014, 52.3652593 ], [ 4.9483521, 52.3652175 ], [ 4.9482117, 52.3651666 ], [ 4.9480962, 52.3651168 ], [ 4.9479896, 52.3650534 ], [ 4.9478789, 52.3649739 ], [ 4.9477769, 52.3648837 ], [ 4.9477071, 52.3648096 ], [ 4.9476219, 52.3646916 ], [ 4.9475641, 52.36458 ], [ 4.946936, 52.362923 ], [ 4.946858, 52.3628014 ], [ 4.9467867, 52.3627364 ], [ 4.9466976, 52.3626794 ], [ 4.9465178, 52.3626078 ], [ 4.9463976, 52.3625804 ], [ 4.9459243, 52.3625139 ], [ 4.944682, 52.3582635 ] ] ] } },
{ "type": "Feature", "properties": { "buurt_naam": "Sluisbuurt", "stadsdeel": "Oost", "bevolking": 480, "oppervlakte_km2": 0.6624, "bev_dichtheid": 724.6 }, "geometry": { "type": "Polygon", "coordinates": [ [ [ 4.9524283, 52.3825712 ], [ 4.954989, 52.3764799 ], [ 4.9557551, 52.373337 ], [ 4.9564785, 52.3732443 ], [ 4.9571904, 52.3731229 ], [ 4.9623533, 52.3720522 ], [ 4.9623327, 52.3725284 ], [ 4.9623556, 52.3733446 ], [ 4.9623822, 52.3736449 ], [ 4.9624154, 52.3738454 ], [ 4.962489, 52.3741432 ], [ 4.962632, 52.3745356 ], [ 4.9628267, 52.3749191 ], [ 4.9630263, 52.3752334 ], [ 4.9632294, 52.3755056 ], [ 4.963453, 52.3757635 ], [ 4.9637003, 52.3760124 ], [ 4.9639711, 52.3762525 ], [ 4.9641752, 52.376415 ], [ 4.9666164, 52.3782292 ], [ 4.9637203, 52.3797675 ], [ 4.9615783, 52.381223 ], [ 4.9606135, 52.3816644 ], [ 4.9596577, 52.382096 ], [ 4.9584114, 52.3824734 ], [ 4.9567105, 52.3826507 ], [ 4.9542522, 52.3826157 ], [ 4.9524283, 52.3825712 ] ] ] } },
{ "type": "Feature", "properties": { "buurt_naam": "Sportheldenbuurt", "stadsdeel": "Oost", "bevolking": 4585, "oppervlakte_km2": 0.4203, "bev_dichtheid": 10909.3 }, "geometry": { "type": "Polygon", "coordinates": [ [ [ 4.9641752, 52.376415 ], [ 4.9639711, 52.3762525 ], [ 4.9637003, 52.3760124 ], [ 4.963453, 52.3757635 ], [ 4.9632294, 52.3755056 ], [ 4.9630263, 52.3752334 ], [ 4.9628267, 52.3749191 ], [ 4.962632, 52.3745356 ], [ 4.962489, 52.3741432 ], [ 4.9624154, 52.3738454 ], [ 4.9623822, 52.3736449 ], [ 4.9623556, 52.3733446 ], [ 4.9623327, 52.3725284 ], [ 4.9623533, 52.3720522 ], [ 4.9632288, 52.3718711 ], [ 4.9638279, 52.3717195 ], [ 4.9644065, 52.371541 ], [ 4.9649622, 52.3713361 ], [ 4.9652304, 52.3712239 ], [ 4.9656183, 52.3710456 ], [ 4.9679764, 52.3697974 ], [ 4.9740888, 52.3742595 ], [ 4.9703269, 52.3762606 ], [ 4.9666164, 52.3782292 ], [ 4.9641752, 52.376415 ] ] ] } },
{ "type": "Feature", "properties": { "buurt_naam": "Oostpunt Zeeburgereiland", "stadsdeel": "Oost", "bevolking": 0, "oppervlakte_km2": 0.5402, "bev_dichtheid": 0.0 }, "geometry": { "type": "Polygon", "coordinates": [ [ [ 4.9679764, 52.3697974 ], [ 4.9695496, 52.3689662 ], [ 4.9757754, 52.3655979 ], [ 4.9766446, 52.3651353 ], [ 4.9841976, 52.3697278 ], [ 4.9821213, 52.3703858 ], [ 4.9797443, 52.3713331 ], [ 4.9773692, 52.3725157 ], [ 4.9740888, 52.3742595 ], [ 4.9679764, 52.3697974 ] ] ] } },
{ "type": "Feature", "properties": { "buurt_naam": "Baaibuurt-West", "stadsdeel": "Oost", "bevolking": 175, "oppervlakte_km2": 0.275, "bev_dichtheid": 636.4 }, "geometry": { "type": "Polygon", "coordinates": [ [ [ 4.9557551, 52.373337 ], [ 4.9566847, 52.3695305 ], [ 4.9567094, 52.3692619 ], [ 4.9566989, 52.3689931 ], [ 4.956653, 52.368726 ], [ 4.9565733, 52.3684615 ], [ 4.9569797, 52.3672712 ], [ 4.9573058, 52.3659001 ], [ 4.9584882, 52.3660013 ], [ 4.958978, 52.3660534 ], [ 4.9594104, 52.3661188 ], [ 4.9597387, 52.3661847 ], [ 4.9601473, 52.3663085 ], [ 4.9605905, 52.3664817 ], [ 4.9611952, 52.3667993 ], [ 4.9613526, 52.3669176 ], [ 4.961526, 52.3670521 ], [ 4.9617574, 52.3672659 ], [ 4.961891, 52.3674165 ], [ 4.9620085, 52.3675716 ], [ 4.9621083, 52.3677319 ], [ 4.9621904, 52.3678949 ], [ 4.962255, 52.3680623 ], [ 4.9623018, 52.3682305 ], [ 4.962336, 52.3684868 ], [ 4.9623763, 52.3694908 ], [ 4.9623828, 52.37004 ], [ 4.9623571, 52.3704317 ], [ 4.9623764, 52.3707123 ], [ 4.9623533, 52.3720522 ], [ 4.9571904, 52.3731229 ], [ 4.9564785, 52.3732443 ], [ 4.9557551, 52.373337 ] ] ] } },
{ "type": "Feature", "properties": { "buurt_naam": "Baaibuurt-Oost", "stadsdeel": "Oost", "bevolking": 710, "oppervlakte_km2": 0.4985, "bev_dichtheid": 1424.3 }, "geometry": { "type": "Polygon", "coordinates": [ [ [ 4.9613526, 52.3669176 ], [ 4.9720257, 52.3626054 ], [ 4.9766446, 52.3651353 ], [ 4.9757754, 52.3655979 ], [ 4.9695496, 52.3689662 ], [ 4.9679764, 52.3697974 ], [ 4.9656183, 52.3710456 ], [ 4.9652304, 52.3712239 ], [ 4.9649622, 52.3713361 ], [ 4.9644065, 52.371541 ], [ 4.9638279, 52.3717195 ], [ 4.9632288, 52.3718711 ], [ 4.9623533, 52.3720522 ], [ 4.9623764, 52.3707123 ], [ 4.9623571, 52.3704317 ], [ 4.9623828, 52.37004 ], [ 4.9623763, 52.3694908 ], [ 4.962336, 52.3684868 ], [ 4.9623018, 52.3682305 ], [ 4.962255, 52.3680623 ], [ 4.9621904, 52.3678949 ], [ 4.9621083, 52.3677319 ], [ 4.9620085, 52.3675716 ], [ 4.961891, 52.3674165 ], [ 4.9617574, 52.3672659 ], [ 4.961526, 52.3670521 ], [ 4.9613526, 52.3669176 ] ] ] } },
{ "type": "Feature", "properties": { "buurt_naam": "Bovendiep/Diemerpark", "stadsdeel": "Oost", "bevolking": 65, "oppervlakte_km2": 2.3908, "bev_dichtheid": 27.2 }, "geometry": { "type": "Polygon", "coordinates": [ [ [ 4.9573058, 52.3659001 ], [ 4.9575231, 52.3649904 ], [ 4.9613098, 52.3591315 ], [ 4.9623018, 52.3583881 ], [ 4.9645448, 52.3574695 ], [ 4.9668061, 52.3569168 ], [ 4.9697163, 52.3563636 ], [ 4.9695984, 52.3561025 ], [ 4.970191, 52.355994 ], [ 4.9702198, 52.3560516 ], [ 4.9704286, 52.356012 ], [ 4.9703982, 52.3559579 ], [ 4.9711057, 52.3558175 ], [ 4.9715057, 52.3557263 ], [ 4.9721827, 52.3555463 ], [ 4.9724843, 52.3554574 ], [ 4.972798, 52.3553534 ], [ 4.9731867, 52.3552199 ], [ 4.9734637, 52.3551148 ], [ 4.9738792, 52.3549482 ], [ 4.9741563, 52.354826 ], [ 4.9744938, 52.3546672 ], [ 4.974808, 52.3545075 ], [ 4.9755337, 52.3541217 ], [ 4.9760293, 52.3538547 ], [ 4.9770707, 52.3533029 ], [ 4.9827359, 52.35028 ], [ 4.9916191, 52.3455555 ], [ 4.9937322, 52.344423 ], [ 4.9938219, 52.3443855 ], [ 4.9939383, 52.3443481 ], [ 4.9940223, 52.3443151 ], [ 4.9941297, 52.3442624 ], [ 4.995327, 52.3436166 ], [ 4.9980517, 52.3421616 ], [ 4.9982683, 52.3420481 ], [ 4.9990656, 52.3416759 ], [ 4.9993236, 52.3415374 ], [ 4.9995522, 52.3417242 ], [ 4.9996179, 52.3417703 ], [ 4.9997228, 52.3418354 ], [ 4.9998339, 52.3418959 ], [ 4.9999114, 52.3419339 ], [ 5.0001687, 52.3420408 ], [ 5.0003134, 52.3420925 ], [ 5.0005141, 52.3421525 ], [ 5.0006166, 52.3421798 ], [ 5.0007732, 52.3422154 ], [ 5.0013622, 52.3423215 ], [ 5.0015498, 52.3423509 ], [ 5.0018342, 52.3423914 ], [ 5.0021215, 52.3424255 ], [ 5.0025056, 52.3424618 ], [ 5.0037756, 52.3425469 ], [ 5.003997, 52.3425691 ], [ 5.0041657, 52.3425787 ], [ 5.0043329, 52.3425811 ], [ 5.0044458, 52.3425796 ], [ 5.0046133, 52.3425712 ], [ 5.0047249, 52.3425625 ], [ 5.0050775, 52.3425223 ], [ 5.0053183, 52.342488 ], [ 5.0054771, 52.3424616 ], [ 5.0057139, 52.3424174 ], [ 5.0061269, 52.3423153 ], [ 5.0066827, 52.3421877 ], [ 5.0069635, 52.3421284 ], [ 5.0071943, 52.3420878 ], [ 5.0074971, 52.342025 ], [ 5.007722, 52.3419718 ], [ 5.0080176, 52.3418927 ], [ 5.0081735, 52.3418627 ], [ 5.0082527, 52.3418521 ], [ 5.008332, 52.3418433 ], [ 5.0084128, 52.3418382 ], [ 5.0085347, 52.341835 ], [ 5.0086168, 52.3418362 ], [ 5.0087371, 52.3418437 ], [ 5.0088968, 52.3418631 ], [ 5.009023, 52.3418842 ], [ 5.0091664, 52.3419099 ], [ 5.0093057, 52.3419409 ], [ 5.0094418, 52.3419772 ], [ 5.009531, 52.3420045 ], [ 5.0097007, 52.3420662 ], [ 5.0102169, 52.3422798 ], [ 5.010521, 52.3424192 ], [ 5.0106686, 52.3424916 ], [ 5.011063, 52.3426978 ], [ 5.0112894, 52.3428298 ], [ 5.011504, 52.3429688 ], [ 5.0116556, 52.343078 ], [ 5.0118014, 52.3431909 ], [ 5.0119718, 52.3433362 ], [ 5.0120272, 52.3433921 ], [ 5.0121056, 52.3434785 ], [ 5.0121942, 52.3435975 ], [ 5.0122491, 52.3436893 ], [ 5.0122592, 52.3437145 ], [ 5.012221, 52.3437215 ], [ 5.0122846, 52.3438475 ], [ 5.0123051, 52.3438431 ], [ 5.012364, 52.3439809 ], [ 5.0123834, 52.3443098 ], [ 5.0128485, 52.3448407 ], [ 5.0090406, 52.3442795 ], [ 5.0087168, 52.3442174 ], [ 5.0084079, 52.3441327 ], [ 5.0079013, 52.3439945 ], [ 5.0077343, 52.3439634 ], [ 5.0075628, 52.343944 ], [ 5.0055932, 52.3438128 ], [ 5.0053803, 52.3438229 ], [ 5.0051717, 52.343851 ], [ 5.0049702, 52.3438962 ], [ 5.0047834, 52.3439585 ], [ 5.004013, 52.3442949 ], [ 5.0038746, 52.3443429 ], [ 5.0037409, 52.344373 ], [ 5.00279, 52.3445263 ], [ 5.0026533, 52.3445573 ], [ 5.00254, 52.344592 ], [ 4.9996391, 52.3457321 ], [ 4.999558, 52.345775 ], [ 4.9993249, 52.3459081 ], [ 4.9990357, 52.3461004 ], [ 4.9988392, 52.3462552 ], [ 4.9986038, 52.3464729 ], [ 4.9983578, 52.3467614 ], [ 4.9982013, 52.3470369 ], [ 4.9980771, 52.3473178 ], [ 4.9979821, 52.3476033 ], [ 4.9979364, 52.3477954 ], [ 4.9979039, 52.3479895 ], [ 4.9978822, 52.3482806 ], [ 4.9979022, 52.3486689 ], [ 4.9980288, 52.3496418 ], [ 4.9964901, 52.3502057 ], [ 4.995959, 52.350353 ], [ 4.9954512, 52.3505276 ], [ 4.994968, 52.3507265 ], [ 4.9945125, 52.3509496 ], [ 4.9915749, 52.3526816 ], [ 4.9878174, 52.3549923 ], [ 4.9868895, 52.3554907 ], [ 4.9867079, 52.3556007 ], [ 4.9865557, 52.3557251 ], [ 4.986434, 52.355863 ], [ 4.9863461, 52.3560092 ], [ 4.9863071, 52.3561107 ], [ 4.9862792, 52.356266 ], [ 4.9862187, 52.3576014 ], [ 4.9861776, 52.3577648 ], [ 4.9861312, 52.3578707 ], [ 4.9860699, 52.3579748 ], [ 4.9859944, 52.3580743 ], [ 4.9859039, 52.3581692 ], [ 4.9857442, 52.3583026 ], [ 4.985623, 52.3583841 ], [ 4.9854904, 52.3584582 ], [ 4.9845274, 52.358933 ], [ 4.9809335, 52.3581532 ], [ 4.9807739, 52.3581266 ], [ 4.9805553, 52.3581088 ], [ 4.9803351, 52.3581116 ], [ 4.9801176, 52.3581343 ], [ 4.9799588, 52.3581643 ], [ 4.9770999, 52.3585858 ], [ 4.9769308, 52.3586167 ], [ 4.9767262, 52.3586673 ], [ 4.9764567, 52.3587607 ], [ 4.976094, 52.3589239 ], [ 4.9759274, 52.3590159 ], [ 4.9757824, 52.3591205 ], [ 4.9756847, 52.3592119 ], [ 4.9756031, 52.3593104 ], [ 4.9747861, 52.3605155 ], [ 4.9746804, 52.3606536 ], [ 4.974406, 52.3608154 ], [ 4.9720257, 52.3626054 ], [ 4.9613526, 52.3669176 ], [ 4.9611952, 52.3667993 ], [ 4.9605905, 52.3664817 ], [ 4.9601473, 52.3663085 ], [ 4.9597387, 52.3661847 ], [ 4.9594104, 52.3661188 ], [ 4.958978, 52.3660534 ], [ 4.9584882, 52.3660013 ], [ 4.9573058, 52.3659001 ] ] ] } },
{ "type": "Feature", "properties": { "buurt_naam": "Steigereiland-Zuid", "stadsdeel": "Oost", "bevolking": 2540, "oppervlakte_km2": 0.4021, "bev_dichtheid": 6317.5 }, "geometry": { "type": "Polygon", "coordinates": [ [ [ 4.9720257, 52.3626054 ], [ 4.974406, 52.3608154 ], [ 4.9746804, 52.3606536 ], [ 4.9747861, 52.3605155 ], [ 4.9756031, 52.3593104 ], [ 4.9756847, 52.3592119 ], [ 4.9757824, 52.3591205 ], [ 4.9759274, 52.3590159 ], [ 4.976094, 52.3589239 ], [ 4.9764567, 52.3587607 ], [ 4.9767262, 52.3586673 ], [ 4.9769308, 52.3586167 ], [ 4.9770999, 52.3585858 ], [ 4.9799588, 52.3581643 ], [ 4.9801176, 52.3581343 ], [ 4.9803351, 52.3581116 ], [ 4.9805553, 52.3581088 ], [ 4.9807739, 52.3581266 ], [ 4.9809335, 52.3581532 ], [ 4.9845274, 52.358933 ], [ 4.9864161, 52.3599658 ], [ 4.9856622, 52.3603875 ], [ 4.9796198, 52.3635988 ], [ 4.9790636, 52.3638925 ], [ 4.9777216, 52.3645639 ], [ 4.9766446, 52.3651353 ], [ 4.9720257, 52.3626054 ] ] ] } },
{ "type": "Feature", "properties": { "buurt_naam": "Steigereiland-Noord", "stadsdeel": "Oost", "bevolking": 2290, "oppervlakte_km2": 0.8309, "bev_dichtheid": 2756.2 }, "geometry": { "type": "Polygon", "coordinates": [ [ [ 4.9766446, 52.3651353 ], [ 4.9777216, 52.3645639 ], [ 4.9790636, 52.3638925 ], [ 4.9796198, 52.3635988 ], [ 4.9856622, 52.3603875 ], [ 4.9864161, 52.3599658 ], [ 4.9866133, 52.3600734 ], [ 4.9978626, 52.3666161 ], [ 4.9964536, 52.3682301 ], [ 4.9938724, 52.3682449 ], [ 4.9914059, 52.3683788 ], [ 4.9890423, 52.3686665 ], [ 4.9865405, 52.3691254 ], [ 4.9841976, 52.3697278 ], [ 4.9766446, 52.3651353 ] ] ] } },
{ "type": "Feature", "properties": { "buurt_naam": "Rieteilanden-West", "stadsdeel": "Oost", "bevolking": 2580, "oppervlakte_km2": 0.4396, "bev_dichtheid": 5869.6 }, "geometry": { "type": "Polygon", "coordinates": [ [ [ 4.9845274, 52.358933 ], [ 4.9854904, 52.3584582 ], [ 4.985623, 52.3583841 ], [ 4.9857442, 52.3583026 ], [ 4.9859039, 52.3581692 ], [ 4.9859944, 52.3580743 ], [ 4.9860699, 52.3579748 ], [ 4.9861312, 52.3578707 ], [ 4.9861776, 52.3577648 ], [ 4.9862187, 52.3576014 ], [ 4.9862792, 52.356266 ], [ 4.9863071, 52.3561107 ], [ 4.9863461, 52.3560092 ], [ 4.986434, 52.355863 ], [ 4.9865557, 52.3557251 ], [ 4.9867079, 52.3556007 ], [ 4.9868895, 52.3554907 ], [ 4.9878174, 52.3549923 ], [ 4.9915749, 52.3526816 ], [ 4.9945125, 52.3509496 ], [ 4.994968, 52.3507265 ], [ 4.9954512, 52.3505276 ], [ 4.995959, 52.350353 ], [ 4.9964901, 52.3502057 ], [ 4.9980288, 52.3496418 ], [ 4.9985109, 52.3507299 ], [ 5.0007472, 52.3523029 ], [ 4.9918828, 52.3570155 ], [ 4.9882662, 52.3589385 ], [ 4.9864161, 52.3599658 ], [ 4.9845274, 52.358933 ] ] ] } },
{ "type": "Feature", "properties": { "buurt_naam": "Joris Ivenspleinbuurt", "stadsdeel": "Oost", "bevolking": 2930, "oppervlakte_km2": 0.5058, "bev_dichtheid": 5793.1 }, "geometry": { "type": "Polygon", "coordinates": [ [ [ 4.9864161, 52.3599658 ], [ 4.9882662, 52.3589385 ], [ 4.9918828, 52.3570155 ], [ 4.9950023, 52.3591559 ], [ 4.9960609, 52.3586194 ], [ 5.0015581, 52.3623833 ], [ 4.9978626, 52.3666161 ], [ 4.9866133, 52.3600734 ], [ 4.9864161, 52.3599658 ] ] ] } },
{ "type": "Feature", "properties": { "buurt_naam": "Ed Pelsterparkbuurt", "stadsdeel": "Oost", "bevolking": 5740, "oppervlakte_km2": 0.5855, "bev_dichtheid": 9803.3 }, "geometry": { "type": "Polygon", "coordinates": [ [ [ 4.9918828, 52.3570155 ], [ 5.0007472, 52.3523029 ], [ 5.0038854, 52.3545097 ], [ 5.0053552, 52.3537567 ], [ 5.0074513, 52.355632 ], [ 5.0015581, 52.3623833 ], [ 4.9960609, 52.3586194 ], [ 4.9950023, 52.3591559 ], [ 4.9918828, 52.3570155 ] ] ] } },
{ "type": "Feature", "properties": { "buurt_naam": "Buiteneiland", "stadsdeel": "Oost", "bevolking": 0, "oppervlakte_km2": 2.4969, "bev_dichtheid": 0.0 }, "geometry": { "type": "Polygon", "coordinates": [ [ [ 4.9964536, 52.3682301 ], [ 4.9978626, 52.3666161 ], [ 5.0015581, 52.3623833 ], [ 5.0190233, 52.3626168 ], [ 5.0384264, 52.3636245 ], [ 5.0379565, 52.3713074 ], [ 5.0376835, 52.3754013 ], [ 5.0144397, 52.3698257 ], [ 4.998746, 52.368359 ], [ 4.9964536, 52.3682301 ] ] ] } },
{ "type": "Feature", "properties": { "buurt_naam": "Pampusbuurt-West", "stadsdeel": "Oost", "bevolking": 0, "oppervlakte_km2": 0.7645, "bev_dichtheid": 0.0 }, "geometry": { "type": "Polygon", "coordinates": [ [ [ 5.0015581, 52.3623833 ], [ 5.0074513, 52.355632 ], [ 5.0137758, 52.3567513 ], [ 5.0157139, 52.3545679 ], [ 5.0198805, 52.3558958 ], [ 5.0190233, 52.3626168 ], [ 5.0015581, 52.3623833 ] ] ] } },
{ "type": "Feature", "properties": { "buurt_naam": "Pampusbuurt-Oost", "stadsdeel": "Oost", "bevolking": 0, "oppervlakte_km2": 0.7874, "bev_dichtheid": 0.0 }, "geometry": { "type": "Polygon", "coordinates": [ [ [ 5.0190233, 52.3626168 ], [ 5.0198805, 52.3558958 ], [ 5.024946, 52.3575103 ], [ 5.0261167, 52.3576046 ], [ 5.0387658, 52.3587335 ], [ 5.0385175, 52.3621211 ], [ 5.0384264, 52.3636245 ], [ 5.0190233, 52.3626168 ] ] ] } },
{ "type": "Feature", "properties": { "buurt_naam": "Centrumeiland", "stadsdeel": "Oost", "bevolking": 1535, "oppervlakte_km2": 0.4222, "bev_dichtheid": 3635.3 }, "geometry": { "type": "Polygon", "coordinates": [ [ [ 5.0074513, 52.355632 ], [ 5.0094348, 52.3533519 ], [ 5.0099771, 52.3527397 ], [ 5.0148937, 52.347174 ], [ 5.0159026, 52.3483231 ], [ 5.0202196, 52.3494896 ], [ 5.0157139, 52.3545679 ], [ 5.0137758, 52.3567513 ], [ 5.0074513, 52.355632 ] ] ] } },
{ "type": "Feature", "properties": { "buurt_naam": "Muidenbuurt-West", "stadsdeel": "Oost", "bevolking": 0, "oppervlakte_km2": 0.5234, "bev_dichtheid": 0.0 }, "geometry": { "type": "Polygon", "coordinates": [ [ [ 5.0157139, 52.3545679 ], [ 5.0202196, 52.3494896 ], [ 5.0308781, 52.3523676 ], [ 5.0261167, 52.3576046 ], [ 5.024946, 52.3575103 ], [ 5.0198805, 52.3558958 ], [ 5.0157139, 52.3545679 ] ] ] } },
{ "type": "Feature", "properties": { "buurt_naam": "Havenkwartier IJburg", "stadsdeel": "Oost", "bevolking": 2155, "oppervlakte_km2": 0.1604, "bev_dichtheid": 13438.6 }, "geometry": { "type": "Polygon", "coordinates": [ [ [ 5.0007472, 52.3523029 ], [ 5.0034913, 52.3508424 ], [ 5.0099771, 52.3527397 ], [ 5.0094348, 52.3533519 ], [ 5.0074513, 52.355632 ], [ 5.0053552, 52.3537567 ], [ 5.0038854, 52.3545097 ], [ 5.0007472, 52.3523029 ] ] ] } },
{ "type": "Feature", "properties": { "buurt_naam": "Theo van Goghparkbuurt", "stadsdeel": "Oost", "bevolking": 6020, "oppervlakte_km2": 0.5997, "bev_dichtheid": 10038.1 }, "geometry": { "type": "Polygon", "coordinates": [ [ [ 4.9980288, 52.3496418 ], [ 4.9995659, 52.3490779 ], [ 5.0049053, 52.3466758 ], [ 5.0053386, 52.3464624 ], [ 5.0056954, 52.3462586 ], [ 5.0075661, 52.3451088 ], [ 5.0077034, 52.345014 ], [ 5.0078009, 52.3449316 ], [ 5.0079032, 52.3448204 ], [ 5.0084079, 52.3441327 ], [ 5.0087168, 52.3442174 ], [ 5.0090406, 52.3442795 ], [ 5.0128485, 52.3448407 ], [ 5.0148937, 52.347174 ], [ 5.0099771, 52.3527397 ], [ 5.0034913, 52.3508424 ], [ 5.0007472, 52.3523029 ], [ 4.9985109, 52.3507299 ], [ 4.9980288, 52.3496418 ] ] ] } },
{ "type": "Feature", "properties": { "buurt_naam": "Rieteiland-Oost", "stadsdeel": "Oost", "bevolking": 310, "oppervlakte_km2": 0.2056, "bev_dichtheid": 1507.9 }, "geometry": { "type": "Polygon", "coordinates": [ [ [ 4.9980288, 52.3496418 ], [ 4.9979022, 52.3486689 ], [ 4.9978822, 52.3482806 ], [ 4.9979039, 52.3479895 ], [ 4.9979364, 52.3477954 ], [ 4.9979821, 52.3476033 ], [ 4.9980771, 52.3473178 ], [ 4.9982013, 52.3470369 ], [ 4.9983578, 52.3467614 ], [ 4.9986038, 52.3464729 ], [ 4.9988392, 52.3462552 ], [ 4.9990357, 52.3461004 ], [ 4.9993249, 52.3459081 ], [ 4.999558, 52.345775 ], [ 4.9996391, 52.3457321 ], [ 5.00254, 52.344592 ], [ 5.0026533, 52.3445573 ], [ 5.00279, 52.3445263 ], [ 5.0037409, 52.344373 ], [ 5.0038746, 52.3443429 ], [ 5.004013, 52.3442949 ], [ 5.0047834, 52.3439585 ], [ 5.0049702, 52.3438962 ], [ 5.0051717, 52.343851 ], [ 5.0053803, 52.3438229 ], [ 5.0055932, 52.3438128 ], [ 5.0075628, 52.343944 ], [ 5.0077343, 52.3439634 ], [ 5.0079013, 52.3439945 ], [ 5.0084079, 52.3441327 ], [ 5.0079032, 52.3448204 ], [ 5.0078009, 52.3449316 ], [ 5.0077034, 52.345014 ], [ 5.0075661, 52.3451088 ], [ 5.0056954, 52.3462586 ], [ 5.0053386, 52.3464624 ], [ 5.0049053, 52.3466758 ], [ 4.9995659, 52.3490779 ], [ 4.9980288, 52.3496418 ] ] ] } },
{ "type": "Feature", "properties": { "buurt_naam": "Van der Kunbuurt", "stadsdeel": "Oost", "bevolking": 185, "oppervlakte_km2": 0.0902, "bev_dichtheid": 2050.8 }, "geometry": { "type": "Polygon", "coordinates": [ [ [ 4.9122329, 52.3481152 ], [ 4.9127079, 52.3473369 ], [ 4.913162, 52.345756 ], [ 4.9131916, 52.3456051 ], [ 4.9174144, 52.3465063 ], [ 4.9166059, 52.3478836 ], [ 4.9162671, 52.3484108 ], [ 4.9160406, 52.3487352 ], [ 4.915798, 52.349056 ], [ 4.9154127, 52.349538 ], [ 4.9122329, 52.3481152 ] ] ] } },
{ "type": "Feature", "properties": { "buurt_naam": "De Eenhoorn", "stadsdeel": "Oost", "bevolking": 2640, "oppervlakte_km2": 0.1795, "bev_dichtheid": 14704.2 }, "geometry": { "type": "Polygon", "coordinates": [ [ [ 4.9154127, 52.349538 ], [ 4.915798, 52.349056 ], [ 4.9160406, 52.3487352 ], [ 4.9162671, 52.3484108 ], [ 4.9166059, 52.3478836 ], [ 4.9223841, 52.3486874 ], [ 4.9226847, 52.3487119 ], [ 4.9229885, 52.3487204 ], [ 4.9232909, 52.3487117 ], [ 4.9237405, 52.3486676 ], [ 4.9250538, 52.3500919 ], [ 4.9222766, 52.3518147 ], [ 4.9218669, 52.352124 ], [ 4.9216181, 52.3523307 ], [ 4.9164995, 52.3500259 ], [ 4.9154127, 52.349538 ] ] ] } },
{ "type": "Feature", "properties": { "buurt_naam": "Don Bosco", "stadsdeel": "Oost", "bevolking": 2195, "oppervlakte_km2": 0.162, "bev_dichtheid": 13552.9 }, "geometry": { "type": "Polygon", "coordinates": [ [ [ 4.9216181, 52.3523307 ], [ 4.9218669, 52.352124 ], [ 4.9222766, 52.3518147 ], [ 4.9250538, 52.3500919 ], [ 4.9251702, 52.3502072 ], [ 4.9281441, 52.3520037 ], [ 4.9283702, 52.3521476 ], [ 4.9287358, 52.3524168 ], [ 4.9290616, 52.352704 ], [ 4.9296394, 52.3531752 ], [ 4.9305597, 52.353745 ], [ 4.9296792, 52.3543097 ], [ 4.9285485, 52.3550576 ], [ 4.9282316, 52.3553368 ], [ 4.9269301, 52.3547259 ], [ 4.9216181, 52.3523307 ] ] ] } },
{ "type": "Feature", "properties": { "buurt_naam": "Julianapark", "stadsdeel": "Oost", "bevolking": 1395, "oppervlakte_km2": 0.1912, "bev_dichtheid": 7295.9 }, "geometry": { "type": "Polygon", "coordinates": [ [ [ 4.9166059, 52.3478836 ], [ 4.9174144, 52.3465063 ], [ 4.918483, 52.3446762 ], [ 4.9188857, 52.3437808 ], [ 4.9192321, 52.3436275 ], [ 4.9192955, 52.3436099 ], [ 4.9193746, 52.343603 ], [ 4.9194422, 52.3436095 ], [ 4.9195036, 52.3436259 ], [ 4.9195794, 52.343664 ], [ 4.919403, 52.3439805 ], [ 4.9191563, 52.3447004 ], [ 4.9191399, 52.3448639 ], [ 4.9191675, 52.3450276 ], [ 4.9192276, 52.3451663 ], [ 4.9192709, 52.3452374 ], [ 4.9195446, 52.3455944 ], [ 4.9201183, 52.3457324 ], [ 4.9204464, 52.3457957 ], [ 4.9207702, 52.3458382 ], [ 4.9213157, 52.3458854 ], [ 4.9252923, 52.3459297 ], [ 4.925571, 52.3459379 ], [ 4.9258072, 52.3459433 ], [ 4.9259875, 52.3459665 ], [ 4.9262511, 52.3460179 ], [ 4.9265057, 52.3460872 ], [ 4.9268201, 52.3462061 ], [ 4.9274942, 52.3465746 ], [ 4.9251605, 52.3481572 ], [ 4.9248034, 52.3483473 ], [ 4.9244851, 52.3484718 ], [ 4.9241862, 52.348565 ], [ 4.9237405, 52.3486676 ], [ 4.9232909, 52.3487117 ], [ 4.9229885, 52.3487204 ], [ 4.9226847, 52.3487119 ], [ 4.9223841, 52.3486874 ], [ 4.9166059, 52.3478836 ] ] ] } },
{ "type": "Feature", "properties": { "buurt_naam": "Frankendael", "stadsdeel": "Oost", "bevolking": 50, "oppervlakte_km2": 0.2893, "bev_dichtheid": 172.8 }, "geometry": { "type": "Polygon", "coordinates": [ [ [ 4.9237405, 52.3486676 ], [ 4.9241862, 52.348565 ], [ 4.9244851, 52.3484718 ], [ 4.9248034, 52.3483473 ], [ 4.9251605, 52.3481572 ], [ 4.9274942, 52.3465746 ], [ 4.9348577, 52.3506913 ], [ 4.9351756, 52.350883 ], [ 4.9347754, 52.3511422 ], [ 4.9332366, 52.352062 ], [ 4.9305597, 52.353745 ], [ 4.9296394, 52.3531752 ], [ 4.9290616, 52.352704 ], [ 4.9287358, 52.3524168 ], [ 4.9283702, 52.3521476 ], [ 4.9281441, 52.3520037 ], [ 4.9251702, 52.3502072 ], [ 4.9250538, 52.3500919 ], [ 4.9237405, 52.3486676 ] ] ] } },
{ "type": "Feature", "properties": { "buurt_naam": "Tuindorp Amstelstation", "stadsdeel": "Oost", "bevolking": 835, "oppervlakte_km2": 0.1096, "bev_dichtheid": 7618.2 }, "geometry": { "type": "Polygon", "coordinates": [ [ [ 4.925571, 52.3459379 ], [ 4.9252923, 52.3459297 ], [ 4.9213157, 52.3458854 ], [ 4.9207702, 52.3458382 ], [ 4.9204464, 52.3457957 ], [ 4.9201183, 52.3457324 ], [ 4.9195446, 52.3455944 ], [ 4.9192709, 52.3452374 ], [ 4.9192276, 52.3451663 ], [ 4.9191675, 52.3450276 ], [ 4.9191399, 52.3448639 ], [ 4.9191563, 52.3447004 ], [ 4.919403, 52.3439805 ], [ 4.9195794, 52.343664 ], [ 4.9197845, 52.343565 ], [ 4.9199076, 52.3434343 ], [ 4.9200778, 52.3432992 ], [ 4.9201946, 52.3432242 ], [ 4.9204483, 52.3430923 ], [ 4.9204693, 52.343051 ], [ 4.9204723, 52.342766 ], [ 4.9206133, 52.342754 ], [ 4.9207457, 52.3427222 ], [ 4.9212956, 52.342497 ], [ 4.9260731, 52.3453593 ], [ 4.9255827, 52.3456648 ], [ 4.925571, 52.3459379 ] ] ] } },
{ "type": "Feature", "properties": { "buurt_naam": "De Wetbuurt", "stadsdeel": "Oost", "bevolking": 1760, "oppervlakte_km2": 0.2865, "bev_dichtheid": 6142.1 }, "geometry": { "type": "Polygon", "coordinates": [ [ [ 4.9212956, 52.342497 ], [ 4.9271445, 52.3398118 ], [ 4.9326282, 52.3430901 ], [ 4.9274942, 52.3465746 ], [ 4.9268201, 52.3462061 ], [ 4.9265057, 52.3460872 ], [ 4.9262511, 52.3460179 ], [ 4.9259875, 52.3459665 ], [ 4.9258072, 52.3459433 ], [ 4.925571, 52.3459379 ], [ 4.9255827, 52.3456648 ], [ 4.9260731, 52.3453593 ], [ 4.9212956, 52.342497 ] ] ] } },
{ "type": "Feature", "properties": { "buurt_naam": "Tuindorp Frankendael", "stadsdeel": "Oost", "bevolking": 3965, "oppervlakte_km2": 0.3592, "bev_dichtheid": 11037.1 }, "geometry": { "type": "Polygon", "coordinates": [ [ [ 4.9274942, 52.3465746 ], [ 4.9326282, 52.3430901 ], [ 4.9329755, 52.3432819 ], [ 4.9333167, 52.3433471 ], [ 4.9333112, 52.3434441 ], [ 4.9333397, 52.3435403 ], [ 4.9334019, 52.3436305 ], [ 4.9334949, 52.34371 ], [ 4.9401852, 52.3477842 ], [ 4.939875, 52.3479835 ], [ 4.9391101, 52.3484408 ], [ 4.9374961, 52.3494287 ], [ 4.9355006, 52.3506723 ], [ 4.9351756, 52.350883 ], [ 4.9348577, 52.3506913 ], [ 4.9274942, 52.3465746 ] ] ] } },
{ "type": "Feature", "properties": { "buurt_naam": "Linnaeusparkbuurt", "stadsdeel": "Oost", "bevolking": 2645, "oppervlakte_km2": 0.1775, "bev_dichtheid": 14902.9 }, "geometry": { "type": "Polygon", "coordinates": [ [ [ 4.9282316, 52.3553368 ], [ 4.9285485, 52.3550576 ], [ 4.9296792, 52.3543097 ], [ 4.9305597, 52.353745 ], [ 4.9332366, 52.352062 ], [ 4.9347754, 52.3511422 ], [ 4.9351756, 52.350883 ], [ 4.9372124, 52.3520781 ], [ 4.9368003, 52.352339 ], [ 4.9326889, 52.3549503 ], [ 4.9363457, 52.3570853 ], [ 4.9364217, 52.3571144 ], [ 4.9364862, 52.3571273 ], [ 4.9365771, 52.3571321 ], [ 4.9366447, 52.357126 ], [ 4.9367478, 52.3570977 ], [ 4.9370528, 52.3569703 ], [ 4.9376436, 52.3574947 ], [ 4.9371469, 52.3576915 ], [ 4.9370218, 52.3575805 ], [ 4.9366259, 52.3575286 ], [ 4.9332437, 52.3568156 ], [ 4.9298783, 52.3560666 ], [ 4.9282316, 52.3553368 ] ] ] } },
{ "type": "Feature", "properties": { "buurt_naam": "Middenmeer-Noord", "stadsdeel": "Oost", "bevolking": 2780, "oppervlakte_km2": 0.1849, "bev_dichtheid": 15037.0 }, "geometry": { "type": "Polygon", "coordinates": [ [ [ 4.9370528, 52.3569703 ], [ 4.9367478, 52.3570977 ], [ 4.9366447, 52.357126 ], [ 4.9365771, 52.3571321 ], [ 4.9364862, 52.3571273 ], [ 4.9364217, 52.3571144 ], [ 4.9363457, 52.3570853 ], [ 4.9326889, 52.3549503 ], [ 4.9368003, 52.352339 ], [ 4.9410405, 52.3548418 ], [ 4.9407214, 52.3550456 ], [ 4.9418946, 52.3557429 ], [ 4.9397085, 52.3566577 ], [ 4.9385811, 52.3571037 ], [ 4.9376436, 52.3574947 ], [ 4.9370528, 52.3569703 ] ] ] } },
{ "type": "Feature", "properties": { "buurt_naam": "Middenmeer-Zuid", "stadsdeel": "Oost", "bevolking": 5140, "oppervlakte_km2": 0.3945, "bev_dichtheid": 13030.2 }, "geometry": { "type": "Polygon", "coordinates": [ [ [ 4.9351756, 52.350883 ], [ 4.9355006, 52.3506723 ], [ 4.9374961, 52.3494287 ], [ 4.9391101, 52.3484408 ], [ 4.939875, 52.3479835 ], [ 4.9401852, 52.3477842 ], [ 4.944314, 52.3502408 ], [ 4.9463465, 52.3514491 ], [ 4.9469213, 52.3518054 ], [ 4.9477197, 52.3522559 ], [ 4.9486104, 52.3527166 ], [ 4.9488032, 52.3528324 ], [ 4.9476976, 52.3533065 ], [ 4.9475809, 52.3533752 ], [ 4.9418946, 52.3557429 ], [ 4.9407214, 52.3550456 ], [ 4.9410405, 52.3548418 ], [ 4.9368003, 52.352339 ], [ 4.9372124, 52.3520781 ], [ 4.9351756, 52.350883 ] ] ] } },
{ "type": "Feature", "properties": { "buurt_naam": "Science Park-Noord", "stadsdeel": "Oost", "bevolking": 2670, "oppervlakte_km2": 0.4163, "bev_dichtheid": 6413.9 }, "geometry": { "type": "Polygon", "coordinates": [ [ [ 4.9371469, 52.3576915 ], [ 4.9376436, 52.3574947 ], [ 4.9385811, 52.3571037 ], [ 4.9397085, 52.3566577 ], [ 4.9418946, 52.3557429 ], [ 4.9475809, 52.3533752 ], [ 4.9476976, 52.3533065 ], [ 4.9488032, 52.3528324 ], [ 4.9504753, 52.3538388 ], [ 4.9514219, 52.3544373 ], [ 4.9564668, 52.3574604 ], [ 4.9564975, 52.3577884 ], [ 4.9529411, 52.3579076 ], [ 4.944682, 52.3582635 ], [ 4.9411531, 52.3584112 ], [ 4.9409474, 52.358414 ], [ 4.9407053, 52.3584051 ], [ 4.9404649, 52.3583817 ], [ 4.9377976, 52.3577883 ], [ 4.9374311, 52.3577402 ], [ 4.9371469, 52.3576915 ] ] ] } },
{ "type": "Feature", "properties": { "buurt_naam": "Science Park-Zuid", "stadsdeel": "Oost", "bevolking": 290, "oppervlakte_km2": 0.8454, "bev_dichtheid": 343.0 }, "geometry": { "type": "Polygon", "coordinates": [ [ [ 4.9488032, 52.3528324 ], [ 4.9496168, 52.3524812 ], [ 4.9553512, 52.350073 ], [ 4.9604321, 52.347937 ], [ 4.96137, 52.3488535 ], [ 4.9625398, 52.3503686 ], [ 4.9649603, 52.3532765 ], [ 4.9658262, 52.3546979 ], [ 4.966061, 52.3543859 ], [ 4.9662435, 52.3541646 ], [ 4.9662566, 52.3541907 ], [ 4.9662857, 52.3542079 ], [ 4.9663603, 52.3542378 ], [ 4.9665273, 52.3542797 ], [ 4.9666135, 52.3543143 ], [ 4.966849, 52.3543941 ], [ 4.9674223, 52.3546217 ], [ 4.9677296, 52.3547352 ], [ 4.9679239, 52.3548132 ], [ 4.9680834, 52.3548631 ], [ 4.9683133, 52.3549278 ], [ 4.9687405, 52.3550893 ], [ 4.9688778, 52.3551545 ], [ 4.9691232, 52.3552839 ], [ 4.9692255, 52.35533 ], [ 4.9694023, 52.3554242 ], [ 4.9695263, 52.3554992 ], [ 4.969505, 52.3555783 ], [ 4.9693182, 52.3556107 ], [ 4.9693341, 52.3556414 ], [ 4.9693708, 52.3556352 ], [ 4.9695984, 52.3561025 ], [ 4.9697163, 52.3563636 ], [ 4.9668061, 52.3569168 ], [ 4.9645448, 52.3574695 ], [ 4.9623018, 52.3583881 ], [ 4.9613098, 52.3591315 ], [ 4.9594481, 52.3582333 ], [ 4.959186, 52.358013 ], [ 4.9590868, 52.3579426 ], [ 4.9589349, 52.3578746 ], [ 4.9587417, 52.3578262 ], [ 4.9585394, 52.3577941 ], [ 4.9570878, 52.3577681 ], [ 4.9564975, 52.3577884 ], [ 4.9564668, 52.3574604 ], [ 4.9514219, 52.3544373 ], [ 4.9504753, 52.3538388 ], [ 4.9488032, 52.3528324 ] ] ] } },
{ "type": "Feature", "properties": { "buurt_naam": "Sportpark Middenmeer-Zuid", "stadsdeel": "Oost", "bevolking": 325, "oppervlakte_km2": 0.2105, "bev_dichtheid": 1543.8 }, "geometry": { "type": "Polygon", "coordinates": [ [ [ 4.9401852, 52.3477842 ], [ 4.9415221, 52.3469265 ], [ 4.9429663, 52.3460197 ], [ 4.9444828, 52.3450861 ], [ 4.9453085, 52.3445517 ], [ 4.9456378, 52.3443382 ], [ 4.9498891, 52.3468812 ], [ 4.9500303, 52.3469851 ], [ 4.9498516, 52.3471048 ], [ 4.949682, 52.3471833 ], [ 4.9495407, 52.3472268 ], [ 4.9490422, 52.3473356 ], [ 4.9489185, 52.3473765 ], [ 4.9488064, 52.3474264 ], [ 4.9485348, 52.3475862 ], [ 4.947349, 52.3483396 ], [ 4.944314, 52.3502408 ], [ 4.9401852, 52.3477842 ] ] ] } },
{ "type": "Feature", "properties": { "buurt_naam": "Sportpark Middenmeer-Noord", "stadsdeel": "Oost", "bevolking": 230, "oppervlakte_km2": 0.2501, "bev_dichtheid": 919.8 }, "geometry": { "type": "Polygon", "coordinates": [ [ [ 4.944314, 52.3502408 ], [ 4.947349, 52.3483396 ], [ 4.9485348, 52.3475862 ], [ 4.9488064, 52.3474264 ], [ 4.9489185, 52.3473765 ], [ 4.9490422, 52.3473356 ], [ 4.9495407, 52.3472268 ], [ 4.949682, 52.3471833 ], [ 4.9498516, 52.3471048 ], [ 4.9500303, 52.3469851 ], [ 4.9522804, 52.3483109 ], [ 4.9525234, 52.3483703 ], [ 4.9532502, 52.3487963 ], [ 4.9539903, 52.3492106 ], [ 4.9546497, 52.3496157 ], [ 4.9551736, 52.3499151 ], [ 4.9553512, 52.350073 ], [ 4.9496168, 52.3524812 ], [ 4.9488032, 52.3528324 ], [ 4.9486104, 52.3527166 ], [ 4.9477197, 52.3522559 ], [ 4.9469213, 52.3518054 ], [ 4.9463465, 52.3514491 ], [ 4.944314, 52.3502408 ] ] ] } },
{ "type": "Feature", "properties": { "buurt_naam": "Park de Meer", "stadsdeel": "Oost", "bevolking": 1540, "oppervlakte_km2": 0.2626, "bev_dichtheid": 5863.7 }, "geometry": { "type": "Polygon", "coordinates": [ [ [ 4.9456378, 52.3443382 ], [ 4.946035, 52.3440915 ], [ 4.9467668, 52.3436934 ], [ 4.9487129, 52.3424757 ], [ 4.9503018, 52.3414658 ], [ 4.9519247, 52.3405677 ], [ 4.9525234, 52.3402589 ], [ 4.9527341, 52.34016 ], [ 4.9530564, 52.3403714 ], [ 4.9538407, 52.3410619 ], [ 4.9550227, 52.3423344 ], [ 4.956271, 52.3435881 ], [ 4.9548582, 52.3440063 ], [ 4.9547566, 52.3440437 ], [ 4.9546638, 52.3440883 ], [ 4.9540388, 52.3445255 ], [ 4.9535972, 52.3448214 ], [ 4.9529761, 52.3451508 ], [ 4.9503256, 52.3468109 ], [ 4.9500303, 52.3469851 ], [ 4.9498891, 52.3468812 ], [ 4.9456378, 52.3443382 ] ] ] } },
{ "type": "Feature", "properties": { "buurt_naam": "Sportpark Voorland", "stadsdeel": "Oost", "bevolking": 0, "oppervlakte_km2": 0.2684, "bev_dichtheid": 0.0 }, "geometry": { "type": "Polygon", "coordinates": [ [ [ 4.9500303, 52.3469851 ], [ 4.9503256, 52.3468109 ], [ 4.9529761, 52.3451508 ], [ 4.9535972, 52.3448214 ], [ 4.9540388, 52.3445255 ], [ 4.9546638, 52.3440883 ], [ 4.9547566, 52.3440437 ], [ 4.9548582, 52.3440063 ], [ 4.956271, 52.3435881 ], [ 4.9565618, 52.3438787 ], [ 4.9570062, 52.3443511 ], [ 4.9580767, 52.3453365 ], [ 4.9597006, 52.3469305 ], [ 4.9598799, 52.3472179 ], [ 4.9599335, 52.3474489 ], [ 4.9604321, 52.347937 ], [ 4.9553512, 52.350073 ], [ 4.9551736, 52.3499151 ], [ 4.9546497, 52.3496157 ], [ 4.9539903, 52.3492106 ], [ 4.9532502, 52.3487963 ], [ 4.9525234, 52.3483703 ], [ 4.9522804, 52.3483109 ], [ 4.9500303, 52.3469851 ] ] ] } },
{ "type": "Feature", "properties": { "buurt_naam": "Drieburg", "stadsdeel": "Oost", "bevolking": 0, "oppervlakte_km2": 0.2808, "bev_dichtheid": 0.0 }, "geometry": { "type": "Polygon", "coordinates": [ [ [ 4.9271445, 52.3398118 ], [ 4.9286349, 52.3391291 ], [ 4.9288456, 52.3390526 ], [ 4.9291443, 52.3389739 ], [ 4.9426004, 52.3365228 ], [ 4.9430092, 52.3365756 ], [ 4.9406615, 52.3377612 ], [ 4.9398002, 52.3382092 ], [ 4.9396005, 52.3383657 ], [ 4.9378045, 52.339547 ], [ 4.9326282, 52.3430901 ], [ 4.9271445, 52.3398118 ] ] ] } },
{ "type": "Feature", "properties": { "buurt_naam": "Nieuwe Oosterbegraafplaats", "stadsdeel": "Oost", "bevolking": 5, "oppervlakte_km2": 0.3926, "bev_dichtheid": 12.7 }, "geometry": { "type": "Polygon", "coordinates": [ [ [ 4.9326282, 52.3430901 ], [ 4.9378045, 52.339547 ], [ 4.9398319, 52.3407419 ], [ 4.940435, 52.3410292 ], [ 4.940577, 52.3412211 ], [ 4.9429399, 52.342642 ], [ 4.9436399, 52.3427839 ], [ 4.9438934, 52.3437087 ], [ 4.9453085, 52.3445517 ], [ 4.9444828, 52.3450861 ], [ 4.9429663, 52.3460197 ], [ 4.9415221, 52.3469265 ], [ 4.9401852, 52.3477842 ], [ 4.9334949, 52.34371 ], [ 4.9334019, 52.3436305 ], [ 4.9333397, 52.3435403 ], [ 4.9333112, 52.3434441 ], [ 4.9333167, 52.3433471 ], [ 4.9329755, 52.3432819 ], [ 4.9326282, 52.3430901 ] ] ] } },
{ "type": "Feature", "properties": { "buurt_naam": "Betondorp", "stadsdeel": "Oost", "bevolking": 2930, "oppervlakte_km2": 0.4563, "bev_dichtheid": 6421.7 }, "geometry": { "type": "Polygon", "coordinates": [ [ [ 4.9378045, 52.339547 ], [ 4.9396005, 52.3383657 ], [ 4.9398002, 52.3382092 ], [ 4.9406615, 52.3377612 ], [ 4.9430092, 52.3365756 ], [ 4.9431279, 52.3365914 ], [ 4.9434939, 52.3366709 ], [ 4.9438017, 52.3367134 ], [ 4.9437514, 52.3367419 ], [ 4.9439387, 52.3367948 ], [ 4.9439928, 52.3368192 ], [ 4.9442121, 52.3368911 ], [ 4.9450473, 52.3371503 ], [ 4.9459573, 52.3374153 ], [ 4.9465661, 52.3375955 ], [ 4.9467707, 52.3376601 ], [ 4.9468834, 52.3376892 ], [ 4.9470285, 52.3377042 ], [ 4.9479156, 52.3379169 ], [ 4.9483459, 52.338029 ], [ 4.9486471, 52.3381326 ], [ 4.9486721, 52.3381327 ], [ 4.9490862, 52.3382466 ], [ 4.9493509, 52.3383266 ], [ 4.9495514, 52.3383795 ], [ 4.9495321, 52.338409 ], [ 4.9495831, 52.3384398 ], [ 4.9498641, 52.3385298 ], [ 4.949705, 52.3387287 ], [ 4.9505762, 52.3390708 ], [ 4.9518924, 52.3396706 ], [ 4.9523828, 52.3399295 ], [ 4.9527341, 52.34016 ], [ 4.9525234, 52.3402589 ], [ 4.9519247, 52.3405677 ], [ 4.9503018, 52.3414658 ], [ 4.9487129, 52.3424757 ], [ 4.9467668, 52.3436934 ], [ 4.946035, 52.3440915 ], [ 4.9456378, 52.3443382 ], [ 4.9453085, 52.3445517 ], [ 4.9438934, 52.3437087 ], [ 4.9436399, 52.3427839 ], [ 4.9429399, 52.342642 ], [ 4.940577, 52.3412211 ], [ 4.940435, 52.3410292 ], [ 4.9398319, 52.3407419 ], [ 4.9378045, 52.339547 ] ] ] } },
{ "type": "Feature", "properties": { "buurt_naam": "De Omval", "stadsdeel": "Oost", "bevolking": 715, "oppervlakte_km2": 0.1474, "bev_dichtheid": 4852.1 }, "geometry": { "type": "Polygon", "coordinates": [ [ [ 4.9131916, 52.3456051 ], [ 4.9132859, 52.3451462 ], [ 4.9134434, 52.3447002 ], [ 4.913857, 52.3438759 ], [ 4.9141381, 52.343531 ], [ 4.9148637, 52.3426387 ], [ 4.9149452, 52.3424286 ], [ 4.9149892, 52.3421467 ], [ 4.9149687, 52.3418617 ], [ 4.9194588, 52.3425778 ], [ 4.9196962, 52.3426174 ], [ 4.9202774, 52.3427472 ], [ 4.9203593, 52.3427602 ], [ 4.9204723, 52.342766 ], [ 4.9204693, 52.343051 ], [ 4.9204483, 52.3430923 ], [ 4.9201946, 52.3432242 ], [ 4.9200778, 52.3432992 ], [ 4.9199076, 52.3434343 ], [ 4.9197845, 52.343565 ], [ 4.9195794, 52.343664 ], [ 4.9195036, 52.3436259 ], [ 4.9194422, 52.3436095 ], [ 4.9193746, 52.343603 ], [ 4.9192955, 52.3436099 ], [ 4.9192321, 52.3436275 ], [ 4.9188857, 52.3437808 ], [ 4.918483, 52.3446762 ], [ 4.9174144, 52.3465063 ], [ 4.9131916, 52.3456051 ] ] ] } },
{ "type": "Feature", "properties": { "buurt_naam": "Overamstel", "stadsdeel": "Oost", "bevolking": 50, "oppervlakte_km2": 1.1887, "bev_dichtheid": 42.1 }, "geometry": { "type": "Polygon", "coordinates": [ [ [ 4.8986207, 52.3326325 ], [ 4.898527, 52.332474 ], [ 4.8984821, 52.3322761 ], [ 4.8984771, 52.3320774 ], [ 4.8984945, 52.331958 ], [ 4.898875, 52.3311067 ], [ 4.8990114, 52.3307071 ], [ 4.8990745, 52.3304369 ], [ 4.8990757, 52.330197 ], [ 4.8990266, 52.3299955 ], [ 4.8989132, 52.3297748 ], [ 4.8987702, 52.3295576 ], [ 4.898253, 52.3289713 ], [ 4.8978392, 52.3285723 ], [ 4.8973245, 52.3280247 ], [ 4.8971438, 52.3277803 ], [ 4.8970025, 52.3275596 ], [ 4.8968606, 52.3272723 ], [ 4.8966789, 52.32685 ], [ 4.8965578, 52.3265233 ], [ 4.8964444, 52.3263008 ], [ 4.8958403, 52.3252027 ], [ 4.8953101, 52.3243403 ], [ 4.8952543, 52.3242026 ], [ 4.8952279, 52.3240785 ], [ 4.8952642, 52.3238341 ], [ 4.8953766, 52.3234976 ], [ 4.8954694, 52.3233236 ], [ 4.895759, 52.3228691 ], [ 4.8959119, 52.3226999 ], [ 4.8960866, 52.3225569 ], [ 4.8962964, 52.3224219 ], [ 4.8964119, 52.3223227 ], [ 4.89715, 52.3218979 ], [ 4.8982849, 52.3216456 ], [ 4.8993508, 52.321552 ], [ 4.9002016, 52.3215528 ], [ 4.900926, 52.3215675 ], [ 4.9016055, 52.3215297 ], [ 4.9020977, 52.3214518 ], [ 4.9025362, 52.321326 ], [ 4.9029752, 52.3211471 ], [ 4.9040969, 52.3206456 ], [ 4.9047067, 52.3203956 ], [ 4.9055234, 52.3201463 ], [ 4.9078447, 52.319507 ], [ 4.9090546, 52.3188278 ], [ 4.9091386, 52.3182547 ], [ 4.9105611, 52.3182721 ], [ 4.9106534, 52.3182788 ], [ 4.9107546, 52.318281 ], [ 4.9111198, 52.3182681 ], [ 4.9115364, 52.3182652 ], [ 4.9118723, 52.3182603 ], [ 4.912182, 52.3182507 ], [ 4.9123799, 52.3182498 ], [ 4.9130076, 52.3189372 ], [ 4.9133368, 52.3192899 ], [ 4.9134831, 52.3194728 ], [ 4.9135408, 52.3195558 ], [ 4.9142856, 52.3204099 ], [ 4.912699, 52.3210642 ], [ 4.9126134, 52.3211061 ], [ 4.9125632, 52.3211365 ], [ 4.9125423, 52.3211768 ], [ 4.9125491, 52.3212217 ], [ 4.9124916, 52.3212557 ], [ 4.9123281, 52.3213152 ], [ 4.9112353, 52.321735 ], [ 4.9108114, 52.3218844 ], [ 4.9107776, 52.3218896 ], [ 4.9107348, 52.3219155 ], [ 4.9107647, 52.3219858 ], [ 4.9108356, 52.322075 ], [ 4.9111215, 52.3225049 ], [ 4.9113279, 52.3228266 ], [ 4.9113549, 52.3229013 ], [ 4.9112305, 52.3230131 ], [ 4.9107828, 52.3233097 ], [ 4.9105171, 52.3234677 ], [ 4.9103386, 52.3235677 ], [ 4.9109543, 52.3240159 ], [ 4.9111044, 52.3241001 ], [ 4.9112916, 52.3241638 ], [ 4.9115917, 52.3242081 ], [ 4.9121251, 52.3242588 ], [ 4.9128032, 52.3243693 ], [ 4.9138852, 52.3245535 ], [ 4.9136483, 52.3259888 ], [ 4.9132691, 52.3284022 ], [ 4.9124708, 52.3284295 ], [ 4.9119409, 52.3284607 ], [ 4.911411, 52.3285017 ], [ 4.9104917, 52.3285978 ], [ 4.9097598, 52.3286983 ], [ 4.9090369, 52.3288184 ], [ 4.9083946, 52.3289425 ], [ 4.907968, 52.3290334 ], [ 4.9072709, 52.3292014 ], [ 4.9069267, 52.3292916 ], [ 4.9062469, 52.3294857 ], [ 4.905583, 52.3296987 ], [ 4.9049335, 52.329928 ], [ 4.9043015, 52.3301752 ], [ 4.9036883, 52.3304388 ], [ 4.9023244, 52.331066 ], [ 4.9000489, 52.3321576 ], [ 4.8993718, 52.3324964 ], [ 4.8987553, 52.3327931 ], [ 4.8986207, 52.3326325 ] ] ] } },
{ "type": "Feature", "properties": { "buurt_naam": "Amstelglorie", "stadsdeel": "Oost", "bevolking": 75, "oppervlakte_km2": 0.5043, "bev_dichtheid": 148.7 }, "geometry": { "type": "Polygon", "coordinates": [ [ [ 4.8987553, 52.3327931 ], [ 4.8993718, 52.3324964 ], [ 4.9000489, 52.3321576 ], [ 4.9023244, 52.331066 ], [ 4.9036883, 52.3304388 ], [ 4.9043015, 52.3301752 ], [ 4.9049335, 52.329928 ], [ 4.905583, 52.3296987 ], [ 4.9062469, 52.3294857 ], [ 4.9069267, 52.3292916 ], [ 4.9072709, 52.3292014 ], [ 4.907968, 52.3290334 ], [ 4.9083946, 52.3289425 ], [ 4.9090369, 52.3288184 ], [ 4.9097598, 52.3286983 ], [ 4.9104917, 52.3285978 ], [ 4.911411, 52.3285017 ], [ 4.9119409, 52.3284607 ], [ 4.9124708, 52.3284295 ], [ 4.9132691, 52.3284022 ], [ 4.9129357, 52.330512 ], [ 4.9124725, 52.3304689 ], [ 4.9122896, 52.3317974 ], [ 4.9122553, 52.3318547 ], [ 4.912202, 52.331904 ], [ 4.9121134, 52.3319468 ], [ 4.9119913, 52.3319886 ], [ 4.9118693, 52.3320132 ], [ 4.911857, 52.3320563 ], [ 4.9118098, 52.3326296 ], [ 4.9119487, 52.3326804 ], [ 4.9120246, 52.3327157 ], [ 4.9120886, 52.3327699 ], [ 4.912116, 52.3328158 ], [ 4.9121271, 52.3328663 ], [ 4.9117928, 52.3347757 ], [ 4.9111098, 52.3360807 ], [ 4.9107634, 52.3363759 ], [ 4.9097814, 52.3368132 ], [ 4.9074846, 52.3379625 ], [ 4.9074102, 52.3379154 ], [ 4.90731, 52.3378189 ], [ 4.9072378, 52.337717 ], [ 4.9071905, 52.3376162 ], [ 4.9068998, 52.3364079 ], [ 4.9068584, 52.3361624 ], [ 4.9067974, 52.3359617 ], [ 4.9067544, 52.3358637 ], [ 4.9066292, 52.3356492 ], [ 4.9064874, 52.3354679 ], [ 4.9063495, 52.335329 ], [ 4.9061698, 52.3351215 ], [ 4.9057824, 52.3347173 ], [ 4.9055486, 52.3344891 ], [ 4.9052551, 52.3342343 ], [ 4.9047779, 52.3338486 ], [ 4.9045479, 52.3336976 ], [ 4.9042588, 52.3335724 ], [ 4.9039413, 52.333483 ], [ 4.9035517, 52.3334311 ], [ 4.9028495, 52.3333824 ], [ 4.9024798, 52.3333674 ], [ 4.9021968, 52.333369 ], [ 4.9011587, 52.3334402 ], [ 4.9005999, 52.3334217 ], [ 4.9002012, 52.3333769 ], [ 4.899828, 52.3333081 ], [ 4.8996378, 52.3332614 ], [ 4.8994695, 52.3332158 ], [ 4.8992957, 52.3331504 ], [ 4.8991219, 52.3330705 ], [ 4.898979, 52.3329836 ], [ 4.8988394, 52.3328807 ], [ 4.8987553, 52.3327931 ] ] ] } },
{ "type": "Feature", "properties": { "buurt_naam": "Amstelkwartier-West", "stadsdeel": "Oost", "bevolking": 810, "oppervlakte_km2": 0.2546, "bev_dichtheid": 3181.9 }, "geometry": { "type": "Polygon", "coordinates": [ [ [ 4.9074846, 52.3379625 ], [ 4.9097814, 52.3368132 ], [ 4.9107634, 52.3363759 ], [ 4.9111098, 52.3360807 ], [ 4.9117928, 52.3347757 ], [ 4.9121271, 52.3328663 ], [ 4.912116, 52.3328158 ], [ 4.9120886, 52.3327699 ], [ 4.9120246, 52.3327157 ], [ 4.9119487, 52.3326804 ], [ 4.9118098, 52.3326296 ], [ 4.911857, 52.3320563 ], [ 4.9118693, 52.3320132 ], [ 4.9119913, 52.3319886 ], [ 4.9121134, 52.3319468 ], [ 4.912202, 52.331904 ], [ 4.9122553, 52.3318547 ], [ 4.9122896, 52.3317974 ], [ 4.9124725, 52.3304689 ], [ 4.9129357, 52.330512 ], [ 4.913387, 52.3305597 ], [ 4.9138163, 52.3306171 ], [ 4.9141793, 52.3306797 ], [ 4.9145731, 52.3307649 ], [ 4.9169051, 52.3313655 ], [ 4.9174873, 52.3315377 ], [ 4.9170531, 52.3320834 ], [ 4.915214, 52.3346662 ], [ 4.9117984, 52.3394601 ], [ 4.911175, 52.3393102 ], [ 4.9107153, 52.3392104 ], [ 4.9100715, 52.3390442 ], [ 4.9094215, 52.3387729 ], [ 4.9092651, 52.3387067 ], [ 4.9079631, 52.3382197 ], [ 4.9077484, 52.3381172 ], [ 4.9074846, 52.3379625 ] ] ] } },
{ "type": "Feature", "properties": { "buurt_naam": "Amstelkwartier-Noord", "stadsdeel": "Oost", "bevolking": 3045, "oppervlakte_km2": 0.3668, "bev_dichtheid": 8301.0 }, "geometry": { "type": "Polygon", "coordinates": [ [ [ 4.9117984, 52.3394601 ], [ 4.915214, 52.3346662 ], [ 4.9195506, 52.3358005 ], [ 4.9193618, 52.3360425 ], [ 4.920197, 52.3362741 ], [ 4.9202894, 52.3364309 ], [ 4.9194943, 52.3366991 ], [ 4.9202622, 52.3376153 ], [ 4.9221713, 52.3382968 ], [ 4.9220112, 52.3384643 ], [ 4.9208736, 52.3401764 ], [ 4.919978, 52.3416334 ], [ 4.9195834, 52.3423222 ], [ 4.9194588, 52.3425778 ], [ 4.9149687, 52.3418617 ], [ 4.9148674, 52.3416006 ], [ 4.9146809, 52.3413402 ], [ 4.9143755, 52.340939 ], [ 4.9140463, 52.3405773 ], [ 4.9136019, 52.3402771 ], [ 4.9131936, 52.3400347 ], [ 4.9126245, 52.339734 ], [ 4.912015, 52.3395158 ], [ 4.9117984, 52.3394601 ] ] ] } },
{ "type": "Feature", "properties": { "buurt_naam": "Amstelkwartier-Zuid", "stadsdeel": "Oost", "bevolking": 45, "oppervlakte_km2": 0.2425, "bev_dichtheid": 185.6 }, "geometry": { "type": "Polygon", "coordinates": [ [ [ 4.915214, 52.3346662 ], [ 4.9170531, 52.3320834 ], [ 4.9174873, 52.3315377 ], [ 4.9195977, 52.3321697 ], [ 4.920376, 52.3323616 ], [ 4.9216775, 52.3327631 ], [ 4.9225546, 52.3330855 ], [ 4.9224416, 52.3332181 ], [ 4.9226165, 52.3333294 ], [ 4.9227955, 52.3334604 ], [ 4.9229846, 52.3336157 ], [ 4.9231618, 52.333789 ], [ 4.9232938, 52.3339404 ], [ 4.923411, 52.334091 ], [ 4.9235164, 52.3342586 ], [ 4.9235969, 52.3344162 ], [ 4.9236813, 52.3346322 ], [ 4.9237306, 52.3348121 ], [ 4.9237556, 52.334957 ], [ 4.9237729, 52.3352698 ], [ 4.9237697, 52.3354442 ], [ 4.9245256, 52.3354067 ], [ 4.9248046, 52.3353862 ], [ 4.9249498, 52.335384 ], [ 4.9221713, 52.3382968 ], [ 4.9202622, 52.3376153 ], [ 4.9194943, 52.3366991 ], [ 4.9202894, 52.3364309 ], [ 4.920197, 52.3362741 ], [ 4.9193618, 52.3360425 ], [ 4.9195506, 52.3358005 ], [ 4.915214, 52.3346662 ] ] ] } },
{ "type": "Feature", "properties": { "buurt_naam": "Weespertrekvaart", "stadsdeel": "Oost", "bevolking": 1775, "oppervlakte_km2": 0.4809, "bev_dichtheid": 3691.3 }, "geometry": { "type": "Polygon", "coordinates": [ [ [ 4.9194588, 52.3425778 ], [ 4.9195834, 52.3423222 ], [ 4.919978, 52.3416334 ], [ 4.9208736, 52.3401764 ], [ 4.9220112, 52.3384643 ], [ 4.9221713, 52.3382968 ], [ 4.9249498, 52.335384 ], [ 4.9252271, 52.3353807 ], [ 4.9254971, 52.3353844 ], [ 4.9257774, 52.3353738 ], [ 4.9269455, 52.3357783 ], [ 4.9267734, 52.3359664 ], [ 4.9284971, 52.3365563 ], [ 4.9342243, 52.3354971 ], [ 4.9356282, 52.335515 ], [ 4.9365149, 52.3345936 ], [ 4.937341, 52.3348726 ], [ 4.937708, 52.3350044 ], [ 4.9379154, 52.3350941 ], [ 4.9381516, 52.3352398 ], [ 4.9383316, 52.3352908 ], [ 4.9385031, 52.3353085 ], [ 4.9388278, 52.3353995 ], [ 4.9390324, 52.335474 ], [ 4.9393997, 52.335568 ], [ 4.9395315, 52.3355946 ], [ 4.9396782, 52.3356086 ], [ 4.9399613, 52.3356178 ], [ 4.9403692, 52.335605 ], [ 4.9417095, 52.3355345 ], [ 4.9417191, 52.3360405 ], [ 4.9417149, 52.3361663 ], [ 4.9417242, 52.3364081 ], [ 4.9426004, 52.3365228 ], [ 4.9291443, 52.3389739 ], [ 4.9288456, 52.3390526 ], [ 4.9286349, 52.3391291 ], [ 4.9271445, 52.3398118 ], [ 4.9212956, 52.342497 ], [ 4.9207457, 52.3427222 ], [ 4.9206133, 52.342754 ], [ 4.9204723, 52.342766 ], [ 4.9203593, 52.3427602 ], [ 4.9202774, 52.3427472 ], [ 4.9196962, 52.3426174 ], [ 4.9194588, 52.3425778 ] ] ] } },
{ "type": "Feature", "properties": { "buurt_naam": "Noorder IJplas", "stadsdeel": "Noord", "bevolking": 140, "oppervlakte_km2": 1.4622, "bev_dichtheid": 95.7 }, "geometry": { "type": "Polygon", "coordinates": [ [ [ 4.8557191, 52.4163242 ], [ 4.8608819, 52.414902 ], [ 4.863632, 52.4139048 ], [ 4.8677684, 52.4182703 ], [ 4.8684232, 52.4189616 ], [ 4.8689029, 52.4194247 ], [ 4.8693862, 52.4198349 ], [ 4.8696819, 52.4200609 ], [ 4.8699925, 52.4202798 ], [ 4.870686, 52.4206971 ], [ 4.8715536, 52.4211737 ], [ 4.8721542, 52.4214764 ], [ 4.873131, 52.4219326 ], [ 4.8734247, 52.4220841 ], [ 4.8737852, 52.4223049 ], [ 4.8740331, 52.4224839 ], [ 4.87433, 52.4227386 ], [ 4.874587, 52.4230093 ], [ 4.8750275, 52.4235712 ], [ 4.875437, 52.424141 ], [ 4.8758328, 52.4247547 ], [ 4.8761916, 52.4253764 ], [ 4.8765625, 52.4261122 ], [ 4.8765803, 52.4262292 ], [ 4.8766198, 52.4262357 ], [ 4.876543, 52.4262659 ], [ 4.8762402, 52.4263994 ], [ 4.8759739, 52.4265465 ], [ 4.875722, 52.4267072 ], [ 4.8754848, 52.426877 ], [ 4.8752506, 52.4270602 ], [ 4.8747349, 52.4275253 ], [ 4.8744825, 52.4277391 ], [ 4.8742284, 52.4279716 ], [ 4.8741197, 52.4279649 ], [ 4.8737723, 52.4286419 ], [ 4.8736656, 52.4288365 ], [ 4.8735513, 52.429058 ], [ 4.8734411, 52.4292948 ], [ 4.8734034, 52.4293872 ], [ 4.8733733, 52.4294473 ], [ 4.8733435, 52.4294868 ], [ 4.8732546, 52.4295439 ], [ 4.8730545, 52.4295574 ], [ 4.8729502, 52.429556 ], [ 4.8727443, 52.4295435 ], [ 4.8726789, 52.4296079 ], [ 4.872651, 52.4296096 ], [ 4.8725575, 52.4296801 ], [ 4.8724538, 52.4297461 ], [ 4.8722319, 52.4298647 ], [ 4.8721078, 52.4299181 ], [ 4.8718553, 52.4300069 ], [ 4.8717285, 52.4300442 ], [ 4.8715677, 52.4300822 ], [ 4.8714291, 52.4301102 ], [ 4.8712951, 52.4301303 ], [ 4.8709651, 52.4301891 ], [ 4.8707481, 52.4303958 ], [ 4.8706043, 52.4303601 ], [ 4.8705546, 52.430333 ], [ 4.870279, 52.4301384 ], [ 4.8702484, 52.4301158 ], [ 4.8702048, 52.430069 ], [ 4.8701655, 52.4300472 ], [ 4.8701024, 52.43002 ], [ 4.8699808, 52.4299916 ], [ 4.8699414, 52.429969 ], [ 4.8699022, 52.4299319 ], [ 4.8698661, 52.4298589 ], [ 4.8698357, 52.4298265 ], [ 4.8698095, 52.4298075 ], [ 4.8697043, 52.4297468 ], [ 4.8689694, 52.4302361 ], [ 4.8689205, 52.4302602 ], [ 4.8687508, 52.430317 ], [ 4.8683716, 52.4304222 ], [ 4.8681962, 52.4304656 ], [ 4.8679352, 52.4305246 ], [ 4.8677909, 52.4305456 ], [ 4.8669988, 52.4306454 ], [ 4.8668648, 52.4306601 ], [ 4.8666984, 52.4306728 ], [ 4.8661913, 52.4306581 ], [ 4.8659779, 52.4306796 ], [ 4.8658649, 52.4306656 ], [ 4.8655802, 52.4306195 ], [ 4.8653941, 52.4305656 ], [ 4.8652649, 52.4305444 ], [ 4.865237, 52.4305425 ], [ 4.8651796, 52.4305458 ], [ 4.8651443, 52.4305421 ], [ 4.8650208, 52.4305505 ], [ 4.864886, 52.430514 ], [ 4.8642142, 52.4303753 ], [ 4.8641949, 52.4302655 ], [ 4.863966, 52.4302168 ], [ 4.8638605, 52.4301913 ], [ 4.8628603, 52.4299703 ], [ 4.8626857, 52.4299425 ], [ 4.8628129, 52.429624 ], [ 4.8627102, 52.4296002 ], [ 4.8627408, 52.4295095 ], [ 4.8627518, 52.4294422 ], [ 4.8627526, 52.4293792 ], [ 4.8627446, 52.4293155 ], [ 4.8627136, 52.4291985 ], [ 4.8626764, 52.4291057 ], [ 4.8626274, 52.4290174 ], [ 4.8625193, 52.4288454 ], [ 4.8624612, 52.4287768 ], [ 4.8624017, 52.4287189 ], [ 4.861278, 52.4277649 ], [ 4.8608921, 52.4274325 ], [ 4.8605692, 52.4271444 ], [ 4.8583952, 52.4252554 ], [ 4.8582498, 52.4251235 ], [ 4.8581178, 52.4249792 ], [ 4.8580266, 52.4248466 ], [ 4.8579548, 52.4247186 ], [ 4.8579061, 52.4245944 ], [ 4.8578693, 52.4244811 ], [ 4.8578248, 52.4242759 ], [ 4.8578185, 52.4241815 ], [ 4.8578242, 52.4240791 ], [ 4.8578542, 52.4238986 ], [ 4.8578742, 52.4238304 ], [ 4.8579135, 52.4237308 ], [ 4.8579901, 52.4235909 ], [ 4.8580396, 52.4235157 ], [ 4.8582086, 52.42328 ], [ 4.8594897, 52.4216122 ], [ 4.8596718, 52.4213722 ], [ 4.8597318, 52.4212808 ], [ 4.8598144, 52.4211283 ], [ 4.8598617, 52.4209919 ], [ 4.8598891, 52.4207854 ], [ 4.8598931, 52.4206919 ], [ 4.8598828, 52.4205678 ], [ 4.8598648, 52.4204752 ], [ 4.859838, 52.4203834 ], [ 4.8597596, 52.4201772 ], [ 4.8596387, 52.4199565 ], [ 4.8595474, 52.419842 ], [ 4.8594676, 52.4197589 ], [ 4.8560854, 52.4166637 ], [ 4.8557191, 52.4163242 ] ] ] } },
{ "type": "Feature", "properties": { "buurt_naam": "Melkweg/Oostzanerwerf", "stadsdeel": "Noord", "bevolking": 330, "oppervlakte_km2": 0.6126, "bev_dichtheid": 538.7 }, "geometry": { "type": "Polygon", "coordinates": [ [ [ 4.8677684, 52.4182703 ], [ 4.8694953, 52.4176649 ], [ 4.8701523, 52.4174098 ], [ 4.8706946, 52.4171723 ], [ 4.8726927, 52.4162309 ], [ 4.8727902, 52.4161891 ], [ 4.8729999, 52.416119 ], [ 4.8732254, 52.4160688 ], [ 4.8733401, 52.4160512 ], [ 4.8734593, 52.4160391 ], [ 4.8736974, 52.4160312 ], [ 4.8738165, 52.4160362 ], [ 4.8750148, 52.4161295 ], [ 4.8749961, 52.4162328 ], [ 4.874993, 52.4163639 ], [ 4.8750292, 52.416543 ], [ 4.8779394, 52.4188599 ], [ 4.8780123, 52.4189088 ], [ 4.8781455, 52.4189686 ], [ 4.8782436, 52.4189969 ], [ 4.8784036, 52.419021 ], [ 4.8792686, 52.4190867 ], [ 4.8801558, 52.4197942 ], [ 4.8799776, 52.419957 ], [ 4.8815571, 52.4203996 ], [ 4.8834633, 52.4209479 ], [ 4.8836116, 52.4209755 ], [ 4.8823404, 52.4254585 ], [ 4.8822833, 52.4255678 ], [ 4.8821482, 52.4256805 ], [ 4.8819708, 52.4257732 ], [ 4.8817228, 52.4258693 ], [ 4.8815927, 52.4259325 ], [ 4.8815199, 52.4259879 ], [ 4.8809408, 52.425856 ], [ 4.880662, 52.4258 ], [ 4.880474, 52.4257722 ], [ 4.8803274, 52.4257545 ], [ 4.8800088, 52.4257226 ], [ 4.87964, 52.425695 ], [ 4.8793518, 52.4256874 ], [ 4.8791285, 52.4256919 ], [ 4.8790003, 52.4256976 ], [ 4.878737, 52.4257144 ], [ 4.8783764, 52.4257597 ], [ 4.8780111, 52.4258174 ], [ 4.8776737, 52.4258834 ], [ 4.8774717, 52.4259338 ], [ 4.8771574, 52.4260267 ], [ 4.8769729, 52.4260861 ], [ 4.8766836, 52.4261892 ], [ 4.8765803, 52.4262292 ], [ 4.8765625, 52.4261122 ], [ 4.8761916, 52.4253764 ], [ 4.8758328, 52.4247547 ], [ 4.875437, 52.424141 ], [ 4.8750275, 52.4235712 ], [ 4.874587, 52.4230093 ], [ 4.87433, 52.4227386 ], [ 4.8740331, 52.4224839 ], [ 4.8737852, 52.4223049 ], [ 4.8734247, 52.4220841 ], [ 4.873131, 52.4219326 ], [ 4.8721542, 52.4214764 ], [ 4.8715536, 52.4211737 ], [ 4.870686, 52.4206971 ], [ 4.8699925, 52.4202798 ], [ 4.8696819, 52.4200609 ], [ 4.8693862, 52.4198349 ], [ 4.8689029, 52.4194247 ], [ 4.8684232, 52.4189616 ], [ 4.8677684, 52.4182703 ] ] ] } },
{ "type": "Feature", "properties": { "buurt_naam": "Walvisbuurt", "stadsdeel": "Noord", "bevolking": 1365, "oppervlakte_km2": 0.2599, "bev_dichtheid": 5253.0 }, "geometry": { "type": "Polygon", "coordinates": [ [ [ 4.8876919, 52.4255862 ], [ 4.8875758, 52.4255785 ], [ 4.8875833, 52.4255705 ], [ 4.8870541, 52.4255637 ], [ 4.8868776, 52.4255647 ], [ 4.8868027, 52.4255672 ], [ 4.8866128, 52.425587 ], [ 4.8865479, 52.4255903 ], [ 4.8858435, 52.4256143 ], [ 4.8852968, 52.425613 ], [ 4.8848205, 52.4256029 ], [ 4.8844281, 52.4255913 ], [ 4.8841488, 52.4255793 ], [ 4.8835391, 52.4255407 ], [ 4.8832792, 52.425519 ], [ 4.8830513, 52.4255144 ], [ 4.8829837, 52.4255097 ], [ 4.882966, 52.4255213 ], [ 4.8828294, 52.4256457 ], [ 4.8827269, 52.4257306 ], [ 4.8826365, 52.4257904 ], [ 4.8825374, 52.4258503 ], [ 4.8824635, 52.4258886 ], [ 4.8823676, 52.4259268 ], [ 4.8822686, 52.4259551 ], [ 4.8822009, 52.4259701 ], [ 4.8819371, 52.4260139 ], [ 4.8818784, 52.4260199 ], [ 4.8817622, 52.426023 ], [ 4.8816739, 52.4260163 ], [ 4.8816432, 52.4260127 ], [ 4.8815199, 52.4259879 ], [ 4.8815927, 52.4259325 ], [ 4.8817228, 52.4258693 ], [ 4.8819708, 52.4257732 ], [ 4.8821482, 52.4256805 ], [ 4.8822833, 52.4255678 ], [ 4.8823404, 52.4254585 ], [ 4.8836116, 52.4209755 ], [ 4.8843581, 52.4211143 ], [ 4.8852666, 52.4212521 ], [ 4.8878998, 52.4216047 ], [ 4.8880922, 52.4216199 ], [ 4.8884816, 52.4216386 ], [ 4.8887741, 52.4216416 ], [ 4.8901151, 52.4216185 ], [ 4.8903167, 52.4215968 ], [ 4.8904863, 52.4215481 ], [ 4.8905987, 52.4214875 ], [ 4.8906847, 52.4214087 ], [ 4.8914463, 52.4204791 ], [ 4.8915008, 52.4203337 ], [ 4.8916184, 52.420211 ], [ 4.8919469, 52.4202816 ], [ 4.8920304, 52.4201723 ], [ 4.8919426, 52.4201468 ], [ 4.8919298, 52.4201062 ], [ 4.8919376, 52.4200649 ], [ 4.8920785, 52.4200799 ], [ 4.8924441, 52.4197283 ], [ 4.8927188, 52.4194904 ], [ 4.8926443, 52.4194307 ], [ 4.8925877, 52.419364 ], [ 4.892539, 52.419255 ], [ 4.892534, 52.4191803 ], [ 4.8925495, 52.4191059 ], [ 4.8925855, 52.4190341 ], [ 4.8926421, 52.4189687 ], [ 4.8929096, 52.4187164 ], [ 4.8932316, 52.4184373 ], [ 4.8942177, 52.4178033 ], [ 4.894311, 52.4177327 ], [ 4.8944121, 52.4176298 ], [ 4.8945018, 52.417489 ], [ 4.8945448, 52.417341 ], [ 4.8945449, 52.4165257 ], [ 4.8947578, 52.4164116 ], [ 4.8951437, 52.4164689 ], [ 4.8954904, 52.4164865 ], [ 4.8958324, 52.4165382 ], [ 4.8962348, 52.4165678 ], [ 4.8963901, 52.4164884 ], [ 4.8964755, 52.4164707 ], [ 4.8965563, 52.4164703 ], [ 4.8964653, 52.416593 ], [ 4.8963314, 52.4167326 ], [ 4.8962024, 52.4168418 ], [ 4.8959904, 52.4169999 ], [ 4.8958613, 52.4171199 ], [ 4.8954382, 52.4176142 ], [ 4.8941877, 52.4189095 ], [ 4.8932205, 52.4198331 ], [ 4.8921919, 52.4208516 ], [ 4.8914791, 52.4216323 ], [ 4.8890979, 52.4240966 ], [ 4.8881228, 52.4251773 ], [ 4.8876919, 52.4255862 ] ] ] } },
{ "type": "Feature", "properties": { "buurt_naam": "Twiske-West", "stadsdeel": "Noord", "bevolking": 2505, "oppervlakte_km2": 0.4177, "bev_dichtheid": 5996.8 }, "geometry": { "type": "Polygon", "coordinates": [ [ [ 4.8987467, 52.424462 ], [ 4.8984564, 52.4245147 ], [ 4.8983888, 52.4245217 ], [ 4.8984131, 52.4245847 ], [ 4.8983515, 52.4245772 ], [ 4.897737, 52.4247005 ], [ 4.8973805, 52.4247764 ], [ 4.8971463, 52.424814 ], [ 4.8968678, 52.4248802 ], [ 4.8967292, 52.4248976 ], [ 4.8965362, 52.4249337 ], [ 4.89642, 52.424944 ], [ 4.8962403, 52.4249693 ], [ 4.8959989, 52.4250133 ], [ 4.8959059, 52.4250345 ], [ 4.8957469, 52.4250527 ], [ 4.8955158, 52.4250894 ], [ 4.8953671, 52.4251042 ], [ 4.8951772, 52.4251339 ], [ 4.8950755, 52.4251452 ], [ 4.8949033, 52.4251706 ], [ 4.894787, 52.4251826 ], [ 4.8946943, 52.4251976 ], [ 4.8943968, 52.4252368 ], [ 4.8939082, 52.4252887 ], [ 4.8937461, 52.4253095 ], [ 4.893655, 52.4253181 ], [ 4.8935416, 52.4253355 ], [ 4.893337, 52.4253519 ], [ 4.8931707, 52.4253745 ], [ 4.8929866, 52.425389 ], [ 4.8924656, 52.4254498 ], [ 4.8923009, 52.4254581 ], [ 4.8922183, 52.4254658 ], [ 4.8921081, 52.425468 ], [ 4.8916989, 52.4255104 ], [ 4.8915621, 52.4255197 ], [ 4.891359, 52.4255395 ], [ 4.8908779, 52.4255717 ], [ 4.8901041, 52.425617 ], [ 4.8896967, 52.4256342 ], [ 4.889485, 52.4256368 ], [ 4.8889277, 52.4256363 ], [ 4.8883061, 52.4256193 ], [ 4.8881605, 52.4256187 ], [ 4.8876919, 52.4255862 ], [ 4.8881228, 52.4251773 ], [ 4.8890979, 52.4240966 ], [ 4.8914791, 52.4216323 ], [ 4.8921919, 52.4208516 ], [ 4.8932205, 52.4198331 ], [ 4.8941877, 52.4189095 ], [ 4.8954382, 52.4176142 ], [ 4.8958613, 52.4171199 ], [ 4.8959904, 52.4169999 ], [ 4.8962024, 52.4168418 ], [ 4.8963314, 52.4167326 ], [ 4.8964653, 52.416593 ], [ 4.8965563, 52.4164703 ], [ 4.8968091, 52.416473 ], [ 4.8975438, 52.4166217 ], [ 4.8981535, 52.4167851 ], [ 4.8981989, 52.4168051 ], [ 4.8982337, 52.4168358 ], [ 4.8982482, 52.4168672 ], [ 4.898401, 52.4176714 ], [ 4.8984456, 52.4182953 ], [ 4.8984977, 52.4186298 ], [ 4.898492, 52.4191493 ], [ 4.8985807, 52.4205688 ], [ 4.8985721, 52.4205688 ], [ 4.8986675, 52.4211085 ], [ 4.8985964, 52.4215557 ], [ 4.8986075, 52.4220232 ], [ 4.8987657, 52.4241987 ], [ 4.8987467, 52.424462 ] ] ] } },
{ "type": "Feature", "properties": { "buurt_naam": "Oostzanerdijk", "stadsdeel": "Noord", "bevolking": 340, "oppervlakte_km2": 0.0965, "bev_dichtheid": 3522.8 }, "geometry": { "type": "Polygon", "coordinates": [ [ [ 4.8792686, 52.4190867 ], [ 4.8806208, 52.4183321 ], [ 4.8808207, 52.4182089 ], [ 4.8810499, 52.4180822 ], [ 4.8820963, 52.4175798 ], [ 4.8826779, 52.4169774 ], [ 4.8830223, 52.4168009 ], [ 4.8832694, 52.4166734 ], [ 4.8845613, 52.415763 ], [ 4.8847407, 52.4156201 ], [ 4.8856418, 52.4148367 ], [ 4.8857113, 52.4147964 ], [ 4.8858207, 52.4147556 ], [ 4.8859104, 52.4147353 ], [ 4.8860047, 52.4147249 ], [ 4.8861633, 52.4147301 ], [ 4.8876198, 52.4148754 ], [ 4.8881935, 52.4148311 ], [ 4.889076, 52.4149085 ], [ 4.8924513, 52.415515 ], [ 4.8925793, 52.4155092 ], [ 4.892681, 52.4154845 ], [ 4.8933162, 52.415195 ], [ 4.8934252, 52.4151747 ], [ 4.8935236, 52.4151761 ], [ 4.8941812, 52.4152579 ], [ 4.8942765, 52.415278 ], [ 4.894414, 52.415338 ], [ 4.894808, 52.4155993 ], [ 4.8951925, 52.4157869 ], [ 4.8959145, 52.4158951 ], [ 4.8978496, 52.4152901 ], [ 4.8979754, 52.4158812 ], [ 4.8980612, 52.416098 ], [ 4.8981381, 52.4161846 ], [ 4.8980554, 52.4162176 ], [ 4.8980785, 52.4162537 ], [ 4.8983169, 52.4164892 ], [ 4.8983721, 52.4165604 ], [ 4.8983789, 52.4165973 ], [ 4.8983638, 52.4166431 ], [ 4.8982776, 52.4167362 ], [ 4.8982337, 52.4168358 ], [ 4.8981989, 52.4168051 ], [ 4.8981535, 52.4167851 ], [ 4.8975438, 52.4166217 ], [ 4.8968091, 52.416473 ], [ 4.8965563, 52.4164703 ], [ 4.8964755, 52.4164707 ], [ 4.8963901, 52.4164884 ], [ 4.8962348, 52.4165678 ], [ 4.8958324, 52.4165382 ], [ 4.8954904, 52.4164865 ], [ 4.8951437, 52.4164689 ], [ 4.8947578, 52.4164116 ], [ 4.8945449, 52.4165257 ], [ 4.8935984, 52.4163897 ], [ 4.8927533, 52.4162451 ], [ 4.8894128, 52.4158078 ], [ 4.8895345, 52.4154318 ], [ 4.889238, 52.4154089 ], [ 4.8889458, 52.4153727 ], [ 4.8865981, 52.4150186 ], [ 4.8863969, 52.4150052 ], [ 4.8862778, 52.4150082 ], [ 4.8861276, 52.4150319 ], [ 4.8859904, 52.4150762 ], [ 4.8858766, 52.415135 ], [ 4.8857491, 52.4152272 ], [ 4.8848415, 52.4159414 ], [ 4.8831164, 52.417186 ], [ 4.8828673, 52.4173737 ], [ 4.8826047, 52.4175882 ], [ 4.8822649, 52.4178861 ], [ 4.8817093, 52.4183934 ], [ 4.8816263, 52.4184441 ], [ 4.8801558, 52.4197942 ], [ 4.8792686, 52.4190867 ] ] ] } },
{ "type": "Feature", "properties": { "buurt_naam": "Circus/Kermisbuurt", "stadsdeel": "Noord", "bevolking": 1330, "oppervlakte_km2": 0.1584, "bev_dichtheid": 8395.7 }, "geometry": { "type": "Polygon", "coordinates": [ [ [ 4.8836116, 52.4209755 ], [ 4.8834633, 52.4209479 ], [ 4.8815571, 52.4203996 ], [ 4.8799776, 52.419957 ], [ 4.8801558, 52.4197942 ], [ 4.8816263, 52.4184441 ], [ 4.8817093, 52.4183934 ], [ 4.8822649, 52.4178861 ], [ 4.8826047, 52.4175882 ], [ 4.8828673, 52.4173737 ], [ 4.8831164, 52.417186 ], [ 4.8848415, 52.4159414 ], [ 4.8857491, 52.4152272 ], [ 4.8858766, 52.415135 ], [ 4.8859904, 52.4150762 ], [ 4.8861276, 52.4150319 ], [ 4.8862778, 52.4150082 ], [ 4.8863969, 52.4150052 ], [ 4.8865981, 52.4150186 ], [ 4.8889458, 52.4153727 ], [ 4.889238, 52.4154089 ], [ 4.8895345, 52.4154318 ], [ 4.8894128, 52.4158078 ], [ 4.8888448, 52.4157236 ], [ 4.888504, 52.4157122 ], [ 4.8882202, 52.4157156 ], [ 4.8879451, 52.4157495 ], [ 4.8874234, 52.4158714 ], [ 4.8855011, 52.4188336 ], [ 4.8850459, 52.4195759 ], [ 4.8843581, 52.4211143 ], [ 4.8836116, 52.4209755 ] ] ] } },
{ "type": "Feature", "properties": { "buurt_naam": "Molenwijk", "stadsdeel": "Noord", "bevolking": 2995, "oppervlakte_km2": 0.3021, "bev_dichtheid": 9913.1 }, "geometry": { "type": "Polygon", "coordinates": [ [ [ 4.8843581, 52.4211143 ], [ 4.8850459, 52.4195759 ], [ 4.8855011, 52.4188336 ], [ 4.8874234, 52.4158714 ], [ 4.8879451, 52.4157495 ], [ 4.8882202, 52.4157156 ], [ 4.888504, 52.4157122 ], [ 4.8888448, 52.4157236 ], [ 4.8894128, 52.4158078 ], [ 4.8927533, 52.4162451 ], [ 4.8935984, 52.4163897 ], [ 4.8945449, 52.4165257 ], [ 4.8945448, 52.417341 ], [ 4.8945018, 52.417489 ], [ 4.8944121, 52.4176298 ], [ 4.894311, 52.4177327 ], [ 4.8942177, 52.4178033 ], [ 4.8932316, 52.4184373 ], [ 4.8929096, 52.4187164 ], [ 4.8926421, 52.4189687 ], [ 4.8925855, 52.4190341 ], [ 4.8925495, 52.4191059 ], [ 4.892534, 52.4191803 ], [ 4.892539, 52.419255 ], [ 4.8925877, 52.419364 ], [ 4.8926443, 52.4194307 ], [ 4.8927188, 52.4194904 ], [ 4.8924441, 52.4197283 ], [ 4.8920785, 52.4200799 ], [ 4.8919376, 52.4200649 ], [ 4.8919298, 52.4201062 ], [ 4.8919426, 52.4201468 ], [ 4.8920304, 52.4201723 ], [ 4.8919469, 52.4202816 ], [ 4.8916184, 52.420211 ], [ 4.8915008, 52.4203337 ], [ 4.8914463, 52.4204791 ], [ 4.8906847, 52.4214087 ], [ 4.8905987, 52.4214875 ], [ 4.8904863, 52.4215481 ], [ 4.8903167, 52.4215968 ], [ 4.8901151, 52.4216185 ], [ 4.8887741, 52.4216416 ], [ 4.8884816, 52.4216386 ], [ 4.8880922, 52.4216199 ], [ 4.8878998, 52.4216047 ], [ 4.8852666, 52.4212521 ], [ 4.8843581, 52.4211143 ] ] ] } },
{ "type": "Feature", "properties": { "buurt_naam": "Cornelis Douwesterrein-West", "stadsdeel": "Noord", "bevolking": 5, "oppervlakte_km2": 0.5916, "bev_dichtheid": 8.5 }, "geometry": { "type": "Polygon", "coordinates": [ [ [ 4.863632, 52.4139048 ], [ 4.8638799, 52.4138152 ], [ 4.8671037, 52.412386 ], [ 4.8709925, 52.4101317 ], [ 4.8734377, 52.4083808 ], [ 4.8798485, 52.4133614 ], [ 4.8794445, 52.4136024 ], [ 4.8794116, 52.413648 ], [ 4.8794154, 52.4137001 ], [ 4.8794502, 52.4137506 ], [ 4.8795507, 52.4138346 ], [ 4.8793511, 52.41393 ], [ 4.8792226, 52.4139924 ], [ 4.8791902, 52.4139922 ], [ 4.8781972, 52.4144563 ], [ 4.8781678, 52.4144588 ], [ 4.8779773, 52.4143996 ], [ 4.8779465, 52.4144004 ], [ 4.87561, 52.415502 ], [ 4.8753984, 52.415626 ], [ 4.8752263, 52.4157709 ], [ 4.8750995, 52.4159321 ], [ 4.8750467, 52.4160352 ], [ 4.8750148, 52.4161295 ], [ 4.8738165, 52.4160362 ], [ 4.8736974, 52.4160312 ], [ 4.8734593, 52.4160391 ], [ 4.8733401, 52.4160512 ], [ 4.8732254, 52.4160688 ], [ 4.8729999, 52.416119 ], [ 4.8727902, 52.4161891 ], [ 4.8726927, 52.4162309 ], [ 4.8706946, 52.4171723 ], [ 4.8701523, 52.4174098 ], [ 4.8694953, 52.4176649 ], [ 4.8677684, 52.4182703 ], [ 4.863632, 52.4139048 ] ] ] } },
{ "type": "Feature", "properties": { "buurt_naam": "Cornelis Douwesterrein-Oost", "stadsdeel": "Noord", "bevolking": 0, "oppervlakte_km2": 0.7928, "bev_dichtheid": 0.0 }, "geometry": { "type": "Polygon", "coordinates": [ [ [ 4.8734377, 52.4083808 ], [ 4.8735503, 52.4083004 ], [ 4.8777765, 52.4052538 ], [ 4.882703, 52.4017032 ], [ 4.8840358, 52.4028539 ], [ 4.8854481, 52.4040103 ], [ 4.8881442, 52.4061454 ], [ 4.8885955, 52.4065112 ], [ 4.8911514, 52.4052898 ], [ 4.8915502, 52.4056573 ], [ 4.8925468, 52.4070662 ], [ 4.8923691, 52.4071894 ], [ 4.8916325, 52.4076151 ], [ 4.8905135, 52.4081963 ], [ 4.8903658, 52.4082713 ], [ 4.8903069, 52.4082791 ], [ 4.89026, 52.4082699 ], [ 4.8901138, 52.4083322 ], [ 4.8901162, 52.4083825 ], [ 4.8900968, 52.4084095 ], [ 4.8900657, 52.4084318 ], [ 4.8860986, 52.4103097 ], [ 4.8860853, 52.4103177 ], [ 4.8860489, 52.410403 ], [ 4.8859549, 52.4104089 ], [ 4.8858901, 52.4104265 ], [ 4.8849784, 52.4108497 ], [ 4.884147, 52.4112119 ], [ 4.882885, 52.4118131 ], [ 4.8823089, 52.4120723 ], [ 4.8818624, 52.4123031 ], [ 4.8818901, 52.4123167 ], [ 4.8805114, 52.4129787 ], [ 4.8801327, 52.4131918 ], [ 4.8798485, 52.4133614 ], [ 4.8734377, 52.4083808 ] ] ] } },
{ "type": "Feature", "properties": { "buurt_naam": "NDSM terrein", "stadsdeel": "Noord", "bevolking": 4265, "oppervlakte_km2": 0.7917, "bev_dichtheid": 5387.4 }, "geometry": { "type": "Polygon", "coordinates": [ [ [ 4.882703, 52.4017032 ], [ 4.8833904, 52.4011965 ], [ 4.8858619, 52.399378 ], [ 4.8897755, 52.3964124 ], [ 4.8915604, 52.3951131 ], [ 4.8926652, 52.3957657 ], [ 4.8931702, 52.3960797 ], [ 4.8939141, 52.3965609 ], [ 4.8948749, 52.3972183 ], [ 4.8955747, 52.3977236 ], [ 4.8960293, 52.3980661 ], [ 4.8969221, 52.3987734 ], [ 4.9001955, 52.4014752 ], [ 4.8946146, 52.4041448 ], [ 4.8939311, 52.4044349 ], [ 4.8935129, 52.4046255 ], [ 4.8932759, 52.4049284 ], [ 4.8932221, 52.4050234 ], [ 4.8931721, 52.4051607 ], [ 4.8930205, 52.406368 ], [ 4.8929717, 52.4065304 ], [ 4.8928844, 52.4067036 ], [ 4.8927726, 52.4068532 ], [ 4.8926432, 52.4069856 ], [ 4.8925468, 52.4070662 ], [ 4.8915502, 52.4056573 ], [ 4.8911514, 52.4052898 ], [ 4.8885955, 52.4065112 ], [ 4.8881442, 52.4061454 ], [ 4.8854481, 52.4040103 ], [ 4.8840358, 52.4028539 ], [ 4.882703, 52.4017032 ] ] ] } },
{ "type": "Feature", "properties": { "buurt_naam": "Buiksloterham-Zuid", "stadsdeel": "Noord", "bevolking": 1995, "oppervlakte_km2": 0.6562, "bev_dichtheid": 3040.5 }, "geometry": { "type": "Polygon", "coordinates": [ [ [ 4.8915604, 52.3951131 ], [ 4.8920077, 52.3947869 ], [ 4.8926591, 52.3942072 ], [ 4.8932157, 52.3935642 ], [ 4.8936602, 52.3928247 ], [ 4.8939861, 52.3920531 ], [ 4.894675, 52.3899411 ], [ 4.8986233, 52.3903708 ], [ 4.8986265, 52.3903591 ], [ 4.9012746, 52.3906649 ], [ 4.9014463, 52.3906826 ], [ 4.9014629, 52.3906405 ], [ 4.9020044, 52.390694 ], [ 4.9031447, 52.3883834 ], [ 4.9060592, 52.3889039 ], [ 4.9059586, 52.3892351 ], [ 4.9059012, 52.3895279 ], [ 4.9058848, 52.3898226 ], [ 4.9059138, 52.3901176 ], [ 4.9059842, 52.390409 ], [ 4.906097, 52.3906961 ], [ 4.9062512, 52.3909754 ], [ 4.9064452, 52.3912458 ], [ 4.9066774, 52.3915047 ], [ 4.9074324, 52.3921908 ], [ 4.9085631, 52.3933278 ], [ 4.8960293, 52.3980661 ], [ 4.8955747, 52.3977236 ], [ 4.8948749, 52.3972183 ], [ 4.8939141, 52.3965609 ], [ 4.8931702, 52.3960797 ], [ 4.8926652, 52.3957657 ], [ 4.8915604, 52.3951131 ] ] ] } },
{ "type": "Feature", "properties": { "buurt_naam": "Buiksloterham-Noord", "stadsdeel": "Noord", "bevolking": 1620, "oppervlakte_km2": 0.4907, "bev_dichtheid": 3301.6 }, "geometry": { "type": "Polygon", "coordinates": [ [ [ 4.8960293, 52.3980661 ], [ 4.9085631, 52.3933278 ], [ 4.9095633, 52.3929498 ], [ 4.9108865, 52.3928581 ], [ 4.9127377, 52.3921456 ], [ 4.9128234, 52.3922439 ], [ 4.9128855, 52.3923475 ], [ 4.9129225, 52.3924564 ], [ 4.9129345, 52.392567 ], [ 4.9128498, 52.3932146 ], [ 4.9128067, 52.3933852 ], [ 4.9127463, 52.3935531 ], [ 4.912677, 52.3936957 ], [ 4.9125918, 52.3938401 ], [ 4.9119978, 52.3947086 ], [ 4.9106717, 52.396987 ], [ 4.9106061, 52.397074 ], [ 4.9105229, 52.3971536 ], [ 4.9104297, 52.3972233 ], [ 4.9103174, 52.3972884 ], [ 4.9102036, 52.3973393 ], [ 4.9091781, 52.3977423 ], [ 4.9030925, 52.4000418 ], [ 4.9001955, 52.4014752 ], [ 4.8969221, 52.3987734 ], [ 4.8960293, 52.3980661 ] ] ] } },
{ "type": "Feature", "properties": { "buurt_naam": "Klaprozenbuurt", "stadsdeel": "Noord", "bevolking": 105, "oppervlakte_km2": 0.202, "bev_dichtheid": 519.9 }, "geometry": { "type": "Polygon", "coordinates": [ [ [ 4.9001955, 52.4014752 ], [ 4.9030925, 52.4000418 ], [ 4.9091781, 52.3977423 ], [ 4.9098602, 52.3984002 ], [ 4.9098819, 52.3984327 ], [ 4.9098904, 52.3984731 ], [ 4.9098811, 52.3985136 ], [ 4.9091399, 52.3998048 ], [ 4.908922, 52.400948 ], [ 4.9088726, 52.4010233 ], [ 4.9087749, 52.4010796 ], [ 4.9083383, 52.4012332 ], [ 4.9040787, 52.4028545 ], [ 4.9039827, 52.4029071 ], [ 4.9038954, 52.402966 ], [ 4.9032191, 52.4035196 ], [ 4.902411, 52.4040528 ], [ 4.9021157, 52.4037838 ], [ 4.9008166, 52.4023045 ], [ 4.9002726, 52.4015393 ], [ 4.9001955, 52.4014752 ] ] ] } },
{ "type": "Feature", "properties": { "buurt_naam": "Overhoeks", "stadsdeel": "Noord", "bevolking": 4015, "oppervlakte_km2": 0.5112, "bev_dichtheid": 7853.5 }, "geometry": { "type": "Polygon", "coordinates": [ [ [ 4.9060592, 52.3889039 ], [ 4.9031447, 52.3883834 ], [ 4.9020044, 52.390694 ], [ 4.9014629, 52.3906405 ], [ 4.9014463, 52.3906826 ], [ 4.9012746, 52.3906649 ], [ 4.8986265, 52.3903591 ], [ 4.8986233, 52.3903708 ], [ 4.894675, 52.3899411 ], [ 4.895084, 52.3886917 ], [ 4.8956619, 52.3869227 ], [ 4.8958781, 52.3863619 ], [ 4.8962473, 52.3856489 ], [ 4.8967639, 52.3848871 ], [ 4.8973112, 52.384271 ], [ 4.8979156, 52.3836758 ], [ 4.8986643, 52.3830444 ], [ 4.8987723, 52.3829702 ], [ 4.8994796, 52.3824859 ], [ 4.9000605, 52.382155 ], [ 4.9060062, 52.3848404 ], [ 4.9061742, 52.3849274 ], [ 4.9063275, 52.385025 ], [ 4.9065079, 52.3851678 ], [ 4.9066213, 52.3852833 ], [ 4.9067155, 52.385405 ], [ 4.9071416, 52.38607 ], [ 4.9071916, 52.3861898 ], [ 4.9072128, 52.3862716 ], [ 4.9072237, 52.3863543 ], [ 4.9072193, 52.3864784 ], [ 4.9071931, 52.3866023 ], [ 4.9071614, 52.386683 ], [ 4.906073, 52.3888626 ], [ 4.9060592, 52.3889039 ] ] ] } },
{ "type": "Feature", "properties": { "buurt_naam": "Tuindorp Oostzaan-West", "stadsdeel": "Noord", "bevolking": 1145, "oppervlakte_km2": 0.1808, "bev_dichtheid": 6331.2 }, "geometry": { "type": "Polygon", "coordinates": [ [ [ 4.8792686, 52.4190867 ], [ 4.8784036, 52.419021 ], [ 4.8782436, 52.4189969 ], [ 4.8781455, 52.4189686 ], [ 4.8780123, 52.4189088 ], [ 4.8779394, 52.4188599 ], [ 4.8750292, 52.416543 ], [ 4.874993, 52.4163639 ], [ 4.8749961, 52.4162328 ], [ 4.8750148, 52.4161295 ], [ 4.8750467, 52.4160352 ], [ 4.8750995, 52.4159321 ], [ 4.8752263, 52.4157709 ], [ 4.8753984, 52.415626 ], [ 4.87561, 52.415502 ], [ 4.8779465, 52.4144004 ], [ 4.8779773, 52.4143996 ], [ 4.8781678, 52.4144588 ], [ 4.8781972, 52.4144563 ], [ 4.8791902, 52.4139922 ], [ 4.8792226, 52.4139924 ], [ 4.8793511, 52.41393 ], [ 4.8830223, 52.4168009 ], [ 4.8826779, 52.4169774 ], [ 4.8820963, 52.4175798 ], [ 4.8810499, 52.4180822 ], [ 4.8808207, 52.4182089 ], [ 4.8806208, 52.4183321 ], [ 4.8792686, 52.4190867 ] ] ] } },
{ "type": "Feature", "properties": { "buurt_naam": "Tuindorp Oostzaan-Oost", "stadsdeel": "Noord", "bevolking": 4120, "oppervlakte_km2": 0.5268, "bev_dichtheid": 7820.8 }, "geometry": { "type": "Polygon", "coordinates": [ [ [ 4.8793511, 52.41393 ], [ 4.8795507, 52.4138346 ], [ 4.8794502, 52.4137506 ], [ 4.8794154, 52.4137001 ], [ 4.8794116, 52.413648 ], [ 4.8794445, 52.4136024 ], [ 4.8798485, 52.4133614 ], [ 4.8801327, 52.4131918 ], [ 4.8805114, 52.4129787 ], [ 4.8818901, 52.4123167 ], [ 4.8818624, 52.4123031 ], [ 4.8823089, 52.4120723 ], [ 4.882885, 52.4118131 ], [ 4.884147, 52.4112119 ], [ 4.8849784, 52.4108497 ], [ 4.8858901, 52.4104265 ], [ 4.8859549, 52.4104089 ], [ 4.8860489, 52.410403 ], [ 4.8860853, 52.4103177 ], [ 4.8860986, 52.4103097 ], [ 4.8900657, 52.4084318 ], [ 4.8900968, 52.4084095 ], [ 4.8901162, 52.4083825 ], [ 4.8901138, 52.4083322 ], [ 4.89026, 52.4082699 ], [ 4.8903069, 52.4082791 ], [ 4.8903658, 52.4082713 ], [ 4.8905135, 52.4081963 ], [ 4.8919207, 52.4093105 ], [ 4.891986, 52.4093925 ], [ 4.8920312, 52.4095517 ], [ 4.8920893, 52.4096158 ], [ 4.89274, 52.4101775 ], [ 4.8934699, 52.4107549 ], [ 4.8937175, 52.4113581 ], [ 4.8938294, 52.4114691 ], [ 4.894176, 52.4117572 ], [ 4.8941929, 52.4118175 ], [ 4.8940396, 52.414115 ], [ 4.8940605, 52.4143424 ], [ 4.8941978, 52.4145552 ], [ 4.8942312, 52.4145859 ], [ 4.8959145, 52.4158951 ], [ 4.8951925, 52.4157869 ], [ 4.894808, 52.4155993 ], [ 4.894414, 52.415338 ], [ 4.8942765, 52.415278 ], [ 4.8941812, 52.4152579 ], [ 4.8935236, 52.4151761 ], [ 4.8934252, 52.4151747 ], [ 4.8933162, 52.415195 ], [ 4.892681, 52.4154845 ], [ 4.8925793, 52.4155092 ], [ 4.8924513, 52.415515 ], [ 4.889076, 52.4149085 ], [ 4.8881935, 52.4148311 ], [ 4.8876198, 52.4148754 ], [ 4.8861633, 52.4147301 ], [ 4.8860047, 52.4147249 ], [ 4.8859104, 52.4147353 ], [ 4.8858207, 52.4147556 ], [ 4.8857113, 52.4147964 ], [ 4.8856418, 52.4148367 ], [ 4.8847407, 52.4156201 ], [ 4.8845613, 52.415763 ], [ 4.8832694, 52.4166734 ], [ 4.8830223, 52.4168009 ], [ 4.8793511, 52.41393 ] ] ] } },
{ "type": "Feature", "properties": { "buurt_naam": "Terrasdorp", "stadsdeel": "Noord", "bevolking": 4125, "oppervlakte_km2": 0.6866, "bev_dichtheid": 6008.2 }, "geometry": { "type": "Polygon", "coordinates": [ [ [ 4.8905135, 52.4081963 ], [ 4.8916325, 52.4076151 ], [ 4.8923691, 52.4071894 ], [ 4.8925468, 52.4070662 ], [ 4.8926432, 52.4069856 ], [ 4.8927726, 52.4068532 ], [ 4.8928844, 52.4067036 ], [ 4.8929717, 52.4065304 ], [ 4.8930205, 52.406368 ], [ 4.8931721, 52.4051607 ], [ 4.8932221, 52.4050234 ], [ 4.8932759, 52.4049284 ], [ 4.8935129, 52.4046255 ], [ 4.8939311, 52.4044349 ], [ 4.8946146, 52.4041448 ], [ 4.9001955, 52.4014752 ], [ 4.9002726, 52.4015393 ], [ 4.9008166, 52.4023045 ], [ 4.9021157, 52.4037838 ], [ 4.8990323, 52.405167 ], [ 4.8993865, 52.405971 ], [ 4.8992966, 52.406127 ], [ 4.9020448, 52.4122939 ], [ 4.9000968, 52.4136996 ], [ 4.8988432, 52.4147469 ], [ 4.8978496, 52.4152901 ], [ 4.8959145, 52.4158951 ], [ 4.8942312, 52.4145859 ], [ 4.8941978, 52.4145552 ], [ 4.8940605, 52.4143424 ], [ 4.8940396, 52.414115 ], [ 4.8941929, 52.4118175 ], [ 4.894176, 52.4117572 ], [ 4.8938294, 52.4114691 ], [ 4.8937175, 52.4113581 ], [ 4.8934699, 52.4107549 ], [ 4.89274, 52.4101775 ], [ 4.8920893, 52.4096158 ], [ 4.8920312, 52.4095517 ], [ 4.891986, 52.4093925 ], [ 4.8919207, 52.4093105 ], [ 4.8905135, 52.4081963 ] ] ] } },
{ "type": "Feature", "properties": { "buurt_naam": "De Bongerd", "stadsdeel": "Noord", "bevolking": 3165, "oppervlakte_km2": 0.299, "bev_dichtheid": 10584.6 }, "geometry": { "type": "Polygon", "coordinates": [ [ [ 4.8992966, 52.406127 ], [ 4.8993865, 52.405971 ], [ 4.8990323, 52.405167 ], [ 4.9021157, 52.4037838 ], [ 4.902411, 52.4040528 ], [ 4.9026837, 52.4042562 ], [ 4.9052304, 52.4056004 ], [ 4.9060544, 52.4060404 ], [ 4.9063008, 52.4062167 ], [ 4.9064739, 52.4063783 ], [ 4.9066146, 52.4065515 ], [ 4.9073144, 52.4076148 ], [ 4.9073761, 52.4077543 ], [ 4.9073906, 52.4078981 ], [ 4.9073735, 52.4079987 ], [ 4.9073311, 52.408101 ], [ 4.9069509, 52.4086163 ], [ 4.9067499, 52.4088573 ], [ 4.9065714, 52.4090489 ], [ 4.9062804, 52.4093236 ], [ 4.9059943, 52.4095624 ], [ 4.9055514, 52.4098779 ], [ 4.9046447, 52.4104054 ], [ 4.9020448, 52.4122939 ], [ 4.8992966, 52.406127 ] ] ] } },
{ "type": "Feature", "properties": { "buurt_naam": "Twiske-Oost", "stadsdeel": "Noord", "bevolking": 1115, "oppervlakte_km2": 0.1899, "bev_dichtheid": 5872.6 }, "geometry": { "type": "Polygon", "coordinates": [ [ [ 4.8987657, 52.4241987 ], [ 4.8986075, 52.4220232 ], [ 4.8985964, 52.4215557 ], [ 4.8986675, 52.4211085 ], [ 4.8985721, 52.4205688 ], [ 4.8985807, 52.4205688 ], [ 4.9000069, 52.4205495 ], [ 4.9018934, 52.420506 ], [ 4.9029388, 52.420078 ], [ 4.9032957, 52.4199796 ], [ 4.9034034, 52.4199397 ], [ 4.9036998, 52.4198501 ], [ 4.9038584, 52.4198552 ], [ 4.9041471, 52.4199498 ], [ 4.9044496, 52.4201201 ], [ 4.9063156, 52.4201905 ], [ 4.906618, 52.4203643 ], [ 4.9070526, 52.4201432 ], [ 4.9071329, 52.4200554 ], [ 4.9071589, 52.4199557 ], [ 4.9073783, 52.4200663 ], [ 4.9074819, 52.4201494 ], [ 4.9078659, 52.42079 ], [ 4.9079133, 52.4208863 ], [ 4.9079694, 52.420874 ], [ 4.9080081, 52.4209577 ], [ 4.9080715, 52.4210775 ], [ 4.9080887, 52.4211252 ], [ 4.9076201, 52.4212266 ], [ 4.9075375, 52.4212479 ], [ 4.906332, 52.4218111 ], [ 4.9059949, 52.4219832 ], [ 4.9059343, 52.4220171 ], [ 4.9057052, 52.4221257 ], [ 4.905677, 52.4221436 ], [ 4.9056461, 52.4221534 ], [ 4.9053891, 52.4222593 ], [ 4.9052887, 52.4223092 ], [ 4.9051794, 52.4223528 ], [ 4.9050628, 52.4224072 ], [ 4.9049933, 52.4224338 ], [ 4.9049446, 52.4224597 ], [ 4.9047378, 52.4225424 ], [ 4.9046476, 52.4225852 ], [ 4.9043729, 52.4226983 ], [ 4.9041337, 52.4228034 ], [ 4.9037513, 52.4229572 ], [ 4.9036597, 52.4229973 ], [ 4.9033425, 52.4231111 ], [ 4.9029511, 52.4232614 ], [ 4.9029201, 52.4232703 ], [ 4.9027785, 52.4233236 ], [ 4.9022901, 52.4234887 ], [ 4.9022282, 52.4235065 ], [ 4.9018932, 52.4236237 ], [ 4.9014684, 52.423756 ], [ 4.9011291, 52.4238534 ], [ 4.9010996, 52.4238668 ], [ 4.9010317, 52.4238853 ], [ 4.9009668, 52.4239085 ], [ 4.900893, 52.423927 ], [ 4.9008414, 52.4239457 ], [ 4.9007633, 52.4239651 ], [ 4.9005286, 52.4240424 ], [ 4.9004772, 52.4240538 ], [ 4.9003266, 52.4241018 ], [ 4.9002736, 52.4241133 ], [ 4.9002336, 52.4241284 ], [ 4.9000642, 52.4241762 ], [ 4.8999477, 52.4242045 ], [ 4.899899, 52.4242205 ], [ 4.8998564, 52.4242284 ], [ 4.8997648, 52.4242568 ], [ 4.8996691, 52.4242806 ], [ 4.8996174, 52.4242966 ], [ 4.8994951, 52.4243213 ], [ 4.8993608, 52.4243593 ], [ 4.899274, 52.4243788 ], [ 4.8987478, 52.4244907 ], [ 4.8987467, 52.424462 ], [ 4.8987657, 52.4241987 ] ] ] } },
{ "type": "Feature", "properties": { "buurt_naam": "Kadoelen", "stadsdeel": "Noord", "bevolking": 2455, "oppervlakte_km2": 1.3004, "bev_dichtheid": 1887.9 }, "geometry": { "type": "Polygon", "coordinates": [ [ [ 4.8978496, 52.4152901 ], [ 4.8988432, 52.4147469 ], [ 4.9000968, 52.4136996 ], [ 4.9020448, 52.4122939 ], [ 4.9046447, 52.4104054 ], [ 4.9055514, 52.4098779 ], [ 4.9059943, 52.4095624 ], [ 4.9062804, 52.4093236 ], [ 4.9065714, 52.4090489 ], [ 4.9067499, 52.4088573 ], [ 4.9069509, 52.4086163 ], [ 4.9073311, 52.408101 ], [ 4.9073735, 52.4079987 ], [ 4.9073906, 52.4078981 ], [ 4.9090413, 52.4080162 ], [ 4.9106009, 52.4093374 ], [ 4.9114593, 52.4095934 ], [ 4.9126256, 52.4100771 ], [ 4.9127562, 52.4102304 ], [ 4.9153334, 52.4123635 ], [ 4.9174531, 52.4141389 ], [ 4.9192587, 52.4156182 ], [ 4.9198267, 52.4160994 ], [ 4.9204563, 52.4166079 ], [ 4.9204474, 52.4166132 ], [ 4.9204314, 52.4166159 ], [ 4.9202712, 52.4166144 ], [ 4.9202665, 52.4166197 ], [ 4.9202268, 52.4166331 ], [ 4.9201278, 52.4166803 ], [ 4.919967, 52.4167408 ], [ 4.9198873, 52.4167755 ], [ 4.9197899, 52.4168021 ], [ 4.919675, 52.4168439 ], [ 4.9195848, 52.4168876 ], [ 4.9194578, 52.4169419 ], [ 4.919381, 52.4169784 ], [ 4.9191226, 52.417087 ], [ 4.9189749, 52.4171548 ], [ 4.9189055, 52.4171805 ], [ 4.9187946, 52.4172322 ], [ 4.918712, 52.4172598 ], [ 4.9184833, 52.4173605 ], [ 4.9184034, 52.4174024 ], [ 4.91834, 52.4174291 ], [ 4.9182024, 52.4174951 ], [ 4.9181038, 52.4175306 ], [ 4.9178659, 52.4176348 ], [ 4.9177685, 52.4176731 ], [ 4.9176311, 52.4177391 ], [ 4.9175454, 52.4177738 ], [ 4.9173992, 52.4178416 ], [ 4.9171601, 52.4179376 ], [ 4.916822, 52.4180854 ], [ 4.9167512, 52.4181112 ], [ 4.9163094, 52.4183118 ], [ 4.9162724, 52.4183268 ], [ 4.916184, 52.4183552 ], [ 4.9161338, 52.4183757 ], [ 4.9160011, 52.4184309 ], [ 4.9157381, 52.4185495 ], [ 4.9156967, 52.4185645 ], [ 4.915573, 52.4185902 ], [ 4.9155038, 52.4186006 ], [ 4.9153935, 52.4186056 ], [ 4.9150169, 52.4186401 ], [ 4.9149344, 52.4186514 ], [ 4.9147549, 52.418666 ], [ 4.9147093, 52.4186756 ], [ 4.9146523, 52.418501 ], [ 4.9146215, 52.4185018 ], [ 4.9145935, 52.4184909 ], [ 4.9145332, 52.4184987 ], [ 4.914051, 52.4184959 ], [ 4.9139406, 52.4185324 ], [ 4.9138121, 52.4185804 ], [ 4.9135997, 52.4186542 ], [ 4.913269, 52.4187859 ], [ 4.9131289, 52.4188338 ], [ 4.9128692, 52.4189317 ], [ 4.9118846, 52.4193133 ], [ 4.9114343, 52.4194903 ], [ 4.9109634, 52.4196799 ], [ 4.9096238, 52.4202686 ], [ 4.9086826, 52.4207159 ], [ 4.9085586, 52.4207496 ], [ 4.9079694, 52.420874 ], [ 4.9079133, 52.4208863 ], [ 4.9078659, 52.42079 ], [ 4.9074819, 52.4201494 ], [ 4.9073783, 52.4200663 ], [ 4.9071589, 52.4199557 ], [ 4.9071329, 52.4200554 ], [ 4.9070526, 52.4201432 ], [ 4.906618, 52.4203643 ], [ 4.9063156, 52.4201905 ], [ 4.9044496, 52.4201201 ], [ 4.9041471, 52.4199498 ], [ 4.9038584, 52.4198552 ], [ 4.9036998, 52.4198501 ], [ 4.9034034, 52.4199397 ], [ 4.9032957, 52.4199796 ], [ 4.9029388, 52.420078 ], [ 4.9018934, 52.420506 ], [ 4.9000069, 52.4205495 ], [ 4.8985807, 52.4205688 ], [ 4.898492, 52.4191493 ], [ 4.8984977, 52.4186298 ], [ 4.8984456, 52.4182953 ], [ 4.898401, 52.4176714 ], [ 4.8982482, 52.4168672 ], [ 4.8982337, 52.4168358 ], [ 4.8982776, 52.4167362 ], [ 4.8983638, 52.4166431 ], [ 4.8983789, 52.4165973 ], [ 4.8983721, 52.4165604 ], [ 4.8983169, 52.4164892 ], [ 4.8980785, 52.4162537 ], [ 4.8980554, 52.4162176 ], [ 4.8981381, 52.4161846 ], [ 4.8980612, 52.416098 ], [ 4.8979754, 52.4158812 ], [ 4.8978496, 52.4152901 ] ] ] } },
{ "type": "Feature", "properties": { "buurt_naam": "Banne-Noordwest", "stadsdeel": "Noord", "bevolking": 2590, "oppervlakte_km2": 0.3396, "bev_dichtheid": 7627.6 }, "geometry": { "type": "Polygon", "coordinates": [ [ [ 4.9127562, 52.4102304 ], [ 4.9151988, 52.4091256 ], [ 4.9177523, 52.4079378 ], [ 4.9189069, 52.4074255 ], [ 4.9200096, 52.4083565 ], [ 4.9200749, 52.4084224 ], [ 4.9201553, 52.4084722 ], [ 4.9202796, 52.4085337 ], [ 4.9205406, 52.4087333 ], [ 4.9207133, 52.4089336 ], [ 4.9207907, 52.4089851 ], [ 4.9209164, 52.4090494 ], [ 4.9211309, 52.4091913 ], [ 4.9212412, 52.4093194 ], [ 4.921331, 52.4094564 ], [ 4.9214787, 52.4095271 ], [ 4.921543, 52.4095677 ], [ 4.9217188, 52.4097473 ], [ 4.9218121, 52.4098295 ], [ 4.9219345, 52.4099216 ], [ 4.9220282, 52.4099678 ], [ 4.9222293, 52.4101285 ], [ 4.9222424, 52.4101421 ], [ 4.9222374, 52.4101924 ], [ 4.9223949, 52.4102999 ], [ 4.922466, 52.4103982 ], [ 4.9225462, 52.4104507 ], [ 4.9229397, 52.4107766 ], [ 4.922976, 52.410819 ], [ 4.9230175, 52.41107 ], [ 4.9226689, 52.4112267 ], [ 4.9224923, 52.4116691 ], [ 4.92216, 52.4118188 ], [ 4.9218356, 52.4119227 ], [ 4.9197255, 52.4128726 ], [ 4.9199833, 52.4132357 ], [ 4.9227519, 52.4155303 ], [ 4.922061, 52.415808 ], [ 4.9219384, 52.4158723 ], [ 4.9217184, 52.4159693 ], [ 4.9214584, 52.416095 ], [ 4.9213712, 52.4161297 ], [ 4.921268, 52.4161662 ], [ 4.9211069, 52.4162437 ], [ 4.9208974, 52.4163283 ], [ 4.9208516, 52.4163533 ], [ 4.9208041, 52.4163882 ], [ 4.9207284, 52.4164553 ], [ 4.9206868, 52.4164982 ], [ 4.9206632, 52.4165062 ], [ 4.9206148, 52.4165078 ], [ 4.9205543, 52.4165174 ], [ 4.9205439, 52.4165246 ], [ 4.9205333, 52.4165525 ], [ 4.9205214, 52.4165659 ], [ 4.9204563, 52.4166079 ], [ 4.9198267, 52.4160994 ], [ 4.9192587, 52.4156182 ], [ 4.9174531, 52.4141389 ], [ 4.9153334, 52.4123635 ], [ 4.9127562, 52.4102304 ] ] ] } },
{ "type": "Feature", "properties": { "buurt_naam": "Banne-Noordoost", "stadsdeel": "Noord", "bevolking": 3545, "oppervlakte_km2": 0.4544, "bev_dichtheid": 7802.0 }, "geometry": { "type": "Polygon", "coordinates": [ [ [ 4.9189069, 52.4074255 ], [ 4.9232078, 52.4055155 ], [ 4.9239914, 52.405195 ], [ 4.9245253, 52.4049939 ], [ 4.9250697, 52.404802 ], [ 4.925153, 52.4052651 ], [ 4.9251558, 52.4064129 ], [ 4.9252467, 52.4067214 ], [ 4.9254067, 52.4070196 ], [ 4.925592, 52.4072836 ], [ 4.9257545, 52.4074811 ], [ 4.9268438, 52.4084452 ], [ 4.9272213, 52.4087415 ], [ 4.9281867, 52.4093266 ], [ 4.9285466, 52.4097558 ], [ 4.9290267, 52.4103823 ], [ 4.9294687, 52.4108469 ], [ 4.9296581, 52.411013 ], [ 4.9297994, 52.4111331 ], [ 4.929957, 52.411247 ], [ 4.9301277, 52.4113519 ], [ 4.9303136, 52.411447 ], [ 4.9305125, 52.4115331 ], [ 4.9307219, 52.4116084 ], [ 4.9304113, 52.4119434 ], [ 4.9303907, 52.4120818 ], [ 4.9303437, 52.4120896 ], [ 4.9302625, 52.4121181 ], [ 4.9301784, 52.4121528 ], [ 4.9300971, 52.4121965 ], [ 4.9300647, 52.4122063 ], [ 4.9299702, 52.41225 ], [ 4.9299363, 52.4122589 ], [ 4.9298683, 52.4122973 ], [ 4.9298123, 52.412315 ], [ 4.9297207, 52.4123552 ], [ 4.9296573, 52.4123754 ], [ 4.9295893, 52.4124139 ], [ 4.9294757, 52.4124502 ], [ 4.9294019, 52.4124833 ], [ 4.9293383, 52.412518 ], [ 4.9292453, 52.4125581 ], [ 4.929204, 52.4125805 ], [ 4.9291183, 52.4126116 ], [ 4.9290343, 52.4126518 ], [ 4.9289205, 52.4126998 ], [ 4.92886, 52.4127292 ], [ 4.9287786, 52.4127775 ], [ 4.9287255, 52.4127998 ], [ 4.928662, 52.4128336 ], [ 4.9284463, 52.4129325 ], [ 4.9283871, 52.4129646 ], [ 4.9282736, 52.4130074 ], [ 4.928216, 52.4130368 ], [ 4.9281731, 52.4130546 ], [ 4.9281098, 52.4130751 ], [ 4.9280463, 52.413109 ], [ 4.9279428, 52.4131535 ], [ 4.9278764, 52.4131892 ], [ 4.9276049, 52.4132915 ], [ 4.9274822, 52.4133575 ], [ 4.9273122, 52.4134387 ], [ 4.9272297, 52.4134698 ], [ 4.9269566, 52.4135892 ], [ 4.9268812, 52.4136177 ], [ 4.9267898, 52.4136632 ], [ 4.9266834, 52.4137077 ], [ 4.9266391, 52.4137309 ], [ 4.9265637, 52.4137629 ], [ 4.9264929, 52.4138004 ], [ 4.926354, 52.4138592 ], [ 4.9261886, 52.4139349 ], [ 4.9261325, 52.4139653 ], [ 4.9259642, 52.4140419 ], [ 4.9258387, 52.4140944 ], [ 4.9257811, 52.4141248 ], [ 4.9257397, 52.4141408 ], [ 4.9256969, 52.4141532 ], [ 4.9255449, 52.4142128 ], [ 4.9255021, 52.414236 ], [ 4.9254767, 52.4142683 ], [ 4.9251859, 52.4144038 ], [ 4.9250836, 52.4144699 ], [ 4.92441, 52.4147944 ], [ 4.9234633, 52.4152437 ], [ 4.9227519, 52.4155303 ], [ 4.9199833, 52.4132357 ], [ 4.9197255, 52.4128726 ], [ 4.9218356, 52.4119227 ], [ 4.92216, 52.4118188 ], [ 4.9224923, 52.4116691 ], [ 4.9226689, 52.4112267 ], [ 4.9230175, 52.41107 ], [ 4.922976, 52.410819 ], [ 4.9229397, 52.4107766 ], [ 4.9225462, 52.4104507 ], [ 4.922466, 52.4103982 ], [ 4.9223949, 52.4102999 ], [ 4.9222374, 52.4101924 ], [ 4.9222424, 52.4101421 ], [ 4.9222293, 52.4101285 ], [ 4.9220282, 52.4099678 ], [ 4.9219345, 52.4099216 ], [ 4.9218121, 52.4098295 ], [ 4.9217188, 52.4097473 ], [ 4.921543, 52.4095677 ], [ 4.9214787, 52.4095271 ], [ 4.921331, 52.4094564 ], [ 4.9212412, 52.4093194 ], [ 4.9211309, 52.4091913 ], [ 4.9209164, 52.4090494 ], [ 4.9207907, 52.4089851 ], [ 4.9207133, 52.4089336 ], [ 4.9205406, 52.4087333 ], [ 4.9202796, 52.4085337 ], [ 4.9201553, 52.4084722 ], [ 4.9200749, 52.4084224 ], [ 4.9200096, 52.4083565 ], [ 4.9189069, 52.4074255 ] ] ] } },
{ "type": "Feature", "properties": { "buurt_naam": "Banne-Zuidwest", "stadsdeel": "Noord", "bevolking": 3690, "oppervlakte_km2": 0.3715, "bev_dichtheid": 9934.0 }, "geometry": { "type": "Polygon", "coordinates": [ [ [ 4.9052304, 52.4056004 ], [ 4.906223, 52.4048619 ], [ 4.9051694, 52.4043103 ], [ 4.9050937, 52.4042526 ], [ 4.9047386, 52.4039177 ], [ 4.9047113, 52.4038681 ], [ 4.9047001, 52.4038159 ], [ 4.9047051, 52.4037585 ], [ 4.9047277, 52.4037082 ], [ 4.9048006, 52.403624 ], [ 4.9049104, 52.4035246 ], [ 4.9050112, 52.4034514 ], [ 4.9051502, 52.4033684 ], [ 4.9052108, 52.403338 ], [ 4.9073179, 52.4025261 ], [ 4.907924, 52.4026102 ], [ 4.9096075, 52.4030403 ], [ 4.9107602, 52.4025794 ], [ 4.9110286, 52.4024916 ], [ 4.9113865, 52.402395 ], [ 4.911989, 52.4030886 ], [ 4.912487, 52.4033826 ], [ 4.9127014, 52.4036603 ], [ 4.9129322, 52.4039335 ], [ 4.9131791, 52.4042015 ], [ 4.9135805, 52.4045923 ], [ 4.9137218, 52.4047186 ], [ 4.9157712, 52.4064227 ], [ 4.9132905, 52.407539 ], [ 4.9151988, 52.4091256 ], [ 4.9127562, 52.4102304 ], [ 4.9126256, 52.4100771 ], [ 4.9114593, 52.4095934 ], [ 4.9106009, 52.4093374 ], [ 4.9090413, 52.4080162 ], [ 4.9073906, 52.4078981 ], [ 4.9073761, 52.4077543 ], [ 4.9073144, 52.4076148 ], [ 4.9066146, 52.4065515 ], [ 4.9064739, 52.4063783 ], [ 4.9063008, 52.4062167 ], [ 4.9060544, 52.4060404 ], [ 4.9052304, 52.4056004 ] ] ] } },
{ "type": "Feature", "properties": { "buurt_naam": "Banne-Zuidoost", "stadsdeel": "Noord", "bevolking": 4245, "oppervlakte_km2": 0.5234, "bev_dichtheid": 8110.3 }, "geometry": { "type": "Polygon", "coordinates": [ [ [ 4.9113865, 52.402395 ], [ 4.9147288, 52.401497 ], [ 4.917595, 52.4009952 ], [ 4.9189196, 52.4006454 ], [ 4.91922, 52.4005819 ], [ 4.9198698, 52.4004038 ], [ 4.9199686, 52.4003718 ], [ 4.9215074, 52.3997756 ], [ 4.9221079, 52.3992577 ], [ 4.9221958, 52.3992912 ], [ 4.9223111, 52.3993546 ], [ 4.9224392, 52.3994549 ], [ 4.9225322, 52.3995676 ], [ 4.9227196, 52.40006 ], [ 4.9228311, 52.4004919 ], [ 4.922935, 52.4008122 ], [ 4.9231025, 52.4012388 ], [ 4.9238018, 52.4022419 ], [ 4.9249833, 52.4043406 ], [ 4.9250697, 52.404802 ], [ 4.9245253, 52.4049939 ], [ 4.9239914, 52.405195 ], [ 4.9232078, 52.4055155 ], [ 4.9189069, 52.4074255 ], [ 4.9177523, 52.4079378 ], [ 4.9151988, 52.4091256 ], [ 4.9132905, 52.407539 ], [ 4.9157712, 52.4064227 ], [ 4.9137218, 52.4047186 ], [ 4.9135805, 52.4045923 ], [ 4.9131791, 52.4042015 ], [ 4.9129322, 52.4039335 ], [ 4.9127014, 52.4036603 ], [ 4.912487, 52.4033826 ], [ 4.911989, 52.4030886 ], [ 4.9113865, 52.402395 ] ] ] } },
{ "type": "Feature", "properties": { "buurt_naam": "Buiksloterbreek", "stadsdeel": "Noord", "bevolking": 305, "oppervlakte_km2": 0.0993, "bev_dichtheid": 3070.0 }, "geometry": { "type": "Polygon", "coordinates": [ [ [ 4.902411, 52.4040528 ], [ 4.9032191, 52.4035196 ], [ 4.9038954, 52.402966 ], [ 4.9039827, 52.4029071 ], [ 4.9040787, 52.4028545 ], [ 4.9083383, 52.4012332 ], [ 4.9087749, 52.4010796 ], [ 4.9088726, 52.4010233 ], [ 4.908922, 52.400948 ], [ 4.9094511, 52.4009223 ], [ 4.9098042, 52.400894 ], [ 4.9103263, 52.400835 ], [ 4.9106722, 52.4007851 ], [ 4.910688, 52.4010827 ], [ 4.9107514, 52.4013427 ], [ 4.9109103, 52.4017334 ], [ 4.9111254, 52.4020875 ], [ 4.9113865, 52.402395 ], [ 4.9110286, 52.4024916 ], [ 4.9107602, 52.4025794 ], [ 4.9096075, 52.4030403 ], [ 4.907924, 52.4026102 ], [ 4.9073179, 52.4025261 ], [ 4.9052108, 52.403338 ], [ 4.9051502, 52.4033684 ], [ 4.9050112, 52.4034514 ], [ 4.9049104, 52.4035246 ], [ 4.9048006, 52.403624 ], [ 4.9047277, 52.4037082 ], [ 4.9047051, 52.4037585 ], [ 4.9047001, 52.4038159 ], [ 4.9047113, 52.4038681 ], [ 4.9047386, 52.4039177 ], [ 4.9050937, 52.4042526 ], [ 4.9051694, 52.4043103 ], [ 4.906223, 52.4048619 ], [ 4.9052304, 52.4056004 ], [ 4.9026837, 52.4042562 ], [ 4.902411, 52.4040528 ] ] ] } },
{ "type": "Feature", "properties": { "buurt_naam": "Marjoleinterrein", "stadsdeel": "Noord", "bevolking": 340, "oppervlakte_km2": 0.0346, "bev_dichtheid": 9832.6 }, "geometry": { "type": "Polygon", "coordinates": [ [ [ 4.9106722, 52.4007851 ], [ 4.9132547, 52.4008341 ], [ 4.9133135, 52.4008289 ], [ 4.9134389, 52.4007971 ], [ 4.9135652, 52.4007787 ], [ 4.9136373, 52.4007772 ], [ 4.9137504, 52.4007875 ], [ 4.9139988, 52.4007697 ], [ 4.9148365, 52.4009007 ], [ 4.914796, 52.4011126 ], [ 4.9148048, 52.4011136 ], [ 4.9147517, 52.4012805 ], [ 4.9147288, 52.401497 ], [ 4.9113865, 52.402395 ], [ 4.9111254, 52.4020875 ], [ 4.9109103, 52.4017334 ], [ 4.9107514, 52.4013427 ], [ 4.910688, 52.4010827 ], [ 4.9106722, 52.4007851 ] ] ] } },
{ "type": "Feature", "properties": { "buurt_naam": "Buiksloterdijk-West", "stadsdeel": "Noord", "bevolking": 170, "oppervlakte_km2": 0.0263, "bev_dichtheid": 6454.1 }, "geometry": { "type": "Polygon", "coordinates": [ [ [ 4.917595, 52.4009952 ], [ 4.9147288, 52.401497 ], [ 4.9147517, 52.4012805 ], [ 4.9148048, 52.4011136 ], [ 4.914796, 52.4011126 ], [ 4.9148365, 52.4009007 ], [ 4.9151535, 52.4009424 ], [ 4.9154399, 52.4009471 ], [ 4.9156576, 52.4009264 ], [ 4.9160992, 52.400858 ], [ 4.9164983, 52.4007733 ], [ 4.9195815, 52.4000207 ], [ 4.9197688, 52.3999603 ], [ 4.9199148, 52.3998944 ], [ 4.9208062, 52.3993954 ], [ 4.9209253, 52.3993761 ], [ 4.9211296, 52.399377 ], [ 4.9212135, 52.3993584 ], [ 4.9212666, 52.399338 ], [ 4.9213287, 52.3992959 ], [ 4.9214238, 52.399211 ], [ 4.9215441, 52.3990748 ], [ 4.9221079, 52.3992577 ], [ 4.9215074, 52.3997756 ], [ 4.9199686, 52.4003718 ], [ 4.9198698, 52.4004038 ], [ 4.91922, 52.4005819 ], [ 4.9189196, 52.4006454 ], [ 4.917595, 52.4009952 ] ] ] } },
{ "type": "Feature", "properties": { "buurt_naam": "Buiksloterdijk-Oost", "stadsdeel": "Noord", "bevolking": 135, "oppervlakte_km2": 0.0268, "bev_dichtheid": 5046.0 }, "geometry": { "type": "Polygon", "coordinates": [ [ [ 4.9215441, 52.3990748 ], [ 4.9222887, 52.3982716 ], [ 4.9225103, 52.3980127 ], [ 4.9226295, 52.3978406 ], [ 4.923056, 52.3970981 ], [ 4.9232487, 52.3966674 ], [ 4.9235255, 52.3959054 ], [ 4.9235504, 52.3956324 ], [ 4.9236316, 52.395444 ], [ 4.9236854, 52.3952195 ], [ 4.923914, 52.394433 ], [ 4.9242125, 52.3948404 ], [ 4.9245474, 52.3952641 ], [ 4.9248375, 52.3956176 ], [ 4.9238379, 52.3968018 ], [ 4.9236045, 52.397191 ], [ 4.923103, 52.3980841 ], [ 4.9227502, 52.3986752 ], [ 4.9223111, 52.3993546 ], [ 4.9221958, 52.3992912 ], [ 4.9221079, 52.3992577 ], [ 4.9215441, 52.3990748 ] ] ] } },
{ "type": "Feature", "properties": { "buurt_naam": "Nieuwendammerdijk-West", "stadsdeel": "Noord", "bevolking": 1020, "oppervlakte_km2": 0.1173, "bev_dichtheid": 8696.9 }, "geometry": { "type": "Polygon", "coordinates": [ [ [ 4.923914, 52.394433 ], [ 4.9240815, 52.3938594 ], [ 4.9241055, 52.3938145 ], [ 4.9241484, 52.3937805 ], [ 4.9242694, 52.3937369 ], [ 4.9241122, 52.3934613 ], [ 4.9246111, 52.3913917 ], [ 4.9246325, 52.3913189 ], [ 4.9246531, 52.3913064 ], [ 4.924609, 52.391185 ], [ 4.9246078, 52.3911526 ], [ 4.9246333, 52.3911087 ], [ 4.9247583, 52.3906679 ], [ 4.9250605, 52.3906987 ], [ 4.9251811, 52.3906965 ], [ 4.9264439, 52.3908964 ], [ 4.9264439, 52.3908901 ], [ 4.9270144, 52.3909732 ], [ 4.9277744, 52.3910732 ], [ 4.9285977, 52.3911501 ], [ 4.9292331, 52.3912046 ], [ 4.9303401, 52.3912817 ], [ 4.9315455, 52.3913475 ], [ 4.9315454, 52.3913529 ], [ 4.9316687, 52.3913596 ], [ 4.9327453, 52.3913889 ], [ 4.9329318, 52.391387 ], [ 4.9329334, 52.3913761 ], [ 4.9330596, 52.3913848 ], [ 4.9330564, 52.3914099 ], [ 4.9332193, 52.3914276 ], [ 4.9334075, 52.3914113 ], [ 4.9334161, 52.3914499 ], [ 4.9335527, 52.3914379 ], [ 4.9335428, 52.3914001 ], [ 4.9337238, 52.3913792 ], [ 4.9337649, 52.3913686 ], [ 4.9340854, 52.3913455 ], [ 4.9340924, 52.3913815 ], [ 4.9342085, 52.3913784 ], [ 4.9348074, 52.3912808 ], [ 4.9384043, 52.3907732 ], [ 4.939629, 52.3899447 ], [ 4.9404534, 52.3902021 ], [ 4.9407517, 52.3907865 ], [ 4.9408263, 52.3909594 ], [ 4.9410305, 52.3912486 ], [ 4.9407524, 52.391307 ], [ 4.9403225, 52.3913817 ], [ 4.9402225, 52.3914093 ], [ 4.9395971, 52.3915129 ], [ 4.9394868, 52.3915286 ], [ 4.9394357, 52.3914898 ], [ 4.9386187, 52.3916449 ], [ 4.9383189, 52.3918047 ], [ 4.938012, 52.3919491 ], [ 4.9368835, 52.3924121 ], [ 4.9366419, 52.3924796 ], [ 4.9359163, 52.3926044 ], [ 4.9357498, 52.3926524 ], [ 4.9356539, 52.3926996 ], [ 4.9350213, 52.3930819 ], [ 4.9343888, 52.3930021 ], [ 4.9341481, 52.3929913 ], [ 4.9338967, 52.3929949 ], [ 4.9331915, 52.3925662 ], [ 4.9334785, 52.3923714 ], [ 4.9337285, 52.3924892 ], [ 4.9339363, 52.3922905 ], [ 4.9337493, 52.3921836 ], [ 4.9337407, 52.392153 ], [ 4.9334661, 52.3920037 ], [ 4.9332529, 52.3918735 ], [ 4.9332446, 52.3918438 ], [ 4.9323883, 52.3918046 ], [ 4.9323789, 52.3918584 ], [ 4.9317843, 52.3918292 ], [ 4.9300931, 52.3917212 ], [ 4.9287602, 52.3916234 ], [ 4.9287223, 52.3916027 ], [ 4.9274158, 52.3915149 ], [ 4.9274328, 52.3914413 ], [ 4.9251437, 52.391179 ], [ 4.9250473, 52.3915497 ], [ 4.9247156, 52.3926512 ], [ 4.9246266, 52.3930086 ], [ 4.9242125, 52.3948404 ], [ 4.923914, 52.394433 ] ] ] } },
{ "type": "Feature", "properties": { "buurt_naam": "Nieuwendammerdijk-Oost", "stadsdeel": "Noord", "bevolking": 345, "oppervlakte_km2": 0.0791, "bev_dichtheid": 4362.2 }, "geometry": { "type": "Polygon", "coordinates": [ [ [ 4.938963, 52.3882436 ], [ 4.940219, 52.3886896 ], [ 4.9403613, 52.3888446 ], [ 4.9427767, 52.3896833 ], [ 4.9429566, 52.3897702 ], [ 4.9431506, 52.3899013 ], [ 4.9435803, 52.3896889 ], [ 4.9437767, 52.3895738 ], [ 4.9439556, 52.3894567 ], [ 4.9440873, 52.3893619 ], [ 4.9448738, 52.3887205 ], [ 4.945075, 52.3885684 ], [ 4.9461264, 52.3878614 ], [ 4.946903, 52.3873053 ], [ 4.9490505, 52.385833 ], [ 4.9496792, 52.3858209 ], [ 4.9499716, 52.3858229 ], [ 4.9506336, 52.3858559 ], [ 4.9508699, 52.3858801 ], [ 4.951062, 52.3859132 ], [ 4.9512408, 52.385956 ], [ 4.9524285, 52.3863092 ], [ 4.9524289, 52.3867208 ], [ 4.9520723, 52.3866917 ], [ 4.9498095, 52.3866222 ], [ 4.9492444, 52.386728 ], [ 4.9483183, 52.3867767 ], [ 4.9480874, 52.3868253 ], [ 4.9480977, 52.3868343 ], [ 4.9479429, 52.3868778 ], [ 4.9478172, 52.3869689 ], [ 4.9479252, 52.3870394 ], [ 4.9477277, 52.3871025 ], [ 4.9475999, 52.3871074 ], [ 4.9475439, 52.3871216 ], [ 4.9464937, 52.3878637 ], [ 4.9463175, 52.3879979 ], [ 4.9459041, 52.3883531 ], [ 4.9450365, 52.3890356 ], [ 4.9449689, 52.3891855 ], [ 4.9447415, 52.3893059 ], [ 4.9444759, 52.3895666 ], [ 4.944365, 52.3896497 ], [ 4.9441109, 52.3897934 ], [ 4.9437166, 52.3899996 ], [ 4.9434922, 52.3901101 ], [ 4.9428445, 52.3903981 ], [ 4.9421726, 52.390889 ], [ 4.9419229, 52.3910344 ], [ 4.9418064, 52.3910826 ], [ 4.9416708, 52.3911226 ], [ 4.9411881, 52.3912115 ], [ 4.9410305, 52.3912486 ], [ 4.9408263, 52.3909594 ], [ 4.9407517, 52.3907865 ], [ 4.9404534, 52.3902021 ], [ 4.939629, 52.3899447 ], [ 4.938963, 52.3882436 ] ] ] } },
{ "type": "Feature", "properties": { "buurt_naam": "Nieuwendammerdijk-Zuid", "stadsdeel": "Noord", "bevolking": 5, "oppervlakte_km2": 0.1821, "bev_dichtheid": 27.5 }, "geometry": { "type": "Polygon", "coordinates": [ [ [ 4.9383716, 52.386734 ], [ 4.9445342, 52.3856391 ], [ 4.9447383, 52.3860974 ], [ 4.9452266, 52.3860228 ], [ 4.945534, 52.3859854 ], [ 4.945721, 52.3859402 ], [ 4.9459318, 52.3858592 ], [ 4.9467644, 52.3857383 ], [ 4.9468554, 52.3857422 ], [ 4.946939, 52.3857641 ], [ 4.9470046, 52.3858029 ], [ 4.9470599, 52.3858697 ], [ 4.9471006, 52.3859013 ], [ 4.947168, 52.3859285 ], [ 4.9472544, 52.3859423 ], [ 4.9481673, 52.3858729 ], [ 4.9490505, 52.385833 ], [ 4.946903, 52.3873053 ], [ 4.9461264, 52.3878614 ], [ 4.945075, 52.3885684 ], [ 4.9448738, 52.3887205 ], [ 4.9440873, 52.3893619 ], [ 4.9439556, 52.3894567 ], [ 4.9437767, 52.3895738 ], [ 4.9435803, 52.3896889 ], [ 4.9431506, 52.3899013 ], [ 4.9429566, 52.3897702 ], [ 4.9427767, 52.3896833 ], [ 4.9403613, 52.3888446 ], [ 4.940219, 52.3886896 ], [ 4.938963, 52.3882436 ], [ 4.9383716, 52.386734 ] ] ] } },
{ "type": "Feature", "properties": { "buurt_naam": "Elzenhagen-Noord", "stadsdeel": "Noord", "bevolking": 3600, "oppervlakte_km2": 0.5072, "bev_dichtheid": 7097.2 }, "geometry": { "type": "Polygon", "coordinates": [ [ [ 4.9250697, 52.404802 ], [ 4.9269112, 52.4042042 ], [ 4.9289796, 52.4035606 ], [ 4.9315968, 52.4026764 ], [ 4.9321909, 52.4024882 ], [ 4.9327792, 52.4022927 ], [ 4.9383177, 52.4066206 ], [ 4.9392141, 52.4073555 ], [ 4.9379395, 52.4076797 ], [ 4.9366339, 52.4080469 ], [ 4.9356182, 52.4083584 ], [ 4.9348587, 52.4086198 ], [ 4.9343792, 52.4087967 ], [ 4.9338553, 52.4090006 ], [ 4.9331131, 52.4093097 ], [ 4.9314947, 52.4100656 ], [ 4.9296581, 52.411013 ], [ 4.9294687, 52.4108469 ], [ 4.9290267, 52.4103823 ], [ 4.9285466, 52.4097558 ], [ 4.9281867, 52.4093266 ], [ 4.9272213, 52.4087415 ], [ 4.9268438, 52.4084452 ], [ 4.9257545, 52.4074811 ], [ 4.925592, 52.4072836 ], [ 4.9254067, 52.4070196 ], [ 4.9252467, 52.4067214 ], [ 4.9251558, 52.4064129 ], [ 4.925153, 52.4052651 ], [ 4.9250697, 52.404802 ] ] ] } },
{ "type": "Feature", "properties": { "buurt_naam": "Elzenhagen-Zuid", "stadsdeel": "Noord", "bevolking": 1830, "oppervlakte_km2": 0.3115, "bev_dichtheid": 5875.5 }, "geometry": { "type": "Polygon", "coordinates": [ [ [ 4.9223111, 52.3993546 ], [ 4.9227502, 52.3986752 ], [ 4.9229874, 52.3987552 ], [ 4.9234922, 52.3985315 ], [ 4.9238888, 52.3984036 ], [ 4.9250988, 52.3980408 ], [ 4.9262865, 52.3975592 ], [ 4.926614, 52.3974363 ], [ 4.927131, 52.3978832 ], [ 4.9280139, 52.3986003 ], [ 4.9327792, 52.4022927 ], [ 4.9321909, 52.4024882 ], [ 4.9315968, 52.4026764 ], [ 4.9289796, 52.4035606 ], [ 4.9269112, 52.4042042 ], [ 4.9250697, 52.404802 ], [ 4.9249833, 52.4043406 ], [ 4.9238018, 52.4022419 ], [ 4.9231025, 52.4012388 ], [ 4.922935, 52.4008122 ], [ 4.9228311, 52.4004919 ], [ 4.9227196, 52.40006 ], [ 4.9225322, 52.3995676 ], [ 4.9224392, 52.3994549 ], [ 4.9223111, 52.3993546 ] ] ] } },
{ "type": "Feature", "properties": { "buurt_naam": "Nintemanterrein", "stadsdeel": "Noord", "bevolking": 125, "oppervlakte_km2": 0.0389, "bev_dichtheid": 3215.9 }, "geometry": { "type": "Polygon", "coordinates": [ [ [ 4.9227502, 52.3986752 ], [ 4.923103, 52.3980841 ], [ 4.9236045, 52.397191 ], [ 4.9238379, 52.3968018 ], [ 4.9248375, 52.3956176 ], [ 4.9253093, 52.3961613 ], [ 4.9256931, 52.3965691 ], [ 4.9261613, 52.3970266 ], [ 4.926614, 52.3974363 ], [ 4.9262865, 52.3975592 ], [ 4.9250988, 52.3980408 ], [ 4.9238888, 52.3984036 ], [ 4.9234922, 52.3985315 ], [ 4.9229874, 52.3987552 ], [ 4.9227502, 52.3986752 ] ] ] } },
{ "type": "Feature", "properties": { "buurt_naam": "Buikslotermeer-Noord", "stadsdeel": "Noord", "bevolking": 2485, "oppervlakte_km2": 0.4694, "bev_dichtheid": 5294.2 }, "geometry": { "type": "Polygon", "coordinates": [ [ [ 4.9327792, 52.4022927 ], [ 4.9335711, 52.4020099 ], [ 4.9343471, 52.4017127 ], [ 4.9351085, 52.4014001 ], [ 4.9358524, 52.4010732 ], [ 4.9396123, 52.4039949 ], [ 4.939668, 52.4040247 ], [ 4.9397368, 52.4040438 ], [ 4.9398293, 52.4040514 ], [ 4.9399028, 52.4040427 ], [ 4.9399529, 52.4040285 ], [ 4.9473678, 52.401057 ], [ 4.9473582, 52.4009959 ], [ 4.94546, 52.3991886 ], [ 4.9473389, 52.3986312 ], [ 4.951803, 52.402799 ], [ 4.951233, 52.4030818 ], [ 4.9503618, 52.4034956 ], [ 4.949773, 52.4037648 ], [ 4.9488756, 52.404157 ], [ 4.947502, 52.4047235 ], [ 4.9464503, 52.4051294 ], [ 4.9457408, 52.4053901 ], [ 4.9450994, 52.4056179 ], [ 4.9442426, 52.4059095 ], [ 4.9433758, 52.4061902 ], [ 4.9425017, 52.4064601 ], [ 4.9416172, 52.4067193 ], [ 4.9407243, 52.4069676 ], [ 4.939824, 52.4072051 ], [ 4.9392141, 52.4073555 ], [ 4.9383177, 52.4066206 ], [ 4.9327792, 52.4022927 ] ] ] } },
{ "type": "Feature", "properties": { "buurt_naam": "De Kleine Wereld", "stadsdeel": "Noord", "bevolking": 2635, "oppervlakte_km2": 0.2369, "bev_dichtheid": 11121.6 }, "geometry": { "type": "Polygon", "coordinates": [ [ [ 4.9358524, 52.4010732 ], [ 4.9363261, 52.4008664 ], [ 4.9401606, 52.3993162 ], [ 4.9402902, 52.3992744 ], [ 4.9403815, 52.3992532 ], [ 4.9405228, 52.3992322 ], [ 4.9406698, 52.3992238 ], [ 4.9408152, 52.3992297 ], [ 4.9409591, 52.3992492 ], [ 4.9410954, 52.3992811 ], [ 4.9424442, 52.399714 ], [ 4.9425908, 52.3997468 ], [ 4.9428197, 52.3997791 ], [ 4.9429754, 52.3997896 ], [ 4.9431325, 52.3997902 ], [ 4.9433664, 52.3997739 ], [ 4.943518, 52.3997513 ], [ 4.9436667, 52.3997203 ], [ 4.94546, 52.3991886 ], [ 4.9473582, 52.4009959 ], [ 4.9473678, 52.401057 ], [ 4.9399529, 52.4040285 ], [ 4.9399028, 52.4040427 ], [ 4.9398293, 52.4040514 ], [ 4.9397368, 52.4040438 ], [ 4.939668, 52.4040247 ], [ 4.9396123, 52.4039949 ], [ 4.9358524, 52.4010732 ] ] ] } },
{ "type": "Feature", "properties": { "buurt_naam": "Loenermark", "stadsdeel": "Noord", "bevolking": 2160, "oppervlakte_km2": 0.1703, "bev_dichtheid": 12681.3 }, "geometry": { "type": "Polygon", "coordinates": [ [ [ 4.926614, 52.3974363 ], [ 4.9280595, 52.3969 ], [ 4.9297225, 52.3961865 ], [ 4.9308479, 52.3971876 ], [ 4.9317125, 52.3978425 ], [ 4.9330785, 52.3988983 ], [ 4.9335374, 52.3992641 ], [ 4.9339834, 52.3996271 ], [ 4.9358524, 52.4010732 ], [ 4.9351085, 52.4014001 ], [ 4.9343471, 52.4017127 ], [ 4.9335711, 52.4020099 ], [ 4.9327792, 52.4022927 ], [ 4.9280139, 52.3986003 ], [ 4.927131, 52.3978832 ], [ 4.926614, 52.3974363 ] ] ] } },
{ "type": "Feature", "properties": { "buurt_naam": "Buikslotermeerplein", "stadsdeel": "Noord", "bevolking": 1360, "oppervlakte_km2": 0.2335, "bev_dichtheid": 5824.8 }, "geometry": { "type": "Polygon", "coordinates": [ [ [ 4.9335374, 52.3992641 ], [ 4.9393675, 52.3969522 ], [ 4.9423717, 52.3958078 ], [ 4.9447866, 52.3980662 ], [ 4.9457637, 52.3977499 ], [ 4.9465645, 52.3979085 ], [ 4.9473389, 52.3986312 ], [ 4.94546, 52.3991886 ], [ 4.9436667, 52.3997203 ], [ 4.943518, 52.3997513 ], [ 4.9433664, 52.3997739 ], [ 4.9431325, 52.3997902 ], [ 4.9429754, 52.3997896 ], [ 4.9428197, 52.3997791 ], [ 4.9425908, 52.3997468 ], [ 4.9424442, 52.399714 ], [ 4.9410954, 52.3992811 ], [ 4.9409591, 52.3992492 ], [ 4.9408152, 52.3992297 ], [ 4.9406698, 52.3992238 ], [ 4.9405228, 52.3992322 ], [ 4.9403815, 52.3992532 ], [ 4.9402902, 52.3992744 ], [ 4.9401606, 52.3993162 ], [ 4.9363261, 52.4008664 ], [ 4.9358524, 52.4010732 ], [ 4.9339834, 52.3996271 ], [ 4.9335374, 52.3992641 ] ] ] } },
{ "type": "Feature", "properties": { "buurt_naam": "Plan van Gool", "stadsdeel": "Noord", "bevolking": 3135, "oppervlakte_km2": 0.2815, "bev_dichtheid": 11135.7 }, "geometry": { "type": "Polygon", "coordinates": [ [ [ 4.9297225, 52.3961865 ], [ 4.931784, 52.3953038 ], [ 4.9333341, 52.3947255 ], [ 4.9337486, 52.3945519 ], [ 4.9343136, 52.3943329 ], [ 4.9347456, 52.3941781 ], [ 4.9353352, 52.3939845 ], [ 4.9357847, 52.3938478 ], [ 4.9367776, 52.3935685 ], [ 4.9399647, 52.3946913 ], [ 4.940082, 52.3947017 ], [ 4.9401983, 52.3946878 ], [ 4.9409381, 52.3944676 ], [ 4.9423717, 52.3958078 ], [ 4.9393675, 52.3969522 ], [ 4.9335374, 52.3992641 ], [ 4.9330785, 52.3988983 ], [ 4.9317125, 52.3978425 ], [ 4.9308479, 52.3971876 ], [ 4.9297225, 52.3961865 ] ] ] } },
{ "type": "Feature", "properties": { "buurt_naam": "Rode Kruisbuurt", "stadsdeel": "Noord", "bevolking": 255, "oppervlakte_km2": 0.1557, "bev_dichtheid": 1638.2 }, "geometry": { "type": "Polygon", "coordinates": [ [ [ 4.9245474, 52.3952641 ], [ 4.9336424, 52.3930164 ], [ 4.9338967, 52.3929949 ], [ 4.9341481, 52.3929913 ], [ 4.9343888, 52.3930021 ], [ 4.9350213, 52.3930819 ], [ 4.9354302, 52.3931581 ], [ 4.9358918, 52.393273 ], [ 4.9362112, 52.3933703 ], [ 4.9367776, 52.3935685 ], [ 4.9357847, 52.3938478 ], [ 4.9353352, 52.3939845 ], [ 4.9347456, 52.3941781 ], [ 4.9343136, 52.3943329 ], [ 4.9337486, 52.3945519 ], [ 4.9333341, 52.3947255 ], [ 4.931784, 52.3953038 ], [ 4.9297225, 52.3961865 ], [ 4.9280595, 52.3969 ], [ 4.926614, 52.3974363 ], [ 4.9261613, 52.3970266 ], [ 4.9256931, 52.3965691 ], [ 4.9253093, 52.3961613 ], [ 4.9248375, 52.3956176 ], [ 4.9245474, 52.3952641 ] ] ] } },
{ "type": "Feature", "properties": { "buurt_naam": "Markengouw-Noord", "stadsdeel": "Noord", "bevolking": 640, "oppervlakte_km2": 0.1179, "bev_dichtheid": 5427.3 }, "geometry": { "type": "Polygon", "coordinates": [ [ [ 4.9473389, 52.3986312 ], [ 4.9507561, 52.3976111 ], [ 4.9539653, 52.4016483 ], [ 4.9531852, 52.4020787 ], [ 4.9525664, 52.402409 ], [ 4.951803, 52.402799 ], [ 4.9473389, 52.3986312 ] ] ] } },
{ "type": "Feature", "properties": { "buurt_naam": "Markengouw-Midden", "stadsdeel": "Noord", "bevolking": 4150, "oppervlakte_km2": 0.4035, "bev_dichtheid": 10285.0 }, "geometry": { "type": "Polygon", "coordinates": [ [ [ 4.9507561, 52.3976111 ], [ 4.9529311, 52.3969648 ], [ 4.9531728, 52.396883 ], [ 4.9534029, 52.3967913 ], [ 4.9537247, 52.3966325 ], [ 4.9540146, 52.3964521 ], [ 4.9541876, 52.3963205 ], [ 4.9543432, 52.3961817 ], [ 4.9545408, 52.3959596 ], [ 4.9573101, 52.392185 ], [ 4.9635476, 52.3938907 ], [ 4.9628138, 52.3947428 ], [ 4.9619824, 52.3956503 ], [ 4.9616677, 52.3959727 ], [ 4.9612317, 52.3964007 ], [ 4.9605173, 52.3970633 ], [ 4.9597113, 52.397756 ], [ 4.9589606, 52.3983608 ], [ 4.9586291, 52.3986141 ], [ 4.9576641, 52.3993197 ], [ 4.9565682, 52.4000634 ], [ 4.9557121, 52.4006131 ], [ 4.9549199, 52.4010937 ], [ 4.9539653, 52.4016483 ], [ 4.9507561, 52.3976111 ] ] ] } },
{ "type": "Feature", "properties": { "buurt_naam": "Markengouw-Zuid", "stadsdeel": "Noord", "bevolking": 2295, "oppervlakte_km2": 0.2256, "bev_dichtheid": 10173.3 }, "geometry": { "type": "Polygon", "coordinates": [ [ [ 4.9573101, 52.392185 ], [ 4.957678, 52.3916578 ], [ 4.9586334, 52.3903824 ], [ 4.9590015, 52.3898453 ], [ 4.9594194, 52.3893095 ], [ 4.9598145, 52.3888534 ], [ 4.9599894, 52.388685 ], [ 4.9601315, 52.3885795 ], [ 4.9603043, 52.3884911 ], [ 4.9603656, 52.3885218 ], [ 4.9604447, 52.3885464 ], [ 4.9629649, 52.3890704 ], [ 4.966862, 52.3900011 ], [ 4.9635476, 52.3938907 ], [ 4.9573101, 52.392185 ] ] ] } },
{ "type": "Feature", "properties": { "buurt_naam": "Werengouw-Noord", "stadsdeel": "Noord", "bevolking": 465, "oppervlakte_km2": 0.1625, "bev_dichtheid": 2861.2 }, "geometry": { "type": "Polygon", "coordinates": [ [ [ 4.9409381, 52.3944676 ], [ 4.9433767, 52.3937416 ], [ 4.944212, 52.3934931 ], [ 4.9464902, 52.3963605 ], [ 4.9491395, 52.3955776 ], [ 4.9507561, 52.3976111 ], [ 4.9473389, 52.3986312 ], [ 4.9465645, 52.3979085 ], [ 4.9457637, 52.3977499 ], [ 4.9447866, 52.3980662 ], [ 4.9423717, 52.3958078 ], [ 4.9409381, 52.3944676 ] ] ] } },
{ "type": "Feature", "properties": { "buurt_naam": "Werengouw-Midden", "stadsdeel": "Noord", "bevolking": 4935, "oppervlakte_km2": 0.3743, "bev_dichtheid": 13184.9 }, "geometry": { "type": "Polygon", "coordinates": [ [ [ 4.944212, 52.3934931 ], [ 4.9516056, 52.3912924 ], [ 4.9519359, 52.3907094 ], [ 4.9573101, 52.392185 ], [ 4.9545408, 52.3959596 ], [ 4.9543432, 52.3961817 ], [ 4.9541876, 52.3963205 ], [ 4.9540146, 52.3964521 ], [ 4.9537247, 52.3966325 ], [ 4.9534029, 52.3967913 ], [ 4.9531728, 52.396883 ], [ 4.9529311, 52.3969648 ], [ 4.9507561, 52.3976111 ], [ 4.9491395, 52.3955776 ], [ 4.9464902, 52.3963605 ], [ 4.944212, 52.3934931 ] ] ] } },
{ "type": "Feature", "properties": { "buurt_naam": "Werengouw-Zuid", "stadsdeel": "Noord", "bevolking": 1610, "oppervlakte_km2": 0.22, "bev_dichtheid": 7317.6 }, "geometry": { "type": "Polygon", "coordinates": [ [ [ 4.9519359, 52.3907094 ], [ 4.9524295, 52.3898305 ], [ 4.9524289, 52.3867208 ], [ 4.9524285, 52.3863092 ], [ 4.9539107, 52.3867478 ], [ 4.9599852, 52.3882096 ], [ 4.9600555, 52.3882359 ], [ 4.9601225, 52.3882802 ], [ 4.9602342, 52.3884325 ], [ 4.9603043, 52.3884911 ], [ 4.9601315, 52.3885795 ], [ 4.9599894, 52.388685 ], [ 4.9598145, 52.3888534 ], [ 4.9594194, 52.3893095 ], [ 4.9590015, 52.3898453 ], [ 4.9586334, 52.3903824 ], [ 4.957678, 52.3916578 ], [ 4.9573101, 52.392185 ], [ 4.9519359, 52.3907094 ] ] ] } },
{ "type": "Feature", "properties": { "buurt_naam": "Bloemenbuurt-Noord", "stadsdeel": "Noord", "bevolking": 2460, "oppervlakte_km2": 0.3613, "bev_dichtheid": 6809.0 }, "geometry": { "type": "Polygon", "coordinates": [ [ [ 4.908922, 52.400948 ], [ 4.9091399, 52.3998048 ], [ 4.9108423, 52.3999922 ], [ 4.911014, 52.399601 ], [ 4.9111066, 52.3994648 ], [ 4.9112358, 52.3993198 ], [ 4.9113962, 52.3991802 ], [ 4.9121702, 52.3986485 ], [ 4.912548, 52.3983534 ], [ 4.9129249, 52.3980126 ], [ 4.9132845, 52.3976212 ], [ 4.9135946, 52.3972143 ], [ 4.9138786, 52.3967562 ], [ 4.9139837, 52.3965464 ], [ 4.9141401, 52.3960608 ], [ 4.921318, 52.3945748 ], [ 4.921747, 52.395406 ], [ 4.922214, 52.396276 ], [ 4.9222567, 52.3964011 ], [ 4.922276, 52.3965288 ], [ 4.9222703, 52.3966572 ], [ 4.922241, 52.396784 ], [ 4.9221883, 52.3969077 ], [ 4.9221137, 52.3970269 ], [ 4.9220363, 52.3971184 ], [ 4.9212028, 52.3980021 ], [ 4.9208606, 52.3984079 ], [ 4.920829, 52.3984761 ], [ 4.9208166, 52.3985462 ], [ 4.9208287, 52.3986514 ], [ 4.920882, 52.3987523 ], [ 4.9209706, 52.3988425 ], [ 4.921048, 52.3988949 ], [ 4.9211371, 52.3989393 ], [ 4.9215441, 52.3990748 ], [ 4.9214238, 52.399211 ], [ 4.9213287, 52.3992959 ], [ 4.9212666, 52.399338 ], [ 4.9212135, 52.3993584 ], [ 4.9211296, 52.399377 ], [ 4.9209253, 52.3993761 ], [ 4.9208062, 52.3993954 ], [ 4.9199148, 52.3998944 ], [ 4.9197688, 52.3999603 ], [ 4.9195815, 52.4000207 ], [ 4.9164983, 52.4007733 ], [ 4.9160992, 52.400858 ], [ 4.9156576, 52.4009264 ], [ 4.9154399, 52.4009471 ], [ 4.9151535, 52.4009424 ], [ 4.9148365, 52.4009007 ], [ 4.9139988, 52.4007697 ], [ 4.9137504, 52.4007875 ], [ 4.9136373, 52.4007772 ], [ 4.9135652, 52.4007787 ], [ 4.9134389, 52.4007971 ], [ 4.9133135, 52.4008289 ], [ 4.9132547, 52.4008341 ], [ 4.9106722, 52.4007851 ], [ 4.9103263, 52.400835 ], [ 4.9098042, 52.400894 ], [ 4.9094511, 52.4009223 ], [ 4.908922, 52.400948 ] ] ] } },
{ "type": "Feature", "properties": { "buurt_naam": "Bloemenbuurt-Zuid", "stadsdeel": "Noord", "bevolking": 2540, "oppervlakte_km2": 0.3695, "bev_dichtheid": 6873.7 }, "geometry": { "type": "Polygon", "coordinates": [ [ [ 4.9091399, 52.3998048 ], [ 4.9098811, 52.3985136 ], [ 4.9098904, 52.3984731 ], [ 4.9098819, 52.3984327 ], [ 4.9098602, 52.3984002 ], [ 4.9091781, 52.3977423 ], [ 4.9102036, 52.3973393 ], [ 4.9103174, 52.3972884 ], [ 4.9104297, 52.3972233 ], [ 4.9105229, 52.3971536 ], [ 4.9106061, 52.397074 ], [ 4.9106717, 52.396987 ], [ 4.9119978, 52.3947086 ], [ 4.9125918, 52.3938401 ], [ 4.912677, 52.3936957 ], [ 4.9127463, 52.3935531 ], [ 4.9128067, 52.3933852 ], [ 4.9128498, 52.3932146 ], [ 4.9129345, 52.392567 ], [ 4.9129225, 52.3924564 ], [ 4.9128855, 52.3923475 ], [ 4.9128234, 52.3922439 ], [ 4.9127377, 52.3921456 ], [ 4.9125268, 52.3919497 ], [ 4.9156628, 52.3907453 ], [ 4.9182339, 52.3897444 ], [ 4.9187545, 52.390247 ], [ 4.9192412, 52.3907613 ], [ 4.9198825, 52.3917964 ], [ 4.921318, 52.3945748 ], [ 4.9141401, 52.3960608 ], [ 4.9139837, 52.3965464 ], [ 4.9138786, 52.3967562 ], [ 4.9135946, 52.3972143 ], [ 4.9132845, 52.3976212 ], [ 4.9129249, 52.3980126 ], [ 4.912548, 52.3983534 ], [ 4.9121702, 52.3986485 ], [ 4.9113962, 52.3991802 ], [ 4.9112358, 52.3993198 ], [ 4.9111066, 52.3994648 ], [ 4.911014, 52.399601 ], [ 4.9108423, 52.3999922 ], [ 4.9091399, 52.3998048 ] ] ] } },
{ "type": "Feature", "properties": { "buurt_naam": "Van der Pekbuurt", "stadsdeel": "Noord", "bevolking": 4470, "oppervlakte_km2": 0.5772, "bev_dichtheid": 7743.7 }, "geometry": { "type": "Polygon", "coordinates": [ [ [ 4.9000605, 52.382155 ], [ 4.9003679, 52.38198 ], [ 4.9011846, 52.3815628 ], [ 4.9020964, 52.3811962 ], [ 4.907474, 52.383704 ], [ 4.912012, 52.3858191 ], [ 4.9127372, 52.3861446 ], [ 4.9130909, 52.3863141 ], [ 4.9137848, 52.3866637 ], [ 4.9144566, 52.3870286 ], [ 4.9151063, 52.3874097 ], [ 4.9154215, 52.387605 ], [ 4.9160357, 52.3880065 ], [ 4.9166246, 52.3884222 ], [ 4.9171871, 52.3888505 ], [ 4.9174594, 52.38907 ], [ 4.9177246, 52.3892921 ], [ 4.9182339, 52.3897444 ], [ 4.9156628, 52.3907453 ], [ 4.9125268, 52.3919497 ], [ 4.9127377, 52.3921456 ], [ 4.9108865, 52.3928581 ], [ 4.9095633, 52.3929498 ], [ 4.9085631, 52.3933278 ], [ 4.9074324, 52.3921908 ], [ 4.9066774, 52.3915047 ], [ 4.9064452, 52.3912458 ], [ 4.9062512, 52.3909754 ], [ 4.906097, 52.3906961 ], [ 4.9059842, 52.390409 ], [ 4.9059138, 52.3901176 ], [ 4.9058848, 52.3898226 ], [ 4.9059012, 52.3895279 ], [ 4.9059586, 52.3892351 ], [ 4.9060592, 52.3889039 ], [ 4.906073, 52.3888626 ], [ 4.9071614, 52.386683 ], [ 4.9071931, 52.3866023 ], [ 4.9072193, 52.3864784 ], [ 4.9072237, 52.3863543 ], [ 4.9072128, 52.3862716 ], [ 4.9071916, 52.3861898 ], [ 4.9071416, 52.38607 ], [ 4.9067155, 52.385405 ], [ 4.9066213, 52.3852833 ], [ 4.9065079, 52.3851678 ], [ 4.9063275, 52.385025 ], [ 4.9061742, 52.3849274 ], [ 4.9060062, 52.3848404 ], [ 4.9000605, 52.382155 ] ] ] } },
{ "type": "Feature", "properties": { "buurt_naam": "Vogelbuurt-Noord", "stadsdeel": "Noord", "bevolking": 1030, "oppervlakte_km2": 0.3176, "bev_dichtheid": 3242.8 }, "geometry": { "type": "Polygon", "coordinates": [ [ [ 4.9182339, 52.3897444 ], [ 4.9239195, 52.3875648 ], [ 4.9248846, 52.3875587 ], [ 4.9282942, 52.386248 ], [ 4.9283917, 52.3863463 ], [ 4.9285082, 52.386301 ], [ 4.9296718, 52.3874208 ], [ 4.9276985, 52.3881798 ], [ 4.9271679, 52.3883512 ], [ 4.926994, 52.3883946 ], [ 4.9267455, 52.3884287 ], [ 4.9264899, 52.3884331 ], [ 4.9255435, 52.3883306 ], [ 4.9251661, 52.3883156 ], [ 4.9247127, 52.3884163 ], [ 4.9248542, 52.3886496 ], [ 4.9249561, 52.38889 ], [ 4.9250209, 52.3891436 ], [ 4.9250447, 52.3893991 ], [ 4.92504, 52.3895616 ], [ 4.9250209, 52.389717 ], [ 4.9247583, 52.3906679 ], [ 4.9246333, 52.3911087 ], [ 4.9246078, 52.3911526 ], [ 4.924609, 52.391185 ], [ 4.9246531, 52.3913064 ], [ 4.9246325, 52.3913189 ], [ 4.9246111, 52.3913917 ], [ 4.9241122, 52.3934613 ], [ 4.9242694, 52.3937369 ], [ 4.9241484, 52.3937805 ], [ 4.9241055, 52.3938145 ], [ 4.9240815, 52.3938594 ], [ 4.923914, 52.394433 ], [ 4.9236854, 52.3952195 ], [ 4.9236316, 52.395444 ], [ 4.9235504, 52.3956324 ], [ 4.9235255, 52.3959054 ], [ 4.9232487, 52.3966674 ], [ 4.923056, 52.3970981 ], [ 4.9226295, 52.3978406 ], [ 4.9225103, 52.3980127 ], [ 4.9222887, 52.3982716 ], [ 4.9215441, 52.3990748 ], [ 4.9211371, 52.3989393 ], [ 4.921048, 52.3988949 ], [ 4.9209706, 52.3988425 ], [ 4.920882, 52.3987523 ], [ 4.9208287, 52.3986514 ], [ 4.9208166, 52.3985462 ], [ 4.920829, 52.3984761 ], [ 4.9208606, 52.3984079 ], [ 4.9212028, 52.3980021 ], [ 4.9220363, 52.3971184 ], [ 4.9221137, 52.3970269 ], [ 4.9221883, 52.3969077 ], [ 4.922241, 52.396784 ], [ 4.9222703, 52.3966572 ], [ 4.922276, 52.3965288 ], [ 4.9222567, 52.3964011 ], [ 4.922214, 52.396276 ], [ 4.921747, 52.395406 ], [ 4.921318, 52.3945748 ], [ 4.9198825, 52.3917964 ], [ 4.9192412, 52.3907613 ], [ 4.9187545, 52.390247 ], [ 4.9182339, 52.3897444 ] ] ] } },
{ "type": "Feature", "properties": { "buurt_naam": "Vliegenbos", "stadsdeel": "Noord", "bevolking": 190, "oppervlakte_km2": 0.3935, "bev_dichtheid": 482.8 }, "geometry": { "type": "Polygon", "coordinates": [ [ [ 4.9247583, 52.3906679 ], [ 4.9250209, 52.389717 ], [ 4.92504, 52.3895616 ], [ 4.9250447, 52.3893991 ], [ 4.9250209, 52.3891436 ], [ 4.9249561, 52.38889 ], [ 4.9248542, 52.3886496 ], [ 4.9247127, 52.3884163 ], [ 4.9251661, 52.3883156 ], [ 4.9255435, 52.3883306 ], [ 4.9264899, 52.3884331 ], [ 4.9267455, 52.3884287 ], [ 4.926994, 52.3883946 ], [ 4.9271679, 52.3883512 ], [ 4.9276985, 52.3881798 ], [ 4.9296718, 52.3874208 ], [ 4.9322289, 52.3864384 ], [ 4.9323068, 52.3864225 ], [ 4.9323729, 52.3864254 ], [ 4.9324316, 52.3864428 ], [ 4.9324681, 52.3864636 ], [ 4.9324999, 52.3864988 ], [ 4.9329675, 52.387606 ], [ 4.9330307, 52.3876053 ], [ 4.9331558, 52.3875869 ], [ 4.9375829, 52.386874 ], [ 4.9383716, 52.386734 ], [ 4.938963, 52.3882436 ], [ 4.939629, 52.3899447 ], [ 4.9384043, 52.3907732 ], [ 4.9348074, 52.3912808 ], [ 4.9342085, 52.3913784 ], [ 4.9340924, 52.3913815 ], [ 4.9340854, 52.3913455 ], [ 4.9337649, 52.3913686 ], [ 4.9337238, 52.3913792 ], [ 4.9335428, 52.3914001 ], [ 4.9335527, 52.3914379 ], [ 4.9334161, 52.3914499 ], [ 4.9334075, 52.3914113 ], [ 4.9332193, 52.3914276 ], [ 4.9330564, 52.3914099 ], [ 4.9330596, 52.3913848 ], [ 4.9329334, 52.3913761 ], [ 4.9329318, 52.391387 ], [ 4.9327453, 52.3913889 ], [ 4.9316687, 52.3913596 ], [ 4.9315454, 52.3913529 ], [ 4.9315455, 52.3913475 ], [ 4.9303401, 52.3912817 ], [ 4.9292331, 52.3912046 ], [ 4.9285977, 52.3911501 ], [ 4.9277744, 52.3910732 ], [ 4.9270144, 52.3909732 ], [ 4.9264439, 52.3908901 ], [ 4.9264439, 52.3908964 ], [ 4.9251811, 52.3906965 ], [ 4.9250605, 52.3906987 ], [ 4.9247583, 52.3906679 ] ] ] } },
{ "type": "Feature", "properties": { "buurt_naam": "Vogelbuurt-Zuid", "stadsdeel": "Noord", "bevolking": 4075, "oppervlakte_km2": 0.3406, "bev_dichtheid": 11963.1 }, "geometry": { "type": "Polygon", "coordinates": [ [ [ 4.907474, 52.383704 ], [ 4.908132, 52.3831746 ], [ 4.9081911, 52.3831442 ], [ 4.9082719, 52.3831275 ], [ 4.9083337, 52.3831286 ], [ 4.9083937, 52.3831406 ], [ 4.9086043, 52.3832259 ], [ 4.908781, 52.38333 ], [ 4.9091756, 52.3836291 ], [ 4.9092782, 52.3836726 ], [ 4.9093353, 52.3836855 ], [ 4.9094277, 52.3836948 ], [ 4.9095497, 52.3836854 ], [ 4.9096601, 52.3836526 ], [ 4.9105316, 52.383196 ], [ 4.9108177, 52.3832295 ], [ 4.9109954, 52.3832374 ], [ 4.911173, 52.3832363 ], [ 4.9113495, 52.3832262 ], [ 4.9115302, 52.3832062 ], [ 4.9120469, 52.3831166 ], [ 4.9124071, 52.3830749 ], [ 4.9127716, 52.3830521 ], [ 4.9131373, 52.383049 ], [ 4.9135029, 52.3830658 ], [ 4.9138652, 52.3831023 ], [ 4.9142202, 52.3831586 ], [ 4.9145659, 52.3832327 ], [ 4.9148998, 52.3833249 ], [ 4.9154735, 52.383532 ], [ 4.9158973, 52.3837225 ], [ 4.9161252, 52.3838421 ], [ 4.9163923, 52.384003 ], [ 4.9176298, 52.3848968 ], [ 4.9178866, 52.3850605 ], [ 4.9180925, 52.3851736 ], [ 4.9183864, 52.3853123 ], [ 4.9186205, 52.3854059 ], [ 4.9189453, 52.3855159 ], [ 4.9192925, 52.3856098 ], [ 4.9196515, 52.3856849 ], [ 4.9219261, 52.3860219 ], [ 4.9221372, 52.3860703 ], [ 4.9222851, 52.3861212 ], [ 4.9224617, 52.3862065 ], [ 4.9225406, 52.3862553 ], [ 4.9226455, 52.3863375 ], [ 4.9239195, 52.3875648 ], [ 4.9182339, 52.3897444 ], [ 4.9177246, 52.3892921 ], [ 4.9174594, 52.38907 ], [ 4.9171871, 52.3888505 ], [ 4.9166246, 52.3884222 ], [ 4.9160357, 52.3880065 ], [ 4.9154215, 52.387605 ], [ 4.9151063, 52.3874097 ], [ 4.9144566, 52.3870286 ], [ 4.9137848, 52.3866637 ], [ 4.9130909, 52.3863141 ], [ 4.9127372, 52.3861446 ], [ 4.912012, 52.3858191 ], [ 4.907474, 52.383704 ] ] ] } },
{ "type": "Feature", "properties": { "buurt_naam": "IJplein e.o.", "stadsdeel": "Noord", "bevolking": 2430, "oppervlakte_km2": 0.396, "bev_dichtheid": 6136.4 }, "geometry": { "type": "Polygon", "coordinates": [ [ [ 4.9020964, 52.3811962 ], [ 4.902263, 52.3811286 ], [ 4.9032641, 52.380775 ], [ 4.9043132, 52.3804638 ], [ 4.9054749, 52.3802043 ], [ 4.9060061, 52.3801066 ], [ 4.9064092, 52.3800409 ], [ 4.9065313, 52.3800198 ], [ 4.9076225, 52.3798849 ], [ 4.9086848, 52.3798568 ], [ 4.9105933, 52.379914 ], [ 4.9110043, 52.3799264 ], [ 4.9175025, 52.3805472 ], [ 4.9198584, 52.3808117 ], [ 4.9190439, 52.3833996 ], [ 4.9191201, 52.3835662 ], [ 4.9188195, 52.3844926 ], [ 4.9192567, 52.3845402 ], [ 4.9189453, 52.3855159 ], [ 4.9186205, 52.3854059 ], [ 4.9183864, 52.3853123 ], [ 4.9180925, 52.3851736 ], [ 4.9178866, 52.3850605 ], [ 4.9176298, 52.3848968 ], [ 4.9163923, 52.384003 ], [ 4.9161252, 52.3838421 ], [ 4.9158973, 52.3837225 ], [ 4.9154735, 52.383532 ], [ 4.9148998, 52.3833249 ], [ 4.9145659, 52.3832327 ], [ 4.9142202, 52.3831586 ], [ 4.9138652, 52.3831023 ], [ 4.9135029, 52.3830658 ], [ 4.9131373, 52.383049 ], [ 4.9127716, 52.3830521 ], [ 4.9124071, 52.3830749 ], [ 4.9120469, 52.3831166 ], [ 4.9115302, 52.3832062 ], [ 4.9113495, 52.3832262 ], [ 4.911173, 52.3832363 ], [ 4.9109954, 52.3832374 ], [ 4.9108177, 52.3832295 ], [ 4.9105316, 52.383196 ], [ 4.9096601, 52.3836526 ], [ 4.9095497, 52.3836854 ], [ 4.9094277, 52.3836948 ], [ 4.9093353, 52.3836855 ], [ 4.9092782, 52.3836726 ], [ 4.9091756, 52.3836291 ], [ 4.908781, 52.38333 ], [ 4.9086043, 52.3832259 ], [ 4.9083937, 52.3831406 ], [ 4.9083337, 52.3831286 ], [ 4.9082719, 52.3831275 ], [ 4.9081911, 52.3831442 ], [ 4.908132, 52.3831746 ], [ 4.907474, 52.383704 ], [ 4.9020964, 52.3811962 ] ] ] } },
{ "type": "Feature", "properties": { "buurt_naam": "Blauwe Zand", "stadsdeel": "Noord", "bevolking": 1910, "oppervlakte_km2": 0.1724, "bev_dichtheid": 11080.8 }, "geometry": { "type": "Polygon", "coordinates": [ [ [ 4.9242125, 52.3948404 ], [ 4.9246266, 52.3930086 ], [ 4.9247156, 52.3926512 ], [ 4.9250473, 52.3915497 ], [ 4.9251437, 52.391179 ], [ 4.9274328, 52.3914413 ], [ 4.9274158, 52.3915149 ], [ 4.9287223, 52.3916027 ], [ 4.9287602, 52.3916234 ], [ 4.9300931, 52.3917212 ], [ 4.9317843, 52.3918292 ], [ 4.9323789, 52.3918584 ], [ 4.9323883, 52.3918046 ], [ 4.9332446, 52.3918438 ], [ 4.9332529, 52.3918735 ], [ 4.9334661, 52.3920037 ], [ 4.9337407, 52.392153 ], [ 4.9337493, 52.3921836 ], [ 4.9339363, 52.3922905 ], [ 4.9337285, 52.3924892 ], [ 4.9334785, 52.3923714 ], [ 4.9331915, 52.3925662 ], [ 4.9338967, 52.3929949 ], [ 4.9336424, 52.3930164 ], [ 4.9245474, 52.3952641 ], [ 4.9242125, 52.3948404 ] ] ] } },
{ "type": "Feature", "properties": { "buurt_naam": "Tuindorp Nieuwendam-West", "stadsdeel": "Noord", "bevolking": 1060, "oppervlakte_km2": 0.1193, "bev_dichtheid": 8884.0 }, "geometry": { "type": "Polygon", "coordinates": [ [ [ 4.9350213, 52.3930819 ], [ 4.9356539, 52.3926996 ], [ 4.9357498, 52.3926524 ], [ 4.9359163, 52.3926044 ], [ 4.9366419, 52.3924796 ], [ 4.9368835, 52.3924121 ], [ 4.938012, 52.3919491 ], [ 4.9383189, 52.3918047 ], [ 4.9386187, 52.3916449 ], [ 4.9394357, 52.3914898 ], [ 4.9394868, 52.3915286 ], [ 4.9395971, 52.3915129 ], [ 4.9402225, 52.3914093 ], [ 4.9403225, 52.3913817 ], [ 4.9407524, 52.391307 ], [ 4.9410305, 52.3912486 ], [ 4.9416001, 52.3917353 ], [ 4.9426225, 52.3927645 ], [ 4.9433767, 52.3937416 ], [ 4.9409381, 52.3944676 ], [ 4.9401983, 52.3946878 ], [ 4.940082, 52.3947017 ], [ 4.9399647, 52.3946913 ], [ 4.9367776, 52.3935685 ], [ 4.9362112, 52.3933703 ], [ 4.9358918, 52.393273 ], [ 4.9354302, 52.3931581 ], [ 4.9350213, 52.3930819 ] ] ] } },
{ "type": "Feature", "properties": { "buurt_naam": "Tuindorp Nieuwendam-Oost", "stadsdeel": "Noord", "bevolking": 2360, "oppervlakte_km2": 0.3495, "bev_dichtheid": 6752.9 }, "geometry": { "type": "Polygon", "coordinates": [ [ [ 4.9410305, 52.3912486 ], [ 4.9411881, 52.3912115 ], [ 4.9416708, 52.3911226 ], [ 4.9418064, 52.3910826 ], [ 4.9419229, 52.3910344 ], [ 4.9421726, 52.390889 ], [ 4.9428445, 52.3903981 ], [ 4.9434922, 52.3901101 ], [ 4.9437166, 52.3899996 ], [ 4.9441109, 52.3897934 ], [ 4.944365, 52.3896497 ], [ 4.9444759, 52.3895666 ], [ 4.9447415, 52.3893059 ], [ 4.9449689, 52.3891855 ], [ 4.9450365, 52.3890356 ], [ 4.9459041, 52.3883531 ], [ 4.9463175, 52.3879979 ], [ 4.9464937, 52.3878637 ], [ 4.9475439, 52.3871216 ], [ 4.9475999, 52.3871074 ], [ 4.9477277, 52.3871025 ], [ 4.9479252, 52.3870394 ], [ 4.9478172, 52.3869689 ], [ 4.9479429, 52.3868778 ], [ 4.9480977, 52.3868343 ], [ 4.9480874, 52.3868253 ], [ 4.9483183, 52.3867767 ], [ 4.9492444, 52.386728 ], [ 4.9498095, 52.3866222 ], [ 4.9520723, 52.3866917 ], [ 4.9524289, 52.3867208 ], [ 4.9524295, 52.3898305 ], [ 4.9519359, 52.3907094 ], [ 4.9516056, 52.3912924 ], [ 4.944212, 52.3934931 ], [ 4.9433767, 52.3937416 ], [ 4.9426225, 52.3927645 ], [ 4.9416001, 52.3917353 ], [ 4.9410305, 52.3912486 ] ] ] } },
{ "type": "Feature", "properties": { "buurt_naam": "Hamerstraatkwartier-West", "stadsdeel": "Noord", "bevolking": 380, "oppervlakte_km2": 0.4974, "bev_dichtheid": 764.0 }, "geometry": { "type": "Polygon", "coordinates": [ [ [ 4.9192567, 52.3845402 ], [ 4.9188195, 52.3844926 ], [ 4.9191201, 52.3835662 ], [ 4.9190439, 52.3833996 ], [ 4.9198584, 52.3808117 ], [ 4.9224563, 52.3811042 ], [ 4.9310876, 52.3821416 ], [ 4.9373548, 52.3824081 ], [ 4.9280355, 52.3859854 ], [ 4.9282942, 52.386248 ], [ 4.9248846, 52.3875587 ], [ 4.9239195, 52.3875648 ], [ 4.9226455, 52.3863375 ], [ 4.9225406, 52.3862553 ], [ 4.9224617, 52.3862065 ], [ 4.9222851, 52.3861212 ], [ 4.9221372, 52.3860703 ], [ 4.9219261, 52.3860219 ], [ 4.9196515, 52.3856849 ], [ 4.9192925, 52.3856098 ], [ 4.9189453, 52.3855159 ], [ 4.9192567, 52.3845402 ] ] ] } },
{ "type": "Feature", "properties": { "buurt_naam": "Hamerstraatkwartier-Oost", "stadsdeel": "Noord", "bevolking": 10, "oppervlakte_km2": 0.3886, "bev_dichtheid": 25.7 }, "geometry": { "type": "Polygon", "coordinates": [ [ [ 4.9280355, 52.3859854 ], [ 4.9373548, 52.3824081 ], [ 4.9398315, 52.3825137 ], [ 4.9431876, 52.3825101 ], [ 4.9445342, 52.3856391 ], [ 4.9383716, 52.386734 ], [ 4.9375829, 52.386874 ], [ 4.9331558, 52.3875869 ], [ 4.9330307, 52.3876053 ], [ 4.9329675, 52.387606 ], [ 4.9324999, 52.3864988 ], [ 4.9324681, 52.3864636 ], [ 4.9324316, 52.3864428 ], [ 4.9323729, 52.3864254 ], [ 4.9323068, 52.3864225 ], [ 4.9322289, 52.3864384 ], [ 4.9296718, 52.3874208 ], [ 4.9285082, 52.386301 ], [ 4.9283917, 52.3863463 ], [ 4.9282942, 52.386248 ], [ 4.9280355, 52.3859854 ] ] ] } },
{ "type": "Feature", "properties": { "buurt_naam": "Bedrijventerrein Nieuwendammerdijk", "stadsdeel": "Noord", "bevolking": 20, "oppervlakte_km2": 0.2184, "bev_dichtheid": 91.6 }, "geometry": { "type": "Polygon", "coordinates": [ [ [ 4.9431876, 52.3825101 ], [ 4.9495856, 52.3825023 ], [ 4.9524283, 52.3825712 ], [ 4.9524285, 52.3863092 ], [ 4.9512408, 52.385956 ], [ 4.951062, 52.3859132 ], [ 4.9508699, 52.3858801 ], [ 4.9506336, 52.3858559 ], [ 4.9499716, 52.3858229 ], [ 4.9496792, 52.3858209 ], [ 4.9490505, 52.385833 ], [ 4.9481673, 52.3858729 ], [ 4.9472544, 52.3859423 ], [ 4.947168, 52.3859285 ], [ 4.9471006, 52.3859013 ], [ 4.9470599, 52.3858697 ], [ 4.9470046, 52.3858029 ], [ 4.946939, 52.3857641 ], [ 4.9468554, 52.3857422 ], [ 4.9467644, 52.3857383 ], [ 4.9459318, 52.3858592 ], [ 4.945721, 52.3859402 ], [ 4.945534, 52.3859854 ], [ 4.9452266, 52.3860228 ], [ 4.9447383, 52.3860974 ], [ 4.9445342, 52.3856391 ], [ 4.9431876, 52.3825101 ] ] ] } },
{ "type": "Feature", "properties": { "buurt_naam": "Noorderstrook-West", "stadsdeel": "Noord", "bevolking": 75, "oppervlakte_km2": 1.0137, "bev_dichtheid": 74.0 }, "geometry": { "type": "Polygon", "coordinates": [ [ [ 4.9296581, 52.411013 ], [ 4.9314947, 52.4100656 ], [ 4.9331131, 52.4093097 ], [ 4.9338553, 52.4090006 ], [ 4.9343792, 52.4087967 ], [ 4.9348587, 52.4086198 ], [ 4.9356182, 52.4083584 ], [ 4.9366339, 52.4080469 ], [ 4.9379395, 52.4076797 ], [ 4.9392141, 52.4073555 ], [ 4.939824, 52.4072051 ], [ 4.9407243, 52.4069676 ], [ 4.9416172, 52.4067193 ], [ 4.9425017, 52.4064601 ], [ 4.9433758, 52.4061902 ], [ 4.9442426, 52.4059095 ], [ 4.9450994, 52.4056179 ], [ 4.9457408, 52.4053901 ], [ 4.9464503, 52.4051294 ], [ 4.947502, 52.4047235 ], [ 4.9488756, 52.404157 ], [ 4.949773, 52.4037648 ], [ 4.9503618, 52.4034956 ], [ 4.951233, 52.4030818 ], [ 4.951803, 52.402799 ], [ 4.9525664, 52.402409 ], [ 4.9531852, 52.4020787 ], [ 4.9539653, 52.4016483 ], [ 4.9549199, 52.4010937 ], [ 4.9553511, 52.4014862 ], [ 4.9554636, 52.4015442 ], [ 4.9556075, 52.4015671 ], [ 4.9557411, 52.4015694 ], [ 4.9558882, 52.4015592 ], [ 4.956581, 52.4014727 ], [ 4.9568371, 52.4014296 ], [ 4.9572655, 52.4013377 ], [ 4.957426, 52.4013131 ], [ 4.9575816, 52.4013145 ], [ 4.9577327, 52.4013501 ], [ 4.9578351, 52.4013955 ], [ 4.9579432, 52.4014732 ], [ 4.9588519, 52.4024759 ], [ 4.9592327, 52.4028996 ], [ 4.9594301, 52.4031475 ], [ 4.9594719, 52.4032447 ], [ 4.9594766, 52.4033607 ], [ 4.9594398, 52.4035214 ], [ 4.9592714, 52.4040736 ], [ 4.9590161, 52.4047962 ], [ 4.9587331, 52.4054827 ], [ 4.9586659, 52.4056047 ], [ 4.9585293, 52.4057542 ], [ 4.9584509, 52.4058069 ], [ 4.9583505, 52.4058588 ], [ 4.9579759, 52.4059922 ], [ 4.9574091, 52.4062472 ], [ 4.9571703, 52.406329 ], [ 4.9568019, 52.4064328 ], [ 4.9539062, 52.4071071 ], [ 4.9516349, 52.4076507 ], [ 4.9514022, 52.4076939 ], [ 4.9510418, 52.4077384 ], [ 4.9503255, 52.4077933 ], [ 4.9500739, 52.4078229 ], [ 4.949906, 52.4078636 ], [ 4.9496537, 52.4079706 ], [ 4.9494585, 52.4080839 ], [ 4.9486113, 52.4086111 ], [ 4.9465179, 52.4098626 ], [ 4.9460077, 52.4101779 ], [ 4.9444736, 52.4110602 ], [ 4.9443623, 52.4111604 ], [ 4.9442934, 52.411277 ], [ 4.9442033, 52.4116092 ], [ 4.9441629, 52.4116953 ], [ 4.9426524, 52.4138602 ], [ 4.9425747, 52.4138392 ], [ 4.942362, 52.4137917 ], [ 4.9417255, 52.4136553 ], [ 4.9395989, 52.4132087 ], [ 4.9394949, 52.4131841 ], [ 4.9380027, 52.4127821 ], [ 4.9364579, 52.4123566 ], [ 4.9357982, 52.4121869 ], [ 4.9352894, 52.412069 ], [ 4.9351486, 52.4120406 ], [ 4.9350473, 52.412024 ], [ 4.9345219, 52.4119627 ], [ 4.9342751, 52.4119411 ], [ 4.9329243, 52.4118273 ], [ 4.9316083, 52.4117368 ], [ 4.9311266, 52.4116936 ], [ 4.9308024, 52.411633 ], [ 4.9307219, 52.4116084 ], [ 4.9305125, 52.4115331 ], [ 4.9303136, 52.411447 ], [ 4.9301277, 52.4113519 ], [ 4.929957, 52.411247 ], [ 4.9297994, 52.4111331 ], [ 4.9296581, 52.411013 ] ] ] } },
{ "type": "Feature", "properties": { "buurt_naam": "Noorderstrook-Oost", "stadsdeel": "Noord", "bevolking": 0, "oppervlakte_km2": 0.4775, "bev_dichtheid": 0.0 }, "geometry": { "type": "Polygon", "coordinates": [ [ [ 4.9549199, 52.4010937 ], [ 4.9557121, 52.4006131 ], [ 4.9565682, 52.4000634 ], [ 4.9576641, 52.3993197 ], [ 4.9586291, 52.3986141 ], [ 4.9589606, 52.3983608 ], [ 4.9597113, 52.397756 ], [ 4.9605173, 52.3970633 ], [ 4.9612317, 52.3964007 ], [ 4.9616677, 52.3959727 ], [ 4.9619824, 52.3956503 ], [ 4.9628138, 52.3947428 ], [ 4.9635476, 52.3938907 ], [ 4.966862, 52.3900011 ], [ 4.9690708, 52.3905319 ], [ 4.9689829, 52.3906457 ], [ 4.9688453, 52.390772 ], [ 4.9686678, 52.3908802 ], [ 4.9684555, 52.3909854 ], [ 4.9685748, 52.3911036 ], [ 4.9686593, 52.3911668 ], [ 4.9687017, 52.3911885 ], [ 4.9696631, 52.3914202 ], [ 4.9697279, 52.3914177 ], [ 4.9699299, 52.3913367 ], [ 4.9699961, 52.3913271 ], [ 4.9700578, 52.3913263 ], [ 4.9701018, 52.3913319 ], [ 4.970845, 52.3915079 ], [ 4.9701742, 52.3923791 ], [ 4.9698063, 52.3927652 ], [ 4.9685046, 52.3944907 ], [ 4.968178, 52.3950028 ], [ 4.9678221, 52.3955075 ], [ 4.9675171, 52.3959064 ], [ 4.9671963, 52.3962934 ], [ 4.9668709, 52.3966617 ], [ 4.9665297, 52.3970246 ], [ 4.9660223, 52.3975377 ], [ 4.9655137, 52.3980213 ], [ 4.9650114, 52.3984724 ], [ 4.9643685, 52.3990211 ], [ 4.963945, 52.3993647 ], [ 4.9635173, 52.3996912 ], [ 4.9631149, 52.3999809 ], [ 4.9627007, 52.4002636 ], [ 4.9622749, 52.4005397 ], [ 4.9618256, 52.4008157 ], [ 4.9611947, 52.4011785 ], [ 4.9600278, 52.4018123 ], [ 4.9597587, 52.4019992 ], [ 4.9593906, 52.4022163 ], [ 4.9588519, 52.4024759 ], [ 4.9579432, 52.4014732 ], [ 4.9578351, 52.4013955 ], [ 4.9577327, 52.4013501 ], [ 4.9575816, 52.4013145 ], [ 4.957426, 52.4013131 ], [ 4.9572655, 52.4013377 ], [ 4.9568371, 52.4014296 ], [ 4.956581, 52.4014727 ], [ 4.9558882, 52.4015592 ], [ 4.9557411, 52.4015694 ], [ 4.9556075, 52.4015671 ], [ 4.9554636, 52.4015442 ], [ 4.9553511, 52.4014862 ], [ 4.9549199, 52.4010937 ] ] ] } },
{ "type": "Feature", "properties": { "buurt_naam": "Zunderdorp", "stadsdeel": "Noord", "bevolking": 470, "oppervlakte_km2": 8.8307, "bev_dichtheid": 53.2 }, "geometry": { "type": "Polygon", "coordinates": [ [ [ 4.9426524, 52.4138602 ], [ 4.9441629, 52.4116953 ], [ 4.9442033, 52.4116092 ], [ 4.9442934, 52.411277 ], [ 4.9443623, 52.4111604 ], [ 4.9444736, 52.4110602 ], [ 4.9460077, 52.4101779 ], [ 4.9465179, 52.4098626 ], [ 4.9486113, 52.4086111 ], [ 4.9494585, 52.4080839 ], [ 4.9496537, 52.4079706 ], [ 4.949906, 52.4078636 ], [ 4.9500739, 52.4078229 ], [ 4.9503255, 52.4077933 ], [ 4.9510418, 52.4077384 ], [ 4.9514022, 52.4076939 ], [ 4.9516349, 52.4076507 ], [ 4.9539062, 52.4071071 ], [ 4.9568019, 52.4064328 ], [ 4.9571703, 52.406329 ], [ 4.9574091, 52.4062472 ], [ 4.9579759, 52.4059922 ], [ 4.9583505, 52.4058588 ], [ 4.9584509, 52.4058069 ], [ 4.9585293, 52.4057542 ], [ 4.9586659, 52.4056047 ], [ 4.9587331, 52.4054827 ], [ 4.9590161, 52.4047962 ], [ 4.9592714, 52.4040736 ], [ 4.9594398, 52.4035214 ], [ 4.9594766, 52.4033607 ], [ 4.9594719, 52.4032447 ], [ 4.9594301, 52.4031475 ], [ 4.9592327, 52.4028996 ], [ 4.9588519, 52.4024759 ], [ 4.9593906, 52.4022163 ], [ 4.9597587, 52.4019992 ], [ 4.9600278, 52.4018123 ], [ 4.9611947, 52.4011785 ], [ 4.9618256, 52.4008157 ], [ 4.9622749, 52.4005397 ], [ 4.9627007, 52.4002636 ], [ 4.9631149, 52.3999809 ], [ 4.9635173, 52.3996912 ], [ 4.963945, 52.3993647 ], [ 4.9643685, 52.3990211 ], [ 4.9650114, 52.3984724 ], [ 4.9655137, 52.3980213 ], [ 4.9660223, 52.3975377 ], [ 4.9665297, 52.3970246 ], [ 4.9668709, 52.3966617 ], [ 4.9671963, 52.3962934 ], [ 4.9686779, 52.3965288 ], [ 4.9687849, 52.3965534 ], [ 4.9688713, 52.3965898 ], [ 4.968949, 52.396608 ], [ 4.969565, 52.3967063 ], [ 4.9699408, 52.396748 ], [ 4.9703604, 52.3968106 ], [ 4.9704397, 52.3968118 ], [ 4.9705089, 52.396804 ], [ 4.9709168, 52.3967029 ], [ 4.9710065, 52.3966952 ], [ 4.971096, 52.3967018 ], [ 4.9715563, 52.3968149 ], [ 4.9720099, 52.3968541 ], [ 4.9732914, 52.39713 ], [ 4.9733809, 52.3971429 ], [ 4.9734882, 52.3971424 ], [ 4.9735926, 52.3971266 ], [ 4.9741955, 52.3969265 ], [ 4.9744177, 52.3968797 ], [ 4.9746486, 52.3968508 ], [ 4.9748837, 52.3968417 ], [ 4.9753862, 52.3968533 ], [ 4.9757532, 52.396878 ], [ 4.9761275, 52.3969198 ], [ 4.9786008, 52.3973255 ], [ 4.9789441, 52.3973942 ], [ 4.9792871, 52.3974788 ], [ 4.9802305, 52.3977805 ], [ 4.9803783, 52.3978357 ], [ 4.980611, 52.3979525 ], [ 4.9809131, 52.3981702 ], [ 4.9811879, 52.3983221 ], [ 4.981365, 52.3984 ], [ 4.9820006, 52.3986134 ], [ 4.9818436, 52.3987548 ], [ 4.980631, 52.3996099 ], [ 4.9797693, 52.4001696 ], [ 4.9794813, 52.4003286 ], [ 4.9793693, 52.4003596 ], [ 4.9792547, 52.4003701 ], [ 4.9792508, 52.4004644 ], [ 4.9792665, 52.4005228 ], [ 4.9793129, 52.4005868 ], [ 4.9793801, 52.4006365 ], [ 4.97974, 52.4008022 ], [ 4.9801566, 52.4010417 ], [ 4.9804917, 52.4011939 ], [ 4.9818852, 52.4017748 ], [ 4.9827178, 52.4021506 ], [ 4.9829609, 52.4022484 ], [ 4.9831849, 52.4023229 ], [ 4.9836346, 52.4024935 ], [ 4.9838877, 52.4026076 ], [ 4.9843908, 52.4028627 ], [ 4.9852132, 52.4032493 ], [ 4.9858967, 52.4035607 ], [ 4.9866051, 52.4038525 ], [ 4.9869034, 52.4040225 ], [ 4.9872705, 52.4042125 ], [ 4.9876977, 52.4044179 ], [ 4.9882028, 52.404638 ], [ 4.9897789, 52.405364 ], [ 4.9907143, 52.4057743 ], [ 4.991443, 52.4061129 ], [ 4.9924648, 52.4065585 ], [ 4.9929872, 52.4068074 ], [ 4.9933003, 52.4069665 ], [ 4.9938744, 52.4071779 ], [ 4.9940341, 52.4072522 ], [ 4.9947523, 52.4076293 ], [ 4.9955574, 52.4079816 ], [ 4.9974176, 52.4088469 ], [ 4.9979622, 52.4090814 ], [ 4.9983709, 52.4092455 ], [ 5.0007303, 52.4103622 ], [ 5.0024123, 52.4111172 ], [ 5.0045171, 52.4121144 ], [ 5.0050983, 52.4123787 ], [ 5.0058757, 52.4127255 ], [ 5.0063121, 52.4129029 ], [ 5.0082215, 52.4135751 ], [ 5.0092459, 52.4139226 ], [ 5.0093322, 52.4139687 ], [ 5.009392, 52.4140291 ], [ 5.0094166, 52.4140839 ], [ 5.0094175, 52.4141406 ], [ 5.0093115, 52.4145007 ], [ 5.0093052, 52.4145654 ], [ 5.0090166, 52.4149671 ], [ 5.0089607, 52.4151349 ], [ 5.0089253, 52.4153145 ], [ 5.0089099, 52.4155985 ], [ 5.0088355, 52.4156989 ], [ 5.0087376, 52.4157912 ], [ 5.0087195, 52.415846 ], [ 5.008777, 52.415989 ], [ 5.0086936, 52.4161182 ], [ 5.0085616, 52.4160926 ], [ 5.0079846, 52.416017 ], [ 5.0077907, 52.4160165 ], [ 5.0071533, 52.4161205 ], [ 5.0069279, 52.4161719 ], [ 5.0065084, 52.4162478 ], [ 5.0057475, 52.4163578 ], [ 5.0052309, 52.4164486 ], [ 5.0049496, 52.416516 ], [ 5.004777, 52.416573 ], [ 5.0046295, 52.4166354 ], [ 5.004252, 52.4167673 ], [ 5.0038745, 52.4169197 ], [ 5.0033933, 52.4171456 ], [ 5.0032, 52.4172573 ], [ 5.0027458, 52.4175766 ], [ 5.0023566, 52.4178899 ], [ 5.0021505, 52.4180816 ], [ 5.0020363, 52.4181963 ], [ 5.0014856, 52.4188299 ], [ 5.0013144, 52.4190792 ], [ 5.0012022, 52.4192946 ], [ 5.0011357, 52.4195136 ], [ 5.0010973, 52.4196869 ], [ 5.0010742, 52.419988 ], [ 5.0011007, 52.4201453 ], [ 5.0011482, 52.4202606 ], [ 5.0012164, 52.4203713 ], [ 5.0013065, 52.4204766 ], [ 5.0014554, 52.4206058 ], [ 5.0016879, 52.4207476 ], [ 5.0019017, 52.42084 ], [ 5.0022944, 52.4209895 ], [ 5.0023617, 52.421032 ], [ 5.0024097, 52.4210833 ], [ 5.0024358, 52.421141 ], [ 5.0024508, 52.4212669 ], [ 5.0024501, 52.4221988 ], [ 5.0024171, 52.4222822 ], [ 5.0023397, 52.4223701 ], [ 5.0020514, 52.4225732 ], [ 5.0019655, 52.4226502 ], [ 5.0013354, 52.4230913 ], [ 5.0012006, 52.4232103 ], [ 5.0010965, 52.4233404 ], [ 5.0009889, 52.4235441 ], [ 5.0007139, 52.4242306 ], [ 5.0004052, 52.425069 ], [ 5.0002978, 52.4254066 ], [ 5.0001609, 52.425443 ], [ 5.0001332, 52.425424 ], [ 4.99997, 52.4254136 ], [ 4.9996654, 52.4254306 ], [ 4.9996331, 52.4254287 ], [ 4.9994508, 52.4254335 ], [ 4.9992055, 52.4254147 ], [ 4.9990687, 52.4254143 ], [ 4.9987895, 52.4254196 ], [ 4.9969707, 52.4254326 ], [ 4.9955825, 52.4254712 ], [ 4.9955708, 52.4254873 ], [ 4.9954427, 52.4254914 ], [ 4.9953783, 52.4254606 ], [ 4.9952562, 52.4254665 ], [ 4.9952534, 52.4254431 ], [ 4.9952079, 52.4254448 ], [ 4.9951711, 52.4254383 ], [ 4.9949668, 52.4254349 ], [ 4.9945301, 52.4254389 ], [ 4.9944684, 52.4254423 ], [ 4.9944463, 52.4254522 ], [ 4.9942654, 52.4254551 ], [ 4.994073, 52.4254401 ], [ 4.9938085, 52.4254312 ], [ 4.993569, 52.4254044 ], [ 4.9934647, 52.4253986 ], [ 4.9929513, 52.4254284 ], [ 4.9928351, 52.4254289 ], [ 4.9927234, 52.4254366 ], [ 4.9925617, 52.4254415 ], [ 4.9924248, 52.425441 ], [ 4.9921707, 52.4254285 ], [ 4.9920163, 52.4254324 ], [ 4.9917309, 52.4254522 ], [ 4.9915339, 52.425456 ], [ 4.991434, 52.4254485 ], [ 4.9914148, 52.4254448 ], [ 4.9913871, 52.4254268 ], [ 4.9913771, 52.4254007 ], [ 4.9906566, 52.4254216 ], [ 4.9904947, 52.4254292 ], [ 4.9905075, 52.4254813 ], [ 4.9904869, 52.425484 ], [ 4.9904573, 52.4254982 ], [ 4.9904674, 52.4255198 ], [ 4.9904498, 52.4255206 ], [ 4.9903995, 52.4253929 ], [ 4.9903651, 52.4252849 ], [ 4.9903574, 52.4251699 ], [ 4.9904049, 52.4247872 ], [ 4.99042, 52.424577 ], [ 4.9904103, 52.4245185 ], [ 4.990368, 52.4244626 ], [ 4.9902034, 52.4243039 ], [ 4.9899261, 52.424063 ], [ 4.9895736, 52.4237167 ], [ 4.9891884, 52.423372 ], [ 4.9891052, 52.4233061 ], [ 4.9890116, 52.4232717 ], [ 4.9888397, 52.4232541 ], [ 4.9882648, 52.4232603 ], [ 4.9879237, 52.4232681 ], [ 4.9877738, 52.4232676 ], [ 4.9876902, 52.4232305 ], [ 4.9875002, 52.4231121 ], [ 4.9871072, 52.4228411 ], [ 4.9865724, 52.423295 ], [ 4.9857856, 52.4239861 ], [ 4.9847214, 52.424937 ], [ 4.9845141, 52.4251134 ], [ 4.9838264, 52.4257167 ], [ 4.9826422, 52.4267625 ], [ 4.9825763, 52.4267398 ], [ 4.9824532, 52.4266908 ], [ 4.9821309, 52.4265567 ], [ 4.9818001, 52.4264091 ], [ 4.9816258, 52.4263402 ], [ 4.9815644, 52.4262987 ], [ 4.9815277, 52.4262806 ], [ 4.981305, 52.4261989 ], [ 4.9810106, 52.4260802 ], [ 4.9809447, 52.4260566 ], [ 4.9808334, 52.4260005 ], [ 4.9805245, 52.4258628 ], [ 4.9803885, 52.4257931 ], [ 4.9801218, 52.4256897 ], [ 4.9798992, 52.4255991 ], [ 4.9794275, 52.4253944 ], [ 4.979236, 52.4252948 ], [ 4.9788697, 52.4251561 ], [ 4.97865, 52.4250655 ], [ 4.9786031, 52.4250456 ], [ 4.9785022, 52.4249867 ], [ 4.9783295, 52.424917 ], [ 4.9783031, 52.4249025 ], [ 4.9782225, 52.4248698 ], [ 4.9781771, 52.4248616 ], [ 4.978158, 52.4248544 ], [ 4.9781067, 52.4248299 ], [ 4.9777203, 52.4246669 ], [ 4.9773568, 52.4245308 ], [ 4.9772428, 52.424462 ], [ 4.9771094, 52.4244104 ], [ 4.9767741, 52.42427 ], [ 4.976736, 52.4242572 ], [ 4.9766849, 52.4242283 ], [ 4.9766542, 52.4242066 ], [ 4.9765914, 52.4241731 ], [ 4.9763788, 52.4240897 ], [ 4.9761066, 52.4239603 ], [ 4.9759982, 52.4239267 ], [ 4.9759337, 52.4238923 ], [ 4.9758223, 52.423855 ], [ 4.9757492, 52.4238224 ], [ 4.9754783, 52.4237136 ], [ 4.9751517, 52.4235732 ], [ 4.9749585, 52.4234827 ], [ 4.9746964, 52.4233685 ], [ 4.9744782, 52.4232778 ], [ 4.9743363, 52.423209 ], [ 4.9742675, 52.4231827 ], [ 4.9738252, 52.4229916 ], [ 4.9734883, 52.4228582 ], [ 4.9734005, 52.4228121 ], [ 4.9733257, 52.4227975 ], [ 4.973239, 52.4227972 ], [ 4.9728364, 52.4227706 ], [ 4.9726424, 52.4227636 ], [ 4.9723003, 52.422731 ], [ 4.971483, 52.4227147 ], [ 4.9714345, 52.4227083 ], [ 4.9712303, 52.422695 ], [ 4.9710352, 52.4226691 ], [ 4.9703838, 52.4226668 ], [ 4.9702267, 52.4226555 ], [ 4.9702018, 52.4226455 ], [ 4.9701106, 52.4226326 ], [ 4.9694728, 52.4226223 ], [ 4.9690231, 52.4226018 ], [ 4.9688381, 52.4225976 ], [ 4.9681724, 52.4225592 ], [ 4.9680534, 52.4225571 ], [ 4.9679579, 52.4225441 ], [ 4.967855, 52.4225393 ], [ 4.9677698, 52.4225435 ], [ 4.9669407, 52.4225244 ], [ 4.9668836, 52.422516 ], [ 4.9666706, 52.4225018 ], [ 4.9661283, 52.4224756 ], [ 4.9659271, 52.4224624 ], [ 4.9657669, 52.42246 ], [ 4.9657184, 52.4224427 ], [ 4.9651791, 52.4224282 ], [ 4.9650103, 52.4224096 ], [ 4.9648605, 52.422401 ], [ 4.9641873, 52.4223816 ], [ 4.9639138, 52.422377 ], [ 4.9636098, 52.4223571 ], [ 4.9634628, 52.4223548 ], [ 4.9629485, 52.4223358 ], [ 4.9628264, 52.4223354 ], [ 4.9625385, 52.4223208 ], [ 4.9620696, 52.4223084 ], [ 4.9615789, 52.4222788 ], [ 4.9614849, 52.4222767 ], [ 4.9604886, 52.4222255 ], [ 4.9602918, 52.4222104 ], [ 4.9598186, 52.4221987 ], [ 4.9589544, 52.4221705 ], [ 4.9587238, 52.4221499 ], [ 4.9572059, 52.4220949 ], [ 4.9562977, 52.4220522 ], [ 4.9562494, 52.4220457 ], [ 4.9559547, 52.4219548 ], [ 4.9558839, 52.4224408 ], [ 4.9556473, 52.4224228 ], [ 4.955449, 52.4224014 ], [ 4.9553755, 52.4224057 ], [ 4.9553152, 52.4224153 ], [ 4.9552667, 52.4224133 ], [ 4.955205, 52.4224176 ], [ 4.9549552, 52.422396 ], [ 4.9547246, 52.42237 ], [ 4.9545529, 52.4223361 ], [ 4.9542803, 52.4222542 ], [ 4.9541072, 52.4222186 ], [ 4.9540221, 52.4222092 ], [ 4.953815, 52.4221959 ], [ 4.9536959, 52.4221954 ], [ 4.9536649, 52.422198 ], [ 4.9536355, 52.4222042 ], [ 4.9536074, 52.4222149 ], [ 4.9535839, 52.4222337 ], [ 4.9535644, 52.422257 ], [ 4.9535111, 52.4223071 ], [ 4.953465, 52.4223438 ], [ 4.9533745, 52.4224324 ], [ 4.9532396, 52.4225516 ], [ 4.9531462, 52.4226428 ], [ 4.9530687, 52.4227333 ], [ 4.9529589, 52.4228417 ], [ 4.9528523, 52.4229348 ], [ 4.9528506, 52.4229473 ], [ 4.9528254, 52.4229716 ], [ 4.9527821, 52.423028 ], [ 4.9527449, 52.4230808 ], [ 4.9527135, 52.4231364 ], [ 4.9526361, 52.423226 ], [ 4.9526154, 52.4232557 ], [ 4.9525973, 52.4232987 ], [ 4.9524998, 52.4234862 ], [ 4.952595, 52.4235305 ], [ 4.9528306, 52.4236204 ], [ 4.9527758, 52.4236795 ], [ 4.9525267, 52.4235888 ], [ 4.9519187, 52.4233816 ], [ 4.9515976, 52.4232933 ], [ 4.9515491, 52.4232931 ], [ 4.9514465, 52.4232648 ], [ 4.9514187, 52.4232504 ], [ 4.9513381, 52.4232267 ], [ 4.9515254, 52.4230162 ], [ 4.9515019, 52.4230071 ], [ 4.9515468, 52.4229318 ], [ 4.9515948, 52.422825 ], [ 4.9516377, 52.422649 ], [ 4.9516492, 52.4225349 ], [ 4.9516458, 52.4224225 ], [ 4.9515251, 52.4219944 ], [ 4.9515226, 52.4219466 ], [ 4.9514874, 52.4219294 ], [ 4.9498124, 52.4218604 ], [ 4.9497975, 52.4218846 ], [ 4.9497767, 52.4218998 ], [ 4.9497368, 52.4219221 ], [ 4.9497146, 52.4219257 ], [ 4.9496576, 52.4219075 ], [ 4.9492167, 52.421736 ], [ 4.9489166, 52.4216162 ], [ 4.9486414, 52.4215002 ], [ 4.9486267, 52.4214876 ], [ 4.9485829, 52.4214649 ], [ 4.9485318, 52.4214251 ], [ 4.9477939, 52.4215626 ], [ 4.9477041, 52.4214338 ], [ 4.9474636, 52.4209341 ], [ 4.9473889, 52.4207487 ], [ 4.9472221, 52.4203743 ], [ 4.9470019, 52.4199052 ], [ 4.9461516, 52.4180371 ], [ 4.9460048, 52.4177319 ], [ 4.9455731, 52.4167884 ], [ 4.9451031, 52.4155724 ], [ 4.9449808, 52.4153158 ], [ 4.9447854, 52.4150185 ], [ 4.9445601, 52.4147507 ], [ 4.9444422, 52.4146325 ], [ 4.9441259, 52.4143743 ], [ 4.9440746, 52.4143427 ], [ 4.9439812, 52.4142966 ], [ 4.9435754, 52.4141494 ], [ 4.9431419, 52.4140048 ], [ 4.9426524, 52.4138602 ] ] ] } },
{ "type": "Feature", "properties": { "buurt_naam": "Schellingwoude-West", "stadsdeel": "Noord", "bevolking": 70, "oppervlakte_km2": 0.2502, "bev_dichtheid": 279.8 }, "geometry": { "type": "Polygon", "coordinates": [ [ [ 4.9524285, 52.3863092 ], [ 4.9524283, 52.3825712 ], [ 4.9542522, 52.3826157 ], [ 4.9567105, 52.3826507 ], [ 4.9584114, 52.3824734 ], [ 4.9596577, 52.382096 ], [ 4.9606135, 52.3816644 ], [ 4.9608641, 52.3818801 ], [ 4.9609704, 52.3818329 ], [ 4.9612164, 52.3820395 ], [ 4.9613275, 52.3821146 ], [ 4.9613954, 52.3822326 ], [ 4.9614823, 52.3823461 ], [ 4.9632674, 52.3838364 ], [ 4.9630785, 52.3839373 ], [ 4.9628941, 52.3840147 ], [ 4.9612581, 52.3846029 ], [ 4.9604748, 52.3849416 ], [ 4.9595796, 52.3853168 ], [ 4.9590327, 52.3855333 ], [ 4.958561, 52.3856987 ], [ 4.9581751, 52.3858214 ], [ 4.9569733, 52.3861631 ], [ 4.9567392, 52.3862072 ], [ 4.9564892, 52.3862368 ], [ 4.9555748, 52.3863063 ], [ 4.9548356, 52.3863422 ], [ 4.9542804, 52.3863545 ], [ 4.9537236, 52.3863551 ], [ 4.9531686, 52.3863434 ], [ 4.9524285, 52.3863092 ] ] ] } },
{ "type": "Feature", "properties": { "buurt_naam": "Schellingwoude-Oost", "stadsdeel": "Noord", "bevolking": 620, "oppervlakte_km2": 0.9185, "bev_dichtheid": 675.0 }, "geometry": { "type": "Polygon", "coordinates": [ [ [ 4.9603043, 52.3884911 ], [ 4.9602342, 52.3884325 ], [ 4.9601225, 52.3882802 ], [ 4.9600555, 52.3882359 ], [ 4.9599852, 52.3882096 ], [ 4.9539107, 52.3867478 ], [ 4.9524285, 52.3863092 ], [ 4.9531686, 52.3863434 ], [ 4.9537236, 52.3863551 ], [ 4.9542804, 52.3863545 ], [ 4.9548356, 52.3863422 ], [ 4.9555748, 52.3863063 ], [ 4.9564892, 52.3862368 ], [ 4.9567392, 52.3862072 ], [ 4.9569733, 52.3861631 ], [ 4.9581751, 52.3858214 ], [ 4.958561, 52.3856987 ], [ 4.9590327, 52.3855333 ], [ 4.9595796, 52.3853168 ], [ 4.9604748, 52.3849416 ], [ 4.9612581, 52.3846029 ], [ 4.9628941, 52.3840147 ], [ 4.9630785, 52.3839373 ], [ 4.9632674, 52.3838364 ], [ 4.9614823, 52.3823461 ], [ 4.9613954, 52.3822326 ], [ 4.9613275, 52.3821146 ], [ 4.9612164, 52.3820395 ], [ 4.9609704, 52.3818329 ], [ 4.9608641, 52.3818801 ], [ 4.9606135, 52.3816644 ], [ 4.9615783, 52.381223 ], [ 4.9637203, 52.3797675 ], [ 4.9666164, 52.3782292 ], [ 4.9703269, 52.3762606 ], [ 4.9737536, 52.3785698 ], [ 4.9735628, 52.3793429 ], [ 4.9733337, 52.3801133 ], [ 4.9731435, 52.3806663 ], [ 4.9728217, 52.381492 ], [ 4.9725815, 52.3820376 ], [ 4.9723224, 52.3825803 ], [ 4.9720442, 52.3831195 ], [ 4.9717455, 52.3836551 ], [ 4.9714277, 52.3841861 ], [ 4.9710908, 52.3847134 ], [ 4.9704714, 52.3856027 ], [ 4.9699449, 52.3862938 ], [ 4.968722, 52.3877869 ], [ 4.966862, 52.3900011 ], [ 4.9629649, 52.3890704 ], [ 4.9604447, 52.3885464 ], [ 4.9603656, 52.3885218 ], [ 4.9603043, 52.3884911 ] ] ] } },
{ "type": "Feature", "properties": { "buurt_naam": "Schellingwoude-Noord", "stadsdeel": "Noord", "bevolking": 5, "oppervlakte_km2": 0.3672, "bev_dichtheid": 13.6 }, "geometry": { "type": "Polygon", "coordinates": [ [ [ 4.966862, 52.3900011 ], [ 4.968722, 52.3877869 ], [ 4.9699449, 52.3862938 ], [ 4.9704714, 52.3856027 ], [ 4.9710908, 52.3847134 ], [ 4.9714277, 52.3841861 ], [ 4.9717455, 52.3836551 ], [ 4.9720442, 52.3831195 ], [ 4.9723224, 52.3825803 ], [ 4.9725815, 52.3820376 ], [ 4.9728217, 52.381492 ], [ 4.9731435, 52.3806663 ], [ 4.9733337, 52.3801133 ], [ 4.9753777, 52.3811225 ], [ 4.9757045, 52.3813483 ], [ 4.9760601, 52.3814951 ], [ 4.9766052, 52.3817846 ], [ 4.9763861, 52.3830862 ], [ 4.976267, 52.3835737 ], [ 4.9761674, 52.3838745 ], [ 4.9759491, 52.3844327 ], [ 4.9754853, 52.3855088 ], [ 4.9762008, 52.3856586 ], [ 4.974274, 52.3883068 ], [ 4.9733535, 52.3880916 ], [ 4.9726826, 52.3889934 ], [ 4.970845, 52.3915079 ], [ 4.9701018, 52.3913319 ], [ 4.9700578, 52.3913263 ], [ 4.9699961, 52.3913271 ], [ 4.9699299, 52.3913367 ], [ 4.9697279, 52.3914177 ], [ 4.9696631, 52.3914202 ], [ 4.9687017, 52.3911885 ], [ 4.9686593, 52.3911668 ], [ 4.9685748, 52.3911036 ], [ 4.9684555, 52.3909854 ], [ 4.9686678, 52.3908802 ], [ 4.9688453, 52.390772 ], [ 4.9689829, 52.3906457 ], [ 4.9690708, 52.3905319 ], [ 4.966862, 52.3900011 ] ] ] } },
{ "type": "Feature", "properties": { "buurt_naam": "Zwarte Gouw", "stadsdeel": "Noord", "bevolking": 35, "oppervlakte_km2": 1.5923, "bev_dichtheid": 22.0 }, "geometry": { "type": "Polygon", "coordinates": [ [ [ 4.9671963, 52.3962934 ], [ 4.9675171, 52.3959064 ], [ 4.9678221, 52.3955075 ], [ 4.968178, 52.3950028 ], [ 4.9685046, 52.3944907 ], [ 4.9698063, 52.3927652 ], [ 4.9701742, 52.3923791 ], [ 4.970845, 52.3915079 ], [ 4.9726826, 52.3889934 ], [ 4.9733535, 52.3880916 ], [ 4.974274, 52.3883068 ], [ 4.9762008, 52.3856586 ], [ 4.9754853, 52.3855088 ], [ 4.9759491, 52.3844327 ], [ 4.9761674, 52.3838745 ], [ 4.976267, 52.3835737 ], [ 4.9763861, 52.3830862 ], [ 4.9766052, 52.3817846 ], [ 4.9760601, 52.3814951 ], [ 4.9757045, 52.3813483 ], [ 4.9753777, 52.3811225 ], [ 4.9733337, 52.3801133 ], [ 4.9735628, 52.3793429 ], [ 4.9737536, 52.3785698 ], [ 4.975845, 52.379501 ], [ 4.9762208, 52.3796874 ], [ 4.9763045, 52.3796958 ], [ 4.9766796, 52.3796216 ], [ 4.9769088, 52.3796044 ], [ 4.9769588, 52.3796081 ], [ 4.9770741, 52.3796769 ], [ 4.9771532, 52.3797104 ], [ 4.9781316, 52.3799798 ], [ 4.9786279, 52.3801586 ], [ 4.979341, 52.3803803 ], [ 4.9805759, 52.3807485 ], [ 4.980822, 52.3808158 ], [ 4.9816391, 52.3810784 ], [ 4.9819449, 52.3812043 ], [ 4.9820364, 52.3813081 ], [ 4.9824109, 52.381632 ], [ 4.9829099, 52.382172 ], [ 4.9834131, 52.3823939 ], [ 4.9840023, 52.3826809 ], [ 4.9845149, 52.3830133 ], [ 4.9850866, 52.3834503 ], [ 4.9851817, 52.383509 ], [ 4.9853176, 52.3835652 ], [ 4.9860853, 52.3837915 ], [ 4.9871294, 52.3841519 ], [ 4.9872875, 52.3841955 ], [ 4.9881568, 52.3843999 ], [ 4.9882534, 52.384428 ], [ 4.98841, 52.3845004 ], [ 4.9889066, 52.3848095 ], [ 4.9889183, 52.3848096 ], [ 4.9886187, 52.3851338 ], [ 4.9884931, 52.3852098 ], [ 4.9873427, 52.3862198 ], [ 4.9871033, 52.3863798 ], [ 4.9855032, 52.3877477 ], [ 4.98524, 52.3879364 ], [ 4.9858795, 52.3882091 ], [ 4.9867592, 52.3885527 ], [ 4.9871707, 52.388698 ], [ 4.9867809, 52.3890849 ], [ 4.9860585, 52.3898535 ], [ 4.9855971, 52.3903678 ], [ 4.9849579, 52.3911844 ], [ 4.9847008, 52.3918532 ], [ 4.98441, 52.3931454 ], [ 4.9842789, 52.3936538 ], [ 4.9846306, 52.3937547 ], [ 4.9845127, 52.3938037 ], [ 4.9844076, 52.3938753 ], [ 4.9843512, 52.3939389 ], [ 4.9842797, 52.3940617 ], [ 4.9841687, 52.3942977 ], [ 4.9840664, 52.3945662 ], [ 4.9838386, 52.3952223 ], [ 4.9836391, 52.3956755 ], [ 4.9835539, 52.395837 ], [ 4.9835153, 52.395889 ], [ 4.983462, 52.3959356 ], [ 4.9833955, 52.3959758 ], [ 4.9833173, 52.3960071 ], [ 4.9832304, 52.3960291 ], [ 4.9831083, 52.3960422 ], [ 4.9827059, 52.3960345 ], [ 4.9825485, 52.3960574 ], [ 4.9824644, 52.3960867 ], [ 4.9823921, 52.3961261 ], [ 4.9823343, 52.3961744 ], [ 4.9822957, 52.3962282 ], [ 4.9822345, 52.3964985 ], [ 4.9822102, 52.3967474 ], [ 4.982203, 52.3970394 ], [ 4.9822083, 52.3972696 ], [ 4.9822624, 52.3977866 ], [ 4.9822718, 52.3980463 ], [ 4.9822589, 52.3981622 ], [ 4.9822213, 52.3982798 ], [ 4.9821657, 52.3983955 ], [ 4.9820912, 52.3985067 ], [ 4.9820006, 52.3986134 ], [ 4.981365, 52.3984 ], [ 4.9811879, 52.3983221 ], [ 4.9809131, 52.3981702 ], [ 4.980611, 52.3979525 ], [ 4.9803783, 52.3978357 ], [ 4.9802305, 52.3977805 ], [ 4.9792871, 52.3974788 ], [ 4.9789441, 52.3973942 ], [ 4.9786008, 52.3973255 ], [ 4.9761275, 52.3969198 ], [ 4.9757532, 52.396878 ], [ 4.9753862, 52.3968533 ], [ 4.9748837, 52.3968417 ], [ 4.9746486, 52.3968508 ], [ 4.9744177, 52.3968797 ], [ 4.9741955, 52.3969265 ], [ 4.9735926, 52.3971266 ], [ 4.9734882, 52.3971424 ], [ 4.9733809, 52.3971429 ], [ 4.9732914, 52.39713 ], [ 4.9720099, 52.3968541 ], [ 4.9715563, 52.3968149 ], [ 4.971096, 52.3967018 ], [ 4.9710065, 52.3966952 ], [ 4.9709168, 52.3967029 ], [ 4.9705089, 52.396804 ], [ 4.9704397, 52.3968118 ], [ 4.9703604, 52.3968106 ], [ 4.9699408, 52.396748 ], [ 4.969565, 52.3967063 ], [ 4.968949, 52.396608 ], [ 4.9688713, 52.3965898 ], [ 4.9687849, 52.3965534 ], [ 4.9686779, 52.3965288 ], [ 4.9671963, 52.3962934 ] ] ] } },
{ "type": "Feature", "properties": { "buurt_naam": "Holysloot", "stadsdeel": "Noord", "bevolking": 285, "oppervlakte_km2": 19.8243, "bev_dichtheid": 14.4 }, "geometry": { "type": "Polygon", "coordinates": [ [ [ 5.0004052, 52.425069 ], [ 5.0007139, 52.4242306 ], [ 5.0009889, 52.4235441 ], [ 5.0010965, 52.4233404 ], [ 5.0012006, 52.4232103 ], [ 5.0013354, 52.4230913 ], [ 5.0019655, 52.4226502 ], [ 5.0020514, 52.4225732 ], [ 5.0023397, 52.4223701 ], [ 5.0024171, 52.4222822 ], [ 5.0024501, 52.4221988 ], [ 5.0024508, 52.4212669 ], [ 5.0024358, 52.421141 ], [ 5.0024097, 52.4210833 ], [ 5.0023617, 52.421032 ], [ 5.0022944, 52.4209895 ], [ 5.0019017, 52.42084 ], [ 5.0016879, 52.4207476 ], [ 5.0014554, 52.4206058 ], [ 5.0013065, 52.4204766 ], [ 5.0012164, 52.4203713 ], [ 5.0011482, 52.4202606 ], [ 5.0011007, 52.4201453 ], [ 5.0010742, 52.419988 ], [ 5.0010973, 52.4196869 ], [ 5.0011357, 52.4195136 ], [ 5.0012022, 52.4192946 ], [ 5.0013144, 52.4190792 ], [ 5.0014856, 52.4188299 ], [ 5.0020363, 52.4181963 ], [ 5.0021505, 52.4180816 ], [ 5.0023566, 52.4178899 ], [ 5.0027458, 52.4175766 ], [ 5.0032, 52.4172573 ], [ 5.0033933, 52.4171456 ], [ 5.0038745, 52.4169197 ], [ 5.004252, 52.4167673 ], [ 5.0046295, 52.4166354 ], [ 5.004777, 52.416573 ], [ 5.0049496, 52.416516 ], [ 5.0052309, 52.4164486 ], [ 5.0057475, 52.4163578 ], [ 5.0065084, 52.4162478 ], [ 5.0069279, 52.4161719 ], [ 5.0071533, 52.4161205 ], [ 5.0077907, 52.4160165 ], [ 5.0079846, 52.416017 ], [ 5.0085616, 52.4160926 ], [ 5.0086936, 52.4161182 ], [ 5.008777, 52.415989 ], [ 5.0087195, 52.415846 ], [ 5.0087376, 52.4157912 ], [ 5.0088355, 52.4156989 ], [ 5.0089099, 52.4155985 ], [ 5.0089253, 52.4153145 ], [ 5.0089607, 52.4151349 ], [ 5.0090166, 52.4149671 ], [ 5.0093052, 52.4145654 ], [ 5.0093115, 52.4145007 ], [ 5.0094175, 52.4141406 ], [ 5.0094166, 52.4140839 ], [ 5.009392, 52.4140291 ], [ 5.0093322, 52.4139687 ], [ 5.0092459, 52.4139226 ], [ 5.0082215, 52.4135751 ], [ 5.0063121, 52.4129029 ], [ 5.0058757, 52.4127255 ], [ 5.0050983, 52.4123787 ], [ 5.0045171, 52.4121144 ], [ 5.0024123, 52.4111172 ], [ 5.0007303, 52.4103622 ], [ 4.9983709, 52.4092455 ], [ 4.9979622, 52.4090814 ], [ 4.9974176, 52.4088469 ], [ 4.9955574, 52.4079816 ], [ 4.9947523, 52.4076293 ], [ 4.9940341, 52.4072522 ], [ 4.9938744, 52.4071779 ], [ 4.9933003, 52.4069665 ], [ 4.9929872, 52.4068074 ], [ 4.9924648, 52.4065585 ], [ 4.991443, 52.4061129 ], [ 4.9907143, 52.4057743 ], [ 4.9897789, 52.405364 ], [ 4.9882028, 52.404638 ], [ 4.9876977, 52.4044179 ], [ 4.9872705, 52.4042125 ], [ 4.9869034, 52.4040225 ], [ 4.9866051, 52.4038525 ], [ 4.9858967, 52.4035607 ], [ 4.9852132, 52.4032493 ], [ 4.9843908, 52.4028627 ], [ 4.9838877, 52.4026076 ], [ 4.9836346, 52.4024935 ], [ 4.9831849, 52.4023229 ], [ 4.9829609, 52.4022484 ], [ 4.9827178, 52.4021506 ], [ 4.9818852, 52.4017748 ], [ 4.9804917, 52.4011939 ], [ 4.9801566, 52.4010417 ], [ 4.97974, 52.4008022 ], [ 4.9793801, 52.4006365 ], [ 4.9793129, 52.4005868 ], [ 4.9792665, 52.4005228 ], [ 4.9792508, 52.4004644 ], [ 4.9792547, 52.4003701 ], [ 4.9793693, 52.4003596 ], [ 4.9794813, 52.4003286 ], [ 4.9797693, 52.4001696 ], [ 4.980631, 52.3996099 ], [ 4.9818436, 52.3987548 ], [ 4.9820006, 52.3986134 ], [ 4.9820912, 52.3985067 ], [ 4.9821657, 52.3983955 ], [ 4.9822213, 52.3982798 ], [ 4.9822589, 52.3981622 ], [ 4.9822718, 52.3980463 ], [ 4.9822624, 52.3977866 ], [ 4.9822083, 52.3972696 ], [ 4.982203, 52.3970394 ], [ 4.9822102, 52.3967474 ], [ 4.9822345, 52.3964985 ], [ 4.9822957, 52.3962282 ], [ 4.9823343, 52.3961744 ], [ 4.9823921, 52.3961261 ], [ 4.9824644, 52.3960867 ], [ 4.9825485, 52.3960574 ], [ 4.9827059, 52.3960345 ], [ 4.9831083, 52.3960422 ], [ 4.9832304, 52.3960291 ], [ 4.9833173, 52.3960071 ], [ 4.9833955, 52.3959758 ], [ 4.983462, 52.3959356 ], [ 4.9835153, 52.395889 ], [ 4.9835539, 52.395837 ], [ 4.9836391, 52.3956755 ], [ 4.9838386, 52.3952223 ], [ 4.9840664, 52.3945662 ], [ 4.9841687, 52.3942977 ], [ 4.9842797, 52.3940617 ], [ 4.9843512, 52.3939389 ], [ 4.9844076, 52.3938753 ], [ 4.9845127, 52.3938037 ], [ 4.9846306, 52.3937547 ], [ 4.9847572, 52.3937264 ], [ 4.9848909, 52.3937152 ], [ 4.984982, 52.393719 ], [ 4.9852124, 52.3937441 ], [ 4.9862595, 52.3939408 ], [ 4.9881509, 52.3943759 ], [ 4.9883928, 52.3944433 ], [ 4.9889949, 52.3946366 ], [ 4.9893028, 52.3947051 ], [ 4.9926961, 52.395066 ], [ 4.9930087, 52.3951165 ], [ 4.9931581, 52.3951539 ], [ 4.9942425, 52.3954783 ], [ 4.994654, 52.3956226 ], [ 4.9949899, 52.3956857 ], [ 4.9953739, 52.3957832 ], [ 4.9957066, 52.3958903 ], [ 4.9965674, 52.3962337 ], [ 4.9970142, 52.3963889 ], [ 4.9979812, 52.3966868 ], [ 4.9981322, 52.3967206 ], [ 4.9982981, 52.3967418 ], [ 4.9985404, 52.3967507 ], [ 4.9987535, 52.3967487 ], [ 4.9995692, 52.3967118 ], [ 5.0000691, 52.3966721 ], [ 5.0005996, 52.3966585 ], [ 5.0015546, 52.3966562 ], [ 5.0019043, 52.3966412 ], [ 5.0041144, 52.3964435 ], [ 5.004404, 52.396404 ], [ 5.0050251, 52.3962936 ], [ 5.0053089, 52.3962577 ], [ 5.0060879, 52.3962054 ], [ 5.0063408, 52.3961747 ], [ 5.0067012, 52.3961426 ], [ 5.0073125, 52.3961185 ], [ 5.0079696, 52.3960721 ], [ 5.008478, 52.3960647 ], [ 5.0088543, 52.396047 ], [ 5.0103811, 52.3960186 ], [ 5.0106395, 52.3960329 ], [ 5.0110156, 52.3960368 ], [ 5.011744, 52.3960805 ], [ 5.0126843, 52.3960726 ], [ 5.0128738, 52.3960823 ], [ 5.01316, 52.3961074 ], [ 5.0135434, 52.3961221 ], [ 5.0145989, 52.396218 ], [ 5.0245174, 52.3883046 ], [ 5.0376835, 52.3754013 ], [ 5.0402749, 52.3762294 ], [ 5.0523323, 52.38002 ], [ 5.0671014, 52.3846731 ], [ 5.079165, 52.388654 ], [ 5.0774572, 52.3974358 ], [ 5.074265, 52.4138375 ], [ 5.0699209, 52.415822 ], [ 5.0682737, 52.4165573 ], [ 5.0679386, 52.4165699 ], [ 5.0662495, 52.4170138 ], [ 5.0654159, 52.4172389 ], [ 5.06483, 52.4169462 ], [ 5.0643846, 52.4167543 ], [ 5.0636858, 52.4164316 ], [ 5.0631918, 52.4162578 ], [ 5.0625603, 52.4161724 ], [ 5.0620928, 52.4161829 ], [ 5.05776, 52.4165367 ], [ 5.0550922, 52.415972 ], [ 5.0525246, 52.4155397 ], [ 5.0509288, 52.4152781 ], [ 5.0491809, 52.4151285 ], [ 5.0440001, 52.4166101 ], [ 5.0425935, 52.4169844 ], [ 5.0407144, 52.417244 ], [ 5.0393934, 52.4173813 ], [ 5.0386421, 52.4175867 ], [ 5.0373737, 52.4179407 ], [ 5.0368786, 52.4180884 ], [ 5.0363134, 52.4182036 ], [ 5.0358733, 52.4182679 ], [ 5.0354749, 52.418273 ], [ 5.0352428, 52.4182507 ], [ 5.0350507, 52.4182025 ], [ 5.0347726, 52.4180588 ], [ 5.0344085, 52.4178132 ], [ 5.0340682, 52.4171733 ], [ 5.0334723, 52.4166853 ], [ 5.0324937, 52.416277 ], [ 5.0300486, 52.4156432 ], [ 5.0301132, 52.4162052 ], [ 5.0300895, 52.4165915 ], [ 5.0300538, 52.4168288 ], [ 5.0299492, 52.4172032 ], [ 5.0297322, 52.4177059 ], [ 5.0295146, 52.4180629 ], [ 5.0289835, 52.4188584 ], [ 5.0286972, 52.4191766 ], [ 5.0283617, 52.4194156 ], [ 5.0272643, 52.4198652 ], [ 5.0269209, 52.4199721 ], [ 5.0265042, 52.4200633 ], [ 5.0260701, 52.4201159 ], [ 5.0256274, 52.4201515 ], [ 5.0249458, 52.4200819 ], [ 5.0248253, 52.420087 ], [ 5.0242914, 52.4201204 ], [ 5.0235627, 52.4202656 ], [ 5.0232075, 52.4203652 ], [ 5.022378, 52.420767 ], [ 5.0219376, 52.4210632 ], [ 5.0216158, 52.4212213 ], [ 5.0215205, 52.4212012 ], [ 5.0214119, 52.4211712 ], [ 5.0212858, 52.4211277 ], [ 5.0211583, 52.421068 ], [ 5.0204744, 52.4200584 ], [ 5.0203972, 52.4199593 ], [ 5.0203184, 52.4198979 ], [ 5.020191, 52.4198418 ], [ 5.01993, 52.4197655 ], [ 5.0197276, 52.4196858 ], [ 5.0193161, 52.4195102 ], [ 5.0190335, 52.419378 ], [ 5.0186204, 52.419207 ], [ 5.0185168, 52.419124 ], [ 5.0184535, 52.4191355 ], [ 5.0184183, 52.4191282 ], [ 5.0182101, 52.4190591 ], [ 5.0178195, 52.4192 ], [ 5.0178136, 52.4191937 ], [ 5.0175672, 52.4192864 ], [ 5.0167107, 52.4195803 ], [ 5.0164808, 52.4196631 ], [ 5.016295, 52.4197237 ], [ 5.0158836, 52.4198733 ], [ 5.0155846, 52.4199749 ], [ 5.0152304, 52.4201077 ], [ 5.0150081, 52.4201753 ], [ 5.0149755, 52.4201933 ], [ 5.0149506, 52.4202012 ], [ 5.0148887, 52.4202109 ], [ 5.0147839, 52.4202446 ], [ 5.0139996, 52.4205208 ], [ 5.0137444, 52.420627 ], [ 5.0137237, 52.4206404 ], [ 5.0136855, 52.4206556 ], [ 5.0131679, 52.4208391 ], [ 5.0128539, 52.4209459 ], [ 5.0125251, 52.4210663 ], [ 5.0124249, 52.4210974 ], [ 5.0121372, 52.4212079 ], [ 5.0111848, 52.4215438 ], [ 5.0106361, 52.421746 ], [ 5.0103088, 52.4218609 ], [ 5.0102424, 52.4218823 ], [ 5.0102086, 52.4218848 ], [ 5.0095539, 52.4221353 ], [ 5.0094226, 52.4221753 ], [ 5.0089406, 52.4223455 ], [ 5.0087178, 52.4224311 ], [ 5.0083624, 52.4225584 ], [ 5.0079644, 52.4226911 ], [ 5.0079453, 52.4227009 ], [ 5.0073112, 52.4229299 ], [ 5.0071092, 52.4229903 ], [ 5.0068659, 52.4230731 ], [ 5.006431, 52.4232317 ], [ 5.0062703, 52.4232851 ], [ 5.0061935, 52.42332 ], [ 5.0059752, 52.4234046 ], [ 5.0058675, 52.4234429 ], [ 5.0057157, 52.4234909 ], [ 5.0053044, 52.4236406 ], [ 5.0043488, 52.4239782 ], [ 5.0040552, 52.4240886 ], [ 5.0037927, 52.4241795 ], [ 5.0034831, 52.4242989 ], [ 5.0031763, 52.4244048 ], [ 5.0024847, 52.4246588 ], [ 5.0014936, 52.4250133 ], [ 5.0011868, 52.42513 ], [ 5.0009362, 52.4252155 ], [ 5.0007223, 52.425293 ], [ 5.0002978, 52.4254066 ], [ 5.0004052, 52.425069 ] ] ] } },
{ "type": "Feature", "properties": { "buurt_naam": "Ransdorp", "stadsdeel": "Noord", "bevolking": 330, "oppervlakte_km2": 2.2634, "bev_dichtheid": 145.8 }, "geometry": { "type": "Polygon", "coordinates": [ [ [ 4.9842789, 52.3936538 ], [ 4.98441, 52.3931454 ], [ 4.9847008, 52.3918532 ], [ 4.9849579, 52.3911844 ], [ 4.9855971, 52.3903678 ], [ 4.9860585, 52.3898535 ], [ 4.9867809, 52.3890849 ], [ 4.9871707, 52.388698 ], [ 4.9867592, 52.3885527 ], [ 4.9858795, 52.3882091 ], [ 4.98524, 52.3879364 ], [ 4.9855032, 52.3877477 ], [ 4.9871033, 52.3863798 ], [ 4.9873427, 52.3862198 ], [ 4.9884931, 52.3852098 ], [ 4.9886187, 52.3851338 ], [ 4.9889183, 52.3848096 ], [ 4.9892162, 52.3848321 ], [ 4.9901569, 52.3849241 ], [ 4.9910539, 52.3849838 ], [ 4.9917865, 52.385015 ], [ 4.9920701, 52.3850043 ], [ 4.9930465, 52.3848879 ], [ 4.9931816, 52.3848857 ], [ 4.9933929, 52.3849017 ], [ 4.9935822, 52.3849283 ], [ 4.993767, 52.3849659 ], [ 4.9953336, 52.3853727 ], [ 4.9961652, 52.3855086 ], [ 4.9962591, 52.3855125 ], [ 4.9963532, 52.3855065 ], [ 4.9970402, 52.3853955 ], [ 4.9971268, 52.3853913 ], [ 4.9972252, 52.3853961 ], [ 4.9977576, 52.3854805 ], [ 4.99791, 52.3855161 ], [ 4.9986213, 52.3858069 ], [ 4.9987664, 52.3858496 ], [ 4.9989116, 52.3858689 ], [ 4.9999024, 52.3859514 ], [ 5.0000214, 52.3859544 ], [ 5.000139, 52.3859485 ], [ 5.0017253, 52.3857748 ], [ 5.0022339, 52.3857324 ], [ 5.0024455, 52.3857223 ], [ 5.0026848, 52.3857275 ], [ 5.0026592, 52.3861508 ], [ 5.0025578, 52.3866583 ], [ 5.0025557, 52.3867374 ], [ 5.0025927, 52.3868794 ], [ 5.0027431, 52.3871532 ], [ 5.0027819, 52.3872486 ], [ 5.0028059, 52.3873654 ], [ 5.0028045, 52.3875147 ], [ 5.0031158, 52.3875301 ], [ 5.0032684, 52.3875549 ], [ 5.0038706, 52.3877229 ], [ 5.0056967, 52.3882106 ], [ 5.0088188, 52.3889971 ], [ 5.0245174, 52.3883046 ], [ 5.0145989, 52.396218 ], [ 5.0135434, 52.3961221 ], [ 5.01316, 52.3961074 ], [ 5.0128738, 52.3960823 ], [ 5.0126843, 52.3960726 ], [ 5.011744, 52.3960805 ], [ 5.0110156, 52.3960368 ], [ 5.0106395, 52.3960329 ], [ 5.0103811, 52.3960186 ], [ 5.0088543, 52.396047 ], [ 5.008478, 52.3960647 ], [ 5.0079696, 52.3960721 ], [ 5.0073125, 52.3961185 ], [ 5.0067012, 52.3961426 ], [ 5.0063408, 52.3961747 ], [ 5.0060879, 52.3962054 ], [ 5.0053089, 52.3962577 ], [ 5.0050251, 52.3962936 ], [ 5.004404, 52.396404 ], [ 5.0041144, 52.3964435 ], [ 5.0019043, 52.3966412 ], [ 5.0015546, 52.3966562 ], [ 5.0005996, 52.3966585 ], [ 5.0000691, 52.3966721 ], [ 4.9995692, 52.3967118 ], [ 4.9987535, 52.3967487 ], [ 4.9985404, 52.3967507 ], [ 4.9982981, 52.3967418 ], [ 4.9981322, 52.3967206 ], [ 4.9979812, 52.3966868 ], [ 4.9970142, 52.3963889 ], [ 4.9965674, 52.3962337 ], [ 4.9957066, 52.3958903 ], [ 4.9953739, 52.3957832 ], [ 4.9949899, 52.3956857 ], [ 4.994654, 52.3956226 ], [ 4.9942425, 52.3954783 ], [ 4.9931581, 52.3951539 ], [ 4.9930087, 52.3951165 ], [ 4.9926961, 52.395066 ], [ 4.9893028, 52.3947051 ], [ 4.9889949, 52.3946366 ], [ 4.9883928, 52.3944433 ], [ 4.9881509, 52.3943759 ], [ 4.9862595, 52.3939408 ], [ 4.9852124, 52.3937441 ], [ 4.984982, 52.393719 ], [ 4.9848909, 52.3937152 ], [ 4.9847572, 52.3937264 ], [ 4.9846306, 52.3937547 ], [ 4.9842789, 52.3936538 ] ] ] } },
{ "type": "Feature", "properties": { "buurt_naam": "Durgerdam", "stadsdeel": "Noord", "bevolking": 490, "oppervlakte_km2": 6.8543, "bev_dichtheid": 71.5 }, "geometry": { "type": "Polygon", "coordinates": [ [ [ 4.9703269, 52.3762606 ], [ 4.9740888, 52.3742595 ], [ 4.9773692, 52.3725157 ], [ 4.9797443, 52.3713331 ], [ 4.9821213, 52.3703858 ], [ 4.9841976, 52.3697278 ], [ 4.9865405, 52.3691254 ], [ 4.9890423, 52.3686665 ], [ 4.9914059, 52.3683788 ], [ 4.9938724, 52.3682449 ], [ 4.9964536, 52.3682301 ], [ 4.998746, 52.368359 ], [ 5.0144397, 52.3698257 ], [ 5.0376835, 52.3754013 ], [ 5.0245174, 52.3883046 ], [ 5.0088188, 52.3889971 ], [ 5.0056967, 52.3882106 ], [ 5.0038706, 52.3877229 ], [ 5.0032684, 52.3875549 ], [ 5.0031158, 52.3875301 ], [ 5.0028045, 52.3875147 ], [ 5.0028059, 52.3873654 ], [ 5.0027819, 52.3872486 ], [ 5.0027431, 52.3871532 ], [ 5.0025927, 52.3868794 ], [ 5.0025557, 52.3867374 ], [ 5.0025578, 52.3866583 ], [ 5.0026592, 52.3861508 ], [ 5.0026848, 52.3857275 ], [ 5.0024455, 52.3857223 ], [ 5.0022339, 52.3857324 ], [ 5.0017253, 52.3857748 ], [ 5.000139, 52.3859485 ], [ 5.0000214, 52.3859544 ], [ 4.9999024, 52.3859514 ], [ 4.9989116, 52.3858689 ], [ 4.9987664, 52.3858496 ], [ 4.9986213, 52.3858069 ], [ 4.99791, 52.3855161 ], [ 4.9977576, 52.3854805 ], [ 4.9972252, 52.3853961 ], [ 4.9971268, 52.3853913 ], [ 4.9970402, 52.3853955 ], [ 4.9963532, 52.3855065 ], [ 4.9962591, 52.3855125 ], [ 4.9961652, 52.3855086 ], [ 4.9953336, 52.3853727 ], [ 4.993767, 52.3849659 ], [ 4.9935822, 52.3849283 ], [ 4.9933929, 52.3849017 ], [ 4.9931816, 52.3848857 ], [ 4.9930465, 52.3848879 ], [ 4.9920701, 52.3850043 ], [ 4.9917865, 52.385015 ], [ 4.9910539, 52.3849838 ], [ 4.9901569, 52.3849241 ], [ 4.9892162, 52.3848321 ], [ 4.9889183, 52.3848096 ], [ 4.9889066, 52.3848095 ], [ 4.98841, 52.3845004 ], [ 4.9882534, 52.384428 ], [ 4.9881568, 52.3843999 ], [ 4.9872875, 52.3841955 ], [ 4.9871294, 52.3841519 ], [ 4.9860853, 52.3837915 ], [ 4.9853176, 52.3835652 ], [ 4.9851817, 52.383509 ], [ 4.9850866, 52.3834503 ], [ 4.9845149, 52.3830133 ], [ 4.9840023, 52.3826809 ], [ 4.9834131, 52.3823939 ], [ 4.9829099, 52.382172 ], [ 4.9824109, 52.381632 ], [ 4.9820364, 52.3813081 ], [ 4.9819449, 52.3812043 ], [ 4.9816391, 52.3810784 ], [ 4.980822, 52.3808158 ], [ 4.9805759, 52.3807485 ], [ 4.979341, 52.3803803 ], [ 4.9786279, 52.3801586 ], [ 4.9781316, 52.3799798 ], [ 4.9771532, 52.3797104 ], [ 4.9770741, 52.3796769 ], [ 4.9769588, 52.3796081 ], [ 4.9769088, 52.3796044 ], [ 4.9766796, 52.3796216 ], [ 4.9763045, 52.3796958 ], [ 4.9762208, 52.3796874 ], [ 4.975845, 52.379501 ], [ 4.9737536, 52.3785698 ], [ 4.9703269, 52.3762606 ] ] ] } },
{ "type": "Feature", "properties": { "buurt_naam": "Landelijk gebied Driemond", "stadsdeel": "Weesp", "bevolking": 155, "oppervlakte_km2": 1.6663, "bev_dichtheid": 93.0 }, "geometry": { "type": "Polygon", "coordinates": [ [ [ 4.9979448, 52.313941 ], [ 4.9972009, 52.3134981 ], [ 4.9976105, 52.3132702 ], [ 4.9990562, 52.31244 ], [ 4.9999637, 52.3119514 ], [ 5.0014086, 52.3110672 ], [ 5.0016252, 52.3109394 ], [ 5.0018683, 52.3108198 ], [ 5.0020994, 52.3107162 ], [ 5.00222, 52.3106682 ], [ 5.0024025, 52.3105986 ], [ 5.0026524, 52.3105122 ], [ 5.0028451, 52.3104526 ], [ 5.0031743, 52.3103648 ], [ 5.0034431, 52.3103046 ], [ 5.0036487, 52.3102638 ], [ 5.0039248, 52.310218 ], [ 5.0040658, 52.3101987 ], [ 5.0042067, 52.3101811 ], [ 5.0044899, 52.3101533 ], [ 5.0061582, 52.3100418 ], [ 5.0064017, 52.3100201 ], [ 5.0066969, 52.3099788 ], [ 5.0068422, 52.3099541 ], [ 5.0069862, 52.3099249 ], [ 5.0071287, 52.309894 ], [ 5.0072682, 52.3098593 ], [ 5.0075433, 52.3097811 ], [ 5.0078065, 52.3096903 ], [ 5.0079344, 52.3096413 ], [ 5.0081817, 52.3095342 ], [ 5.0084143, 52.3094163 ], [ 5.0085264, 52.3093538 ], [ 5.0086869, 52.3092554 ], [ 5.0088388, 52.3091526 ], [ 5.0097035, 52.3085163 ], [ 5.0097729, 52.3084572 ], [ 5.0098291, 52.3084034 ], [ 5.0099403, 52.3082726 ], [ 5.0105915, 52.3084194 ], [ 5.0106892, 52.3083181 ], [ 5.0107473, 52.3082023 ], [ 5.0108975, 52.3075881 ], [ 5.0111027, 52.3076058 ], [ 5.0112009, 52.3076232 ], [ 5.0127992, 52.3081378 ], [ 5.0129731, 52.3082048 ], [ 5.0131308, 52.3082863 ], [ 5.0132707, 52.3083784 ], [ 5.0133508, 52.308447 ], [ 5.0134829, 52.3085938 ], [ 5.0135523, 52.3087127 ], [ 5.0137334, 52.3091546 ], [ 5.0140921, 52.3090631 ], [ 5.0141424, 52.3089806 ], [ 5.0138567, 52.3084512 ], [ 5.0138676, 52.3083722 ], [ 5.0144689, 52.3076595 ], [ 5.0149036, 52.3077517 ], [ 5.0159836, 52.3078135 ], [ 5.016197, 52.3075634 ], [ 5.016222, 52.30755 ], [ 5.0162543, 52.3075465 ], [ 5.0163845, 52.3075621 ], [ 5.0164873, 52.3075634 ], [ 5.0171183, 52.3075043 ], [ 5.0170361, 52.3080342 ], [ 5.0204657, 52.3082121 ], [ 5.0201567, 52.3099566 ], [ 5.0198394, 52.3118053 ], [ 5.0197089, 52.3125067 ], [ 5.0193009, 52.3148567 ], [ 5.0187595, 52.3178955 ], [ 5.018423, 52.3197495 ], [ 5.0182659, 52.320646 ], [ 5.0182114, 52.3210376 ], [ 5.018134, 52.3215398 ], [ 5.018057, 52.3219845 ], [ 5.0179691, 52.3226681 ], [ 5.0179404, 52.3231183 ], [ 5.0179354, 52.3231929 ], [ 5.0168353, 52.3230205 ], [ 5.0166551, 52.3229877 ], [ 5.0165827, 52.3232283 ], [ 5.0165852, 52.3232858 ], [ 5.0165487, 52.3234394 ], [ 5.0165024, 52.323548 ], [ 5.0164194, 52.3236457 ], [ 5.0164381, 52.3236862 ], [ 5.0163683, 52.3239699 ], [ 5.016325, 52.3242377 ], [ 5.0162981, 52.3242988 ], [ 5.0162415, 52.3244001 ], [ 5.0161778, 52.3244762 ], [ 5.0161365, 52.324513 ], [ 5.0157873, 52.3243376 ], [ 5.0150661, 52.3239353 ], [ 5.0147376, 52.3237447 ], [ 5.0141422, 52.3233914 ], [ 5.0136912, 52.3231131 ], [ 5.0128795, 52.3226584 ], [ 5.0124591, 52.3224172 ], [ 5.0122446, 52.3222781 ], [ 5.0112886, 52.3217296 ], [ 5.0108828, 52.3214891 ], [ 5.0106259, 52.3213472 ], [ 5.0103165, 52.3211647 ], [ 5.0097487, 52.3208403 ], [ 5.0094626, 52.3206874 ], [ 5.0093633, 52.3206305 ], [ 5.0087659, 52.3203267 ], [ 5.0084623, 52.3201594 ], [ 5.0082318, 52.3200239 ], [ 5.0079835, 52.3198855 ], [ 5.0077428, 52.3197437 ], [ 5.0070626, 52.3193532 ], [ 5.0067792, 52.3192166 ], [ 5.0065253, 52.3190783 ], [ 5.0052005, 52.3182787 ], [ 5.0050095, 52.3181423 ], [ 5.0043722, 52.3177133 ], [ 5.0034448, 52.3170982 ], [ 5.0030582, 52.3168706 ], [ 5.002756, 52.3166843 ], [ 5.0022078, 52.3163312 ], [ 5.0015339, 52.315912 ], [ 5.001385, 52.3158351 ], [ 5.0009686, 52.3156361 ], [ 5.0005413, 52.3153847 ], [ 5.0003893, 52.3153079 ], [ 5.0001746, 52.3152146 ], [ 4.999903, 52.315087 ], [ 4.9996576, 52.3149585 ], [ 4.9994665, 52.3148474 ], [ 4.9992155, 52.3147081 ], [ 4.9989062, 52.3145309 ], [ 4.9987339, 52.3144289 ], [ 4.9986611, 52.3143792 ], [ 4.9985837, 52.3143386 ], [ 4.9983604, 52.3142066 ], [ 4.9983532, 52.314202 ], [ 4.9983576, 52.3141993 ], [ 4.9980818, 52.3140358 ], [ 4.9979448, 52.313941 ] ] ] } },
{ "type": "Feature", "properties": { "buurt_naam": "Dorp Driemond", "stadsdeel": "Weesp", "bevolking": 1545, "oppervlakte_km2": 0.397, "bev_dichtheid": 3891.7 }, "geometry": { "type": "Polygon", "coordinates": [ [ [ 5.0099759, 52.3082133 ], [ 5.0100131, 52.3081442 ], [ 5.0102072, 52.3077341 ], [ 5.0093778, 52.3074979 ], [ 5.0087672, 52.3074033 ], [ 5.0086312, 52.3073705 ], [ 5.008498, 52.3073314 ], [ 5.0084133, 52.3072997 ], [ 5.0083462, 52.3072545 ], [ 5.0082953, 52.3072023 ], [ 5.0082709, 52.3071429 ], [ 5.0082712, 52.3071069 ], [ 5.008292, 52.3070738 ], [ 5.0083567, 52.3070488 ], [ 5.0084287, 52.3070347 ], [ 5.0085035, 52.3070258 ], [ 5.0085798, 52.3070262 ], [ 5.0086545, 52.3070362 ], [ 5.0086984, 52.3070517 ], [ 5.0087348, 52.3070751 ], [ 5.0087755, 52.3071166 ], [ 5.0088121, 52.3071365 ], [ 5.0088559, 52.3071492 ], [ 5.0089482, 52.3071648 ], [ 5.0090784, 52.3071778 ], [ 5.009206, 52.3071989 ], [ 5.0095444, 52.3072368 ], [ 5.0095912, 52.3072342 ], [ 5.009606, 52.3072235 ], [ 5.0098747, 52.3066627 ], [ 5.0099999, 52.3064159 ], [ 5.0101911, 52.3061837 ], [ 5.0101985, 52.3061721 ], [ 5.010203, 52.3061496 ], [ 5.0101986, 52.306146 ], [ 5.0101431, 52.3061342 ], [ 5.0099542, 52.3061003 ], [ 5.009493, 52.3060287 ], [ 5.0096784, 52.305766 ], [ 5.0098763, 52.3055976 ], [ 5.0099046, 52.3055582 ], [ 5.0098858, 52.3055186 ], [ 5.0098421, 52.3054798 ], [ 5.0095842, 52.3053019 ], [ 5.0098712, 52.305159 ], [ 5.0100258, 52.3050866 ], [ 5.0104266, 52.3048525 ], [ 5.0104414, 52.3048471 ], [ 5.0104574, 52.3048427 ], [ 5.0104838, 52.3048455 ], [ 5.0106648, 52.3049539 ], [ 5.0106764, 52.3049549 ], [ 5.0107117, 52.3049469 ], [ 5.0110204, 52.3048392 ], [ 5.0110367, 52.3048383 ], [ 5.0110454, 52.304841 ], [ 5.0111198, 52.3048925 ], [ 5.0118928, 52.3045058 ], [ 5.0113111, 52.3042792 ], [ 5.0118286, 52.3037766 ], [ 5.0126487, 52.3038799 ], [ 5.0127216, 52.3035854 ], [ 5.0129911, 52.3036069 ], [ 5.0132168, 52.3036193 ], [ 5.0133869, 52.3036171 ], [ 5.0142302, 52.303591 ], [ 5.0142661, 52.3036783 ], [ 5.014485, 52.3036151 ], [ 5.0147334, 52.3035495 ], [ 5.0149598, 52.3034747 ], [ 5.0152379, 52.3033623 ], [ 5.015732, 52.3031984 ], [ 5.0160993, 52.3030828 ], [ 5.0163947, 52.3029992 ], [ 5.0166502, 52.302938 ], [ 5.0167077, 52.3029211 ], [ 5.0166874, 52.3028824 ], [ 5.0168269, 52.3028469 ], [ 5.017131, 52.3027858 ], [ 5.0178415, 52.302663 ], [ 5.0183068, 52.302599 ], [ 5.0185945, 52.3025684 ], [ 5.0190889, 52.3025223 ], [ 5.019422, 52.3025017 ], [ 5.0197461, 52.3024884 ], [ 5.0201068, 52.3024787 ], [ 5.0206449, 52.3024732 ], [ 5.0215452, 52.3024579 ], [ 5.0215027, 52.3028102 ], [ 5.0214634, 52.3031354 ], [ 5.0214123, 52.3034624 ], [ 5.0213357, 52.3038666 ], [ 5.0212702, 52.3041764 ], [ 5.0211609, 52.3046336 ], [ 5.0211296, 52.3048654 ], [ 5.0210657, 52.3051492 ], [ 5.0210377, 52.3051635 ], [ 5.020813, 52.3062754 ], [ 5.0207135, 52.3067982 ], [ 5.0205287, 52.3078592 ], [ 5.0204657, 52.3082121 ], [ 5.0170361, 52.3080342 ], [ 5.0171183, 52.3075043 ], [ 5.0164873, 52.3075634 ], [ 5.0163845, 52.3075621 ], [ 5.0162543, 52.3075465 ], [ 5.016222, 52.30755 ], [ 5.016197, 52.3075634 ], [ 5.0159836, 52.3078135 ], [ 5.0149036, 52.3077517 ], [ 5.0144689, 52.3076595 ], [ 5.0138676, 52.3083722 ], [ 5.0138567, 52.3084512 ], [ 5.0141424, 52.3089806 ], [ 5.0140921, 52.3090631 ], [ 5.0137334, 52.3091546 ], [ 5.0135523, 52.3087127 ], [ 5.0134829, 52.3085938 ], [ 5.0133508, 52.308447 ], [ 5.0132707, 52.3083784 ], [ 5.0131308, 52.3082863 ], [ 5.0129731, 52.3082048 ], [ 5.0127992, 52.3081378 ], [ 5.0112009, 52.3076232 ], [ 5.0111027, 52.3076058 ], [ 5.0108975, 52.3075881 ], [ 5.0107473, 52.3082023 ], [ 5.0106892, 52.3083181 ], [ 5.0105915, 52.3084194 ], [ 5.0099403, 52.3082726 ], [ 5.0099759, 52.3082133 ] ] ] } },
{ "type": "Feature", "properties": { "buurt_naam": "Weespersluis-Noord", "stadsdeel": "Weesp", "bevolking": 5, "oppervlakte_km2": 1.2324, "bev_dichtheid": 4.1 }, "geometry": { "type": "Polygon", "coordinates": [ [ [ 5.0434304, 52.3278496 ], [ 5.0432256, 52.3279667 ], [ 5.0431254, 52.3280186 ], [ 5.0429649, 52.3280954 ], [ 5.0427823, 52.3281749 ], [ 5.0426882, 52.3282124 ], [ 5.0425455, 52.328266 ], [ 5.0423866, 52.3283202 ], [ 5.0413939, 52.328641 ], [ 5.0411321, 52.3287184 ], [ 5.0406619, 52.3288365 ], [ 5.040265, 52.3289279 ], [ 5.0399799, 52.32899 ], [ 5.0395613, 52.3290751 ], [ 5.0390544, 52.3291688 ], [ 5.0368332, 52.3295461 ], [ 5.0363176, 52.3296443 ], [ 5.0356197, 52.3297932 ], [ 5.0347441, 52.3299489 ], [ 5.0341227, 52.3300549 ], [ 5.0331518, 52.3302138 ], [ 5.032178, 52.3303654 ], [ 5.0313686, 52.3304852 ], [ 5.0309383, 52.330546 ], [ 5.0303642, 52.3306206 ], [ 5.0299309, 52.3306724 ], [ 5.0294978, 52.3307195 ], [ 5.0290617, 52.3307622 ], [ 5.0288562, 52.3307778 ], [ 5.0285597, 52.3307948 ], [ 5.0283264, 52.330804 ], [ 5.0280622, 52.3308096 ], [ 5.0277645, 52.3308096 ], [ 5.0275649, 52.3308062 ], [ 5.0272673, 52.3307954 ], [ 5.0270678, 52.3307849 ], [ 5.0268713, 52.3307718 ], [ 5.026562, 52.3307449 ], [ 5.0261281, 52.3306958 ], [ 5.0258541, 52.3306681 ], [ 5.0256004, 52.3306493 ], [ 5.0254069, 52.3306388 ], [ 5.02509, 52.3306298 ], [ 5.0248245, 52.3306299 ], [ 5.0245795, 52.3306354 ], [ 5.0244092, 52.330643 ], [ 5.0240996, 52.3306636 ], [ 5.0239014, 52.3306819 ], [ 5.0236679, 52.3307081 ], [ 5.0233844, 52.3307477 ], [ 5.0231214, 52.33079 ], [ 5.0228336, 52.330827 ], [ 5.0225429, 52.3308529 ], [ 5.0223243, 52.3308657 ], [ 5.0221775, 52.3308706 ], [ 5.0220308, 52.3308729 ], [ 5.0217769, 52.3308703 ], [ 5.0215893, 52.3308635 ], [ 5.0214441, 52.330855 ], [ 5.0212286, 52.3308391 ], [ 5.0208972, 52.3308093 ], [ 5.020607, 52.3307778 ], [ 5.0202275, 52.3307298 ], [ 5.0197146, 52.3306518 ], [ 5.0188959, 52.3305118 ], [ 5.0184739, 52.3304332 ], [ 5.0179951, 52.3303392 ], [ 5.0172759, 52.3301877 ], [ 5.0175912, 52.3295012 ], [ 5.0178691, 52.3287075 ], [ 5.0179822, 52.3283537 ], [ 5.0181083, 52.327823 ], [ 5.0182206, 52.3270297 ], [ 5.0182986, 52.3260943 ], [ 5.0184025, 52.3247133 ], [ 5.0184261, 52.3243395 ], [ 5.0233588, 52.3222229 ], [ 5.0244186, 52.3231914 ], [ 5.0237171, 52.3234147 ], [ 5.0269151, 52.3271743 ], [ 5.0276283, 52.3269706 ], [ 5.0278564, 52.3272408 ], [ 5.0286122, 52.3270077 ], [ 5.0282538, 52.3265195 ], [ 5.0296607, 52.3261373 ], [ 5.030006, 52.3266128 ], [ 5.0311277, 52.3263088 ], [ 5.03109, 52.3262558 ], [ 5.032565, 52.3259734 ], [ 5.0323053, 52.3254234 ], [ 5.0328594, 52.325275 ], [ 5.0330451, 52.3251767 ], [ 5.0336887, 52.325042 ], [ 5.0340114, 52.3257819 ], [ 5.0349424, 52.3256479 ], [ 5.0350245, 52.3258567 ], [ 5.0359732, 52.3256987 ], [ 5.0360662, 52.3260045 ], [ 5.0361379, 52.3261962 ], [ 5.0376192, 52.326054 ], [ 5.0375194, 52.3256897 ], [ 5.0396212, 52.3255323 ], [ 5.0396114, 52.3254784 ], [ 5.0410131, 52.3253539 ], [ 5.0410091, 52.3251032 ], [ 5.0456123, 52.3256675 ], [ 5.0475502, 52.3256424 ], [ 5.0476031, 52.3256399 ], [ 5.0476499, 52.3256338 ], [ 5.0476897, 52.3256222 ], [ 5.0477235, 52.3256069 ], [ 5.047759, 52.325581 ], [ 5.0477811, 52.3255551 ], [ 5.0477915, 52.3255318 ], [ 5.0477889, 52.3255011 ], [ 5.047667, 52.3249607 ], [ 5.0476345, 52.3245858 ], [ 5.0516748, 52.3243132 ], [ 5.0516395, 52.3237343 ], [ 5.0566974, 52.3234763 ], [ 5.0566335, 52.3232091 ], [ 5.056647, 52.3231606 ], [ 5.0568248, 52.3231243 ], [ 5.0567603, 52.3229236 ], [ 5.0566629, 52.3228047 ], [ 5.0598571, 52.3212533 ], [ 5.0601285, 52.3210717 ], [ 5.0603917, 52.3211641 ], [ 5.060538, 52.3212301 ], [ 5.0606709, 52.3213006 ], [ 5.0609323, 52.3214585 ], [ 5.0610782, 52.3215695 ], [ 5.0611553, 52.3216416 ], [ 5.0614188, 52.3217215 ], [ 5.06147, 52.3217476 ], [ 5.061502, 52.3217756 ], [ 5.0615208, 52.3218017 ], [ 5.0615266, 52.3218242 ], [ 5.0615204, 52.3218529 ], [ 5.0614444, 52.3220424 ], [ 5.0610979, 52.3220828 ], [ 5.0611427, 52.3221719 ], [ 5.061183, 52.3222771 ], [ 5.0611958, 52.3223266 ], [ 5.0612146, 52.3223644 ], [ 5.0612588, 52.3225308 ], [ 5.0613227, 52.3228275 ], [ 5.0613883, 52.323092 ], [ 5.0614136, 52.3232349 ], [ 5.0614394, 52.3233222 ], [ 5.061516, 52.3236756 ], [ 5.0604123, 52.3239584 ], [ 5.0601624, 52.3240313 ], [ 5.0600668, 52.3240643 ], [ 5.0599299, 52.3241314 ], [ 5.0597475, 52.3242154 ], [ 5.0594663, 52.3243368 ], [ 5.0592295, 52.3244324 ], [ 5.0590205, 52.3245108 ], [ 5.0589691, 52.324535 ], [ 5.0588733, 52.3245994 ], [ 5.0585497, 52.32471 ], [ 5.0581616, 52.3248338 ], [ 5.0577941, 52.3249433 ], [ 5.057484, 52.3250297 ], [ 5.0569901, 52.3251568 ], [ 5.0563876, 52.3253007 ], [ 5.0558131, 52.325442 ], [ 5.0556886, 52.3254112 ], [ 5.0556475, 52.325421 ], [ 5.0555719, 52.3255339 ], [ 5.0551883, 52.32563 ], [ 5.0550487, 52.3256583 ], [ 5.0547594, 52.3257006 ], [ 5.0546184, 52.3257245 ], [ 5.0544775, 52.325752 ], [ 5.0543128, 52.3257902 ], [ 5.0543055, 52.3257776 ], [ 5.054247, 52.3257792 ], [ 5.0540751, 52.3258147 ], [ 5.0536399, 52.3259258 ], [ 5.0532315, 52.3260262 ], [ 5.0521352, 52.3262829 ], [ 5.0511858, 52.326521 ], [ 5.0505024, 52.3266863 ], [ 5.0498148, 52.3268453 ], [ 5.0494003, 52.3269365 ], [ 5.0492917, 52.3269578 ], [ 5.0491801, 52.3269763 ], [ 5.0490127, 52.3269993 ], [ 5.0488423, 52.3270158 ], [ 5.0487278, 52.3270236 ], [ 5.0486134, 52.3270287 ], [ 5.0484418, 52.3270309 ], [ 5.0482687, 52.3270268 ], [ 5.0481264, 52.3270183 ], [ 5.0478715, 52.3269924 ], [ 5.0476487, 52.3269576 ], [ 5.0474319, 52.326913 ], [ 5.0470864, 52.3268302 ], [ 5.0468418, 52.3267828 ], [ 5.0467363, 52.3267672 ], [ 5.046575, 52.3267488 ], [ 5.0463859, 52.3267347 ], [ 5.0463038, 52.3267318 ], [ 5.0460853, 52.3267303 ], [ 5.0459532, 52.3267353 ], [ 5.0458108, 52.3267448 ], [ 5.0456509, 52.3267614 ], [ 5.0455275, 52.3267781 ], [ 5.0453893, 52.326802 ], [ 5.0452308, 52.3268356 ], [ 5.0451293, 52.3268606 ], [ 5.0449809, 52.3269033 ], [ 5.0447897, 52.3269683 ], [ 5.0446085, 52.3270432 ], [ 5.0445056, 52.3270924 ], [ 5.0443981, 52.3271496 ], [ 5.0447775, 52.3274005 ], [ 5.0448637, 52.3274493 ], [ 5.0448459, 52.3274591 ], [ 5.0446739, 52.3275189 ], [ 5.0439059, 52.3279903 ], [ 5.0435482, 52.3277764 ], [ 5.0434304, 52.3278496 ] ] ] } },
{ "type": "Feature", "properties": { "buurt_naam": "Waterrijk", "stadsdeel": "Weesp", "bevolking": 1340, "oppervlakte_km2": 0.8915, "bev_dichtheid": 1503.1 }, "geometry": { "type": "Polygon", "coordinates": [ [ [ 5.0601285, 52.3210717 ], [ 5.0598571, 52.3212533 ], [ 5.0566629, 52.3228047 ], [ 5.0567603, 52.3229236 ], [ 5.0568248, 52.3231243 ], [ 5.056647, 52.3231606 ], [ 5.0566335, 52.3232091 ], [ 5.0566974, 52.3234763 ], [ 5.0516395, 52.3237343 ], [ 5.0516748, 52.3243132 ], [ 5.0476345, 52.3245858 ], [ 5.047667, 52.3249607 ], [ 5.0477889, 52.3255011 ], [ 5.0477915, 52.3255318 ], [ 5.0477811, 52.3255551 ], [ 5.047759, 52.325581 ], [ 5.0477235, 52.3256069 ], [ 5.0476897, 52.3256222 ], [ 5.0476499, 52.3256338 ], [ 5.0476031, 52.3256399 ], [ 5.0475502, 52.3256424 ], [ 5.0456123, 52.3256675 ], [ 5.0410091, 52.3251032 ], [ 5.0410131, 52.3253539 ], [ 5.0396114, 52.3254784 ], [ 5.0396212, 52.3255323 ], [ 5.0375194, 52.3256897 ], [ 5.0376192, 52.326054 ], [ 5.0361379, 52.3261962 ], [ 5.0360662, 52.3260045 ], [ 5.0359732, 52.3256987 ], [ 5.0350245, 52.3258567 ], [ 5.0349424, 52.3256479 ], [ 5.0340114, 52.3257819 ], [ 5.0336887, 52.325042 ], [ 5.0330451, 52.3251767 ], [ 5.0328594, 52.325275 ], [ 5.0323053, 52.3254234 ], [ 5.032565, 52.3259734 ], [ 5.03109, 52.3262558 ], [ 5.0311277, 52.3263088 ], [ 5.030006, 52.3266128 ], [ 5.0296607, 52.3261373 ], [ 5.0282538, 52.3265195 ], [ 5.0286122, 52.3270077 ], [ 5.0278564, 52.3272408 ], [ 5.0276283, 52.3269706 ], [ 5.0269151, 52.3271743 ], [ 5.0237171, 52.3234147 ], [ 5.0244186, 52.3231914 ], [ 5.025164, 52.3229833 ], [ 5.0252468, 52.3230743 ], [ 5.0262645, 52.3227566 ], [ 5.0265069, 52.3230629 ], [ 5.0290395, 52.3225871 ], [ 5.0292308, 52.3228608 ], [ 5.0309979, 52.3225417 ], [ 5.0310935, 52.3227047 ], [ 5.0323714, 52.3224658 ], [ 5.0325425, 52.3227244 ], [ 5.0347877, 52.322402 ], [ 5.0348834, 52.3225533 ], [ 5.0371365, 52.3221475 ], [ 5.0373484, 52.3224411 ], [ 5.0411667, 52.3218339 ], [ 5.0412563, 52.3219933 ], [ 5.0438906, 52.3216127 ], [ 5.0448077, 52.3213735 ], [ 5.0453926, 52.3212206 ], [ 5.0471674, 52.3206407 ], [ 5.0478912, 52.3213141 ], [ 5.0504963, 52.3203176 ], [ 5.0516177, 52.3209949 ], [ 5.0522302, 52.3214649 ], [ 5.0564423, 52.3199254 ], [ 5.0567439, 52.3196 ], [ 5.0573175, 52.3199728 ], [ 5.0577878, 52.3202509 ], [ 5.0581444, 52.3204173 ], [ 5.0585042, 52.3205558 ], [ 5.0590603, 52.3207317 ], [ 5.0595871, 52.320895 ], [ 5.0597627, 52.3209466 ], [ 5.0601285, 52.3210717 ] ] ] } },
{ "type": "Feature", "properties": { "buurt_naam": "Lanenrijk", "stadsdeel": "Weesp", "bevolking": 2845, "oppervlakte_km2": 0.6265, "bev_dichtheid": 4541.1 }, "geometry": { "type": "Polygon", "coordinates": [ [ [ 5.0233588, 52.3222229 ], [ 5.0241595, 52.3218793 ], [ 5.0297153, 52.3193446 ], [ 5.0315912, 52.3184092 ], [ 5.0348114, 52.3177376 ], [ 5.0435156, 52.3158515 ], [ 5.0447936, 52.3174918 ], [ 5.0436543, 52.3178363 ], [ 5.0427244, 52.3180358 ], [ 5.0427464, 52.3182291 ], [ 5.0435321, 52.3195948 ], [ 5.0448077, 52.3213735 ], [ 5.0438906, 52.3216127 ], [ 5.0412563, 52.3219933 ], [ 5.0411667, 52.3218339 ], [ 5.0373484, 52.3224411 ], [ 5.0371365, 52.3221475 ], [ 5.0348834, 52.3225533 ], [ 5.0347877, 52.322402 ], [ 5.0325425, 52.3227244 ], [ 5.0323714, 52.3224658 ], [ 5.0310935, 52.3227047 ], [ 5.0309979, 52.3225417 ], [ 5.0292308, 52.3228608 ], [ 5.0290395, 52.3225871 ], [ 5.0265069, 52.3230629 ], [ 5.0262645, 52.3227566 ], [ 5.0252468, 52.3230743 ], [ 5.025164, 52.3229833 ], [ 5.0244186, 52.3231914 ], [ 5.0233588, 52.3222229 ] ] ] } },
{ "type": "Feature", "properties": { "buurt_naam": "Vechtrijk", "stadsdeel": "Weesp", "bevolking": 1095, "oppervlakte_km2": 0.5977, "bev_dichtheid": 1832.1 }, "geometry": { "type": "Polygon", "coordinates": [ [ [ 5.0435321, 52.3195948 ], [ 5.0427464, 52.3182291 ], [ 5.0427244, 52.3180358 ], [ 5.0436543, 52.3178363 ], [ 5.0447936, 52.3174918 ], [ 5.0435156, 52.3158515 ], [ 5.0459806, 52.3153211 ], [ 5.0485512, 52.3147712 ], [ 5.0484368, 52.313989 ], [ 5.0493071, 52.3138998 ], [ 5.0502532, 52.313675 ], [ 5.0520041, 52.3134994 ], [ 5.0516747, 52.3141977 ], [ 5.0519967, 52.3148754 ], [ 5.0531867, 52.3155627 ], [ 5.0548834, 52.3159638 ], [ 5.0561658, 52.316281 ], [ 5.0566866, 52.3164542 ], [ 5.0568489, 52.316318 ], [ 5.0571546, 52.3160349 ], [ 5.0573039, 52.3160677 ], [ 5.0574752, 52.3161238 ], [ 5.0577635, 52.3162001 ], [ 5.0579333, 52.3162384 ], [ 5.0582364, 52.3162949 ], [ 5.0583418, 52.3163177 ], [ 5.058037, 52.3166835 ], [ 5.0590946, 52.3170531 ], [ 5.0587708, 52.3174198 ], [ 5.0581661, 52.3180742 ], [ 5.0567439, 52.3196 ], [ 5.0564423, 52.3199254 ], [ 5.0522302, 52.3214649 ], [ 5.0516177, 52.3209949 ], [ 5.0504963, 52.3203176 ], [ 5.0478912, 52.3213141 ], [ 5.0471674, 52.3206407 ], [ 5.0453926, 52.3212206 ], [ 5.0448077, 52.3213735 ], [ 5.0435321, 52.3195948 ] ] ] } },
{ "type": "Feature", "properties": { "buurt_naam": "Leeuwenveld", "stadsdeel": "Weesp", "bevolking": 1530, "oppervlakte_km2": 0.2695, "bev_dichtheid": 5677.6 }, "geometry": { "type": "Polygon", "coordinates": [ [ [ 5.0315912, 52.3184092 ], [ 5.0398706, 52.3144325 ], [ 5.0457876, 52.3112105 ], [ 5.04629, 52.3116829 ], [ 5.0467931, 52.3122416 ], [ 5.0475681, 52.3123255 ], [ 5.0479977, 52.3125389 ], [ 5.0481591, 52.3127174 ], [ 5.0482551, 52.3130061 ], [ 5.0484368, 52.313989 ], [ 5.0485512, 52.3147712 ], [ 5.0459806, 52.3153211 ], [ 5.0435156, 52.3158515 ], [ 5.0348114, 52.3177376 ], [ 5.0315912, 52.3184092 ] ] ] } },
{ "type": "Feature", "properties": { "buurt_naam": "Bedrijventerrein Nijverheidslaan", "stadsdeel": "Weesp", "bevolking": 35, "oppervlakte_km2": 0.213, "bev_dichtheid": 164.3 }, "geometry": { "type": "Polygon", "coordinates": [ [ [ 5.0457876, 52.3112105 ], [ 5.046471, 52.3108377 ], [ 5.0468349, 52.3106041 ], [ 5.0471255, 52.3103784 ], [ 5.0477458, 52.3099758 ], [ 5.0498251, 52.3099961 ], [ 5.0519027, 52.3100047 ], [ 5.0548783, 52.3101506 ], [ 5.0562479, 52.3103558 ], [ 5.0569215, 52.3106893 ], [ 5.0566361, 52.3113931 ], [ 5.0556284, 52.3118226 ], [ 5.0537406, 52.3124797 ], [ 5.0528969, 52.3129339 ], [ 5.0520041, 52.3134994 ], [ 5.0502532, 52.313675 ], [ 5.0493071, 52.3138998 ], [ 5.0484368, 52.313989 ], [ 5.0482551, 52.3130061 ], [ 5.0481591, 52.3127174 ], [ 5.0479977, 52.3125389 ], [ 5.0475681, 52.3123255 ], [ 5.0467931, 52.3122416 ], [ 5.04629, 52.3116829 ], [ 5.0457876, 52.3112105 ] ] ] } },
{ "type": "Feature", "properties": { "buurt_naam": "Bedrijventerrein-Noord Weesp", "stadsdeel": "Weesp", "bevolking": 125, "oppervlakte_km2": 0.9003, "bev_dichtheid": 138.8 }, "geometry": { "type": "Polygon", "coordinates": [ [ [ 5.0179354, 52.3231929 ], [ 5.0179404, 52.3231183 ], [ 5.0179691, 52.3226681 ], [ 5.018057, 52.3219845 ], [ 5.018134, 52.3215398 ], [ 5.0182114, 52.3210376 ], [ 5.0182659, 52.320646 ], [ 5.018423, 52.3197495 ], [ 5.0187595, 52.3178955 ], [ 5.0193009, 52.3148567 ], [ 5.0197089, 52.3125067 ], [ 5.0198394, 52.3118053 ], [ 5.0201567, 52.3099566 ], [ 5.0204657, 52.3082121 ], [ 5.0205287, 52.3078592 ], [ 5.0207135, 52.3067982 ], [ 5.020813, 52.3062754 ], [ 5.0210377, 52.3051635 ], [ 5.0210657, 52.3051492 ], [ 5.0211296, 52.3048654 ], [ 5.0211609, 52.3046336 ], [ 5.0212702, 52.3041764 ], [ 5.0223075, 52.3044376 ], [ 5.0228237, 52.3046054 ], [ 5.0233098, 52.3048811 ], [ 5.0238232, 52.3053725 ], [ 5.0241312, 52.3057311 ], [ 5.0233002, 52.3060315 ], [ 5.0231196, 52.3071534 ], [ 5.023014, 52.3071567 ], [ 5.0227239, 52.3089156 ], [ 5.0224548, 52.3102647 ], [ 5.0273332, 52.3102797 ], [ 5.0273415, 52.3137965 ], [ 5.027347, 52.3162142 ], [ 5.0273654, 52.3166645 ], [ 5.0274529, 52.3170648 ], [ 5.0275621, 52.3173536 ], [ 5.0277941, 52.3176752 ], [ 5.028117, 52.3180266 ], [ 5.0284696, 52.3183181 ], [ 5.0292005, 52.3189583 ], [ 5.0297153, 52.3193446 ], [ 5.0241595, 52.3218793 ], [ 5.0233588, 52.3222229 ], [ 5.0184261, 52.3243395 ], [ 5.0184437, 52.3241652 ], [ 5.018492, 52.3232963 ], [ 5.0179354, 52.3231929 ] ] ] } },
{ "type": "Feature", "properties": { "buurt_naam": "Hogewey-Noord", "stadsdeel": "Weesp", "bevolking": 1140, "oppervlakte_km2": 0.1755, "bev_dichtheid": 6495.4 }, "geometry": { "type": "Polygon", "coordinates": [ [ [ 5.0292005, 52.3189583 ], [ 5.0284696, 52.3183181 ], [ 5.028117, 52.3180266 ], [ 5.0277941, 52.3176752 ], [ 5.0275621, 52.3173536 ], [ 5.0274529, 52.3170648 ], [ 5.0273654, 52.3166645 ], [ 5.027347, 52.3162142 ], [ 5.0273415, 52.3137965 ], [ 5.0304136, 52.3138157 ], [ 5.033397, 52.3143037 ], [ 5.0324119, 52.3157298 ], [ 5.0321394, 52.3164156 ], [ 5.0319267, 52.3171654 ], [ 5.0315912, 52.3184092 ], [ 5.0297153, 52.3193446 ], [ 5.0292005, 52.3189583 ] ] ] } },
{ "type": "Feature", "properties": { "buurt_naam": "Hogewey-Midden", "stadsdeel": "Weesp", "bevolking": 1875, "oppervlakte_km2": 0.2137, "bev_dichtheid": 8772.2 }, "geometry": { "type": "Polygon", "coordinates": [ [ [ 5.0273415, 52.3137965 ], [ 5.0273332, 52.3102797 ], [ 5.0324073, 52.3102401 ], [ 5.0348283, 52.3102141 ], [ 5.0363718, 52.3102879 ], [ 5.0347894, 52.312344 ], [ 5.033397, 52.3143037 ], [ 5.0304136, 52.3138157 ], [ 5.0273415, 52.3137965 ] ] ] } },
{ "type": "Feature", "properties": { "buurt_naam": "Hogewey-Zuid", "stadsdeel": "Weesp", "bevolking": 1960, "oppervlakte_km2": 0.279, "bev_dichtheid": 7024.5 }, "geometry": { "type": "Polygon", "coordinates": [ [ [ 5.0273332, 52.3102797 ], [ 5.0224548, 52.3102647 ], [ 5.0227239, 52.3089156 ], [ 5.023014, 52.3071567 ], [ 5.0231196, 52.3071534 ], [ 5.0233002, 52.3060315 ], [ 5.0241312, 52.3057311 ], [ 5.0244203, 52.3060664 ], [ 5.025974, 52.3073788 ], [ 5.0268623, 52.3077841 ], [ 5.0275463, 52.3078833 ], [ 5.0305381, 52.3077853 ], [ 5.032781, 52.3078603 ], [ 5.0338641, 52.3080982 ], [ 5.0351098, 52.3083832 ], [ 5.0356059, 52.3084917 ], [ 5.0371551, 52.3087803 ], [ 5.0370015, 52.3090916 ], [ 5.0370567, 52.3093588 ], [ 5.03676, 52.309792 ], [ 5.0363718, 52.3102879 ], [ 5.0348283, 52.3102141 ], [ 5.0324073, 52.3102401 ], [ 5.0273332, 52.3102797 ] ] ] } },
{ "type": "Feature", "properties": { "buurt_naam": "Weesp Dichtersbuurt", "stadsdeel": "Weesp", "bevolking": 1890, "oppervlakte_km2": 0.2592, "bev_dichtheid": 7293.0 }, "geometry": { "type": "Polygon", "coordinates": [ [ [ 5.0398706, 52.3144325 ], [ 5.0315912, 52.3184092 ], [ 5.0319267, 52.3171654 ], [ 5.0321394, 52.3164156 ], [ 5.0324119, 52.3157298 ], [ 5.033397, 52.3143037 ], [ 5.0344938, 52.3145082 ], [ 5.03699, 52.3131756 ], [ 5.0385068, 52.3123542 ], [ 5.0414356, 52.3115663 ], [ 5.0418324, 52.3114346 ], [ 5.0421518, 52.3112916 ], [ 5.042732, 52.3109788 ], [ 5.0434787, 52.3103743 ], [ 5.0437492, 52.3102797 ], [ 5.0443911, 52.3099491 ], [ 5.0454913, 52.309884 ], [ 5.0460626, 52.3097885 ], [ 5.0466548, 52.3096204 ], [ 5.0477458, 52.3099758 ], [ 5.0471255, 52.3103784 ], [ 5.0468349, 52.3106041 ], [ 5.046471, 52.3108377 ], [ 5.0457876, 52.3112105 ], [ 5.0398706, 52.3144325 ] ] ] } },
{ "type": "Feature", "properties": { "buurt_naam": "Weesp Schildersbuurt", "stadsdeel": "Weesp", "bevolking": 1050, "oppervlakte_km2": 0.1175, "bev_dichtheid": 8935.9 }, "geometry": { "type": "Polygon", "coordinates": [ [ [ 5.033397, 52.3143037 ], [ 5.0347894, 52.312344 ], [ 5.0363718, 52.3102879 ], [ 5.0365697, 52.3103009 ], [ 5.0370324, 52.3104084 ], [ 5.0370948, 52.3104706 ], [ 5.0373811, 52.3104301 ], [ 5.0377844, 52.3104268 ], [ 5.0390603, 52.3103874 ], [ 5.0400547, 52.3103705 ], [ 5.0420192, 52.311177 ], [ 5.0421518, 52.3112916 ], [ 5.0418324, 52.3114346 ], [ 5.0414356, 52.3115663 ], [ 5.0385068, 52.3123542 ], [ 5.03699, 52.3131756 ], [ 5.0344938, 52.3145082 ], [ 5.033397, 52.3143037 ] ] ] } },
{ "type": "Feature", "properties": { "buurt_naam": "Herensingelkwartier", "stadsdeel": "Weesp", "bevolking": 1040, "oppervlakte_km2": 0.097, "bev_dichtheid": 10726.5 }, "geometry": { "type": "Polygon", "coordinates": [ [ [ 5.0363718, 52.3102879 ], [ 5.03676, 52.309792 ], [ 5.0370567, 52.3093588 ], [ 5.0370015, 52.3090916 ], [ 5.0371551, 52.3087803 ], [ 5.0373704, 52.3087899 ], [ 5.0393757, 52.3085063 ], [ 5.0429055, 52.3090262 ], [ 5.0432021, 52.3091449 ], [ 5.0443911, 52.3099491 ], [ 5.0437492, 52.3102797 ], [ 5.0434787, 52.3103743 ], [ 5.042732, 52.3109788 ], [ 5.0421518, 52.3112916 ], [ 5.0420192, 52.311177 ], [ 5.0400547, 52.3103705 ], [ 5.0390603, 52.3103874 ], [ 5.0377844, 52.3104268 ], [ 5.0373811, 52.3104301 ], [ 5.0370948, 52.3104706 ], [ 5.0370324, 52.3104084 ], [ 5.0365697, 52.3103009 ], [ 5.0363718, 52.3102879 ] ] ] } },
{ "type": "Feature", "properties": { "buurt_naam": "Bedrijventerrein Van Houten", "stadsdeel": "Weesp", "bevolking": 675, "oppervlakte_km2": 0.5299, "bev_dichtheid": 1273.8 }, "geometry": { "type": "Polygon", "coordinates": [ [ [ 5.0212702, 52.3041764 ], [ 5.0213357, 52.3038666 ], [ 5.0214123, 52.3034624 ], [ 5.0214634, 52.3031354 ], [ 5.0215027, 52.3028102 ], [ 5.0223367, 52.3028469 ], [ 5.0237248, 52.3028835 ], [ 5.0243773, 52.302873 ], [ 5.0266351, 52.302683 ], [ 5.0294321, 52.3023778 ], [ 5.0312263, 52.3022304 ], [ 5.0328318, 52.3022226 ], [ 5.035964, 52.3023254 ], [ 5.0366805, 52.302367 ], [ 5.0366634, 52.3026806 ], [ 5.0368073, 52.3034091 ], [ 5.0372056, 52.3040223 ], [ 5.0375041, 52.30446 ], [ 5.0372352, 52.3047297 ], [ 5.0361455, 52.3057215 ], [ 5.0358274, 52.3062418 ], [ 5.0357093, 52.3065416 ], [ 5.0356211, 52.3069305 ], [ 5.0356235, 52.3073853 ], [ 5.0357301, 52.3079896 ], [ 5.0356059, 52.3084917 ], [ 5.0351098, 52.3083832 ], [ 5.0338641, 52.3080982 ], [ 5.032781, 52.3078603 ], [ 5.0305381, 52.3077853 ], [ 5.0275463, 52.3078833 ], [ 5.0268623, 52.3077841 ], [ 5.025974, 52.3073788 ], [ 5.0244203, 52.3060664 ], [ 5.0241312, 52.3057311 ], [ 5.0238232, 52.3053725 ], [ 5.0233098, 52.3048811 ], [ 5.0228237, 52.3046054 ], [ 5.0223075, 52.3044376 ], [ 5.0212702, 52.3041764 ] ] ] } },
{ "type": "Feature", "properties": { "buurt_naam": "Weesp Centrum", "stadsdeel": "Weesp", "bevolking": 2160, "oppervlakte_km2": 0.4209, "bev_dichtheid": 5131.5 }, "geometry": { "type": "Polygon", "coordinates": [ [ [ 5.0356059, 52.3084917 ], [ 5.0357301, 52.3079896 ], [ 5.0356235, 52.3073853 ], [ 5.0356211, 52.3069305 ], [ 5.0357093, 52.3065416 ], [ 5.0358274, 52.3062418 ], [ 5.0361455, 52.3057215 ], [ 5.0372352, 52.3047297 ], [ 5.0375041, 52.30446 ], [ 5.0376872, 52.304492 ], [ 5.0379912, 52.3046124 ], [ 5.039285, 52.3050997 ], [ 5.0397658, 52.3053187 ], [ 5.0410912, 52.3049172 ], [ 5.0417672, 52.3045318 ], [ 5.042783, 52.3034266 ], [ 5.0431856, 52.3033244 ], [ 5.0436461, 52.3034965 ], [ 5.0449419, 52.304284 ], [ 5.0455058, 52.3043692 ], [ 5.0474257, 52.3042795 ], [ 5.0476714, 52.3043556 ], [ 5.0477964, 52.304506 ], [ 5.0483496, 52.3055997 ], [ 5.0484411, 52.3064816 ], [ 5.0488406, 52.306969 ], [ 5.0491148, 52.3073482 ], [ 5.0490124, 52.3075249 ], [ 5.0486344, 52.3076784 ], [ 5.0478396, 52.3078695 ], [ 5.0471074, 52.308145 ], [ 5.0467135, 52.3086535 ], [ 5.0466416, 52.3092141 ], [ 5.0466548, 52.3096204 ], [ 5.0460626, 52.3097885 ], [ 5.0454913, 52.309884 ], [ 5.0443911, 52.3099491 ], [ 5.0432021, 52.3091449 ], [ 5.0429055, 52.3090262 ], [ 5.0393757, 52.3085063 ], [ 5.0373704, 52.3087899 ], [ 5.0371551, 52.3087803 ], [ 5.0356059, 52.3084917 ] ] ] } },
{ "type": "Feature", "properties": { "buurt_naam": "Weesp-Zuid I", "stadsdeel": "Weesp", "bevolking": 575, "oppervlakte_km2": 0.0986, "bev_dichtheid": 5833.8 }, "geometry": { "type": "Polygon", "coordinates": [ [ [ 5.0375041, 52.30446 ], [ 5.0372056, 52.3040223 ], [ 5.0368073, 52.3034091 ], [ 5.0366634, 52.3026806 ], [ 5.0366805, 52.302367 ], [ 5.0411167, 52.3025967 ], [ 5.0419217, 52.3025811 ], [ 5.0427622, 52.3025188 ], [ 5.0431856, 52.3033244 ], [ 5.042783, 52.3034266 ], [ 5.0417672, 52.3045318 ], [ 5.0410912, 52.3049172 ], [ 5.0397658, 52.3053187 ], [ 5.039285, 52.3050997 ], [ 5.0379912, 52.3046124 ], [ 5.0376872, 52.304492 ], [ 5.0375041, 52.30446 ] ] ] } },
{ "type": "Feature", "properties": { "buurt_naam": "Weesp-Zuid II", "stadsdeel": "Weesp", "bevolking": 640, "oppervlakte_km2": 0.1518, "bev_dichtheid": 4216.4 }, "geometry": { "type": "Polygon", "coordinates": [ [ [ 5.0427622, 52.3025188 ], [ 5.044224, 52.3023172 ], [ 5.0450901, 52.3021562 ], [ 5.0457527, 52.3019756 ], [ 5.0464083, 52.3017636 ], [ 5.047001, 52.3015342 ], [ 5.0480547, 52.3019507 ], [ 5.0515207, 52.3027003 ], [ 5.0523173, 52.3028382 ], [ 5.0529372, 52.3030835 ], [ 5.0519734, 52.3037378 ], [ 5.0504976, 52.3044203 ], [ 5.04841, 52.3055567 ], [ 5.0483496, 52.3055997 ], [ 5.0477964, 52.304506 ], [ 5.0476714, 52.3043556 ], [ 5.0474257, 52.3042795 ], [ 5.0455058, 52.3043692 ], [ 5.0449419, 52.304284 ], [ 5.0436461, 52.3034965 ], [ 5.0431856, 52.3033244 ], [ 5.0427622, 52.3025188 ] ] ] } },
{ "type": "Feature", "properties": { "buurt_naam": "De Klomp", "stadsdeel": "Weesp", "bevolking": 650, "oppervlakte_km2": 0.1038, "bev_dichtheid": 6261.9 }, "geometry": { "type": "Polygon", "coordinates": [ [ [ 5.047001, 52.3015342 ], [ 5.0478965, 52.3011675 ], [ 5.0482382, 52.3009725 ], [ 5.0487297, 52.3007339 ], [ 5.0495223, 52.3002185 ], [ 5.05017, 52.2996873 ], [ 5.0504721, 52.299459 ], [ 5.0521573, 52.2999491 ], [ 5.0532634, 52.3002426 ], [ 5.0540491, 52.3006295 ], [ 5.0538973, 52.3007593 ], [ 5.0537528, 52.3010502 ], [ 5.0532801, 52.3023062 ], [ 5.0529372, 52.3030835 ], [ 5.0523173, 52.3028382 ], [ 5.0515207, 52.3027003 ], [ 5.0480547, 52.3019507 ], [ 5.047001, 52.3015342 ] ] ] } },
{ "type": "Feature", "properties": { "buurt_naam": "Aetsveldsepolder", "stadsdeel": "Weesp", "bevolking": 445, "oppervlakte_km2": 5.491, "bev_dichtheid": 81.0 }, "geometry": { "type": "Polygon", "coordinates": [ [ [ 5.0366805, 52.302367 ], [ 5.035964, 52.3023254 ], [ 5.0328318, 52.3022226 ], [ 5.0312263, 52.3022304 ], [ 5.0294321, 52.3023778 ], [ 5.0266351, 52.302683 ], [ 5.0243773, 52.302873 ], [ 5.0237248, 52.3028835 ], [ 5.0223367, 52.3028469 ], [ 5.0215027, 52.3028102 ], [ 5.0215452, 52.3024579 ], [ 5.0216234, 52.301856 ], [ 5.0216654, 52.3012226 ], [ 5.0217177, 52.298414 ], [ 5.0218534, 52.2899049 ], [ 5.0218646, 52.2894268 ], [ 5.0219278, 52.2849331 ], [ 5.0218688, 52.2826546 ], [ 5.0227883, 52.2822009 ], [ 5.0228089, 52.2821857 ], [ 5.0228255, 52.2821543 ], [ 5.0228829, 52.2820987 ], [ 5.0229877, 52.2820271 ], [ 5.023073, 52.2819815 ], [ 5.0232142, 52.2819137 ], [ 5.0232597, 52.2819048 ], [ 5.0233595, 52.281897 ], [ 5.0234183, 52.2818774 ], [ 5.0236862, 52.2817129 ], [ 5.0243676, 52.2813662 ], [ 5.0243838, 52.281359 ], [ 5.0244652, 52.2814249 ], [ 5.0245554, 52.281525 ], [ 5.0247439, 52.281762 ], [ 5.0252461, 52.2823728 ], [ 5.0256942, 52.2829378 ], [ 5.0260191, 52.2833621 ], [ 5.0262774, 52.283672 ], [ 5.0263498, 52.2837783 ], [ 5.0265094, 52.2839792 ], [ 5.0266939, 52.2841757 ], [ 5.0269783, 52.2845163 ], [ 5.0270641, 52.2846001 ], [ 5.0274912, 52.2850967 ], [ 5.0275447, 52.2851651 ], [ 5.0276682, 52.2853057 ], [ 5.0278207, 52.2854886 ], [ 5.0289188, 52.2866945 ], [ 5.0291643, 52.2869703 ], [ 5.0295232, 52.2873489 ], [ 5.0300622, 52.2879535 ], [ 5.0305299, 52.2884889 ], [ 5.0309298, 52.2881431 ], [ 5.0314417, 52.2877142 ], [ 5.031861, 52.2873559 ], [ 5.0322546, 52.2870497 ], [ 5.0327473, 52.2866538 ], [ 5.0329198, 52.2865115 ], [ 5.0332135, 52.2862589 ], [ 5.033347, 52.286253 ], [ 5.0334213, 52.2863162 ], [ 5.0342713, 52.2859394 ], [ 5.0348685, 52.2856553 ], [ 5.0351509, 52.2855277 ], [ 5.0355643, 52.2853231 ], [ 5.0367091, 52.2847477 ], [ 5.0368092, 52.2846922 ], [ 5.0371772, 52.2844723 ], [ 5.0376645, 52.2842076 ], [ 5.0378426, 52.2841058 ], [ 5.0382607, 52.2838579 ], [ 5.0384197, 52.2837694 ], [ 5.0386596, 52.2836417 ], [ 5.0394306, 52.2832449 ], [ 5.0395008, 52.283255 ], [ 5.0395826, 52.283292 ], [ 5.0401504, 52.2835769 ], [ 5.0404673, 52.2837179 ], [ 5.0407432, 52.283876 ], [ 5.0407724, 52.2838833 ], [ 5.0407958, 52.2838816 ], [ 5.0409402, 52.2837957 ], [ 5.0416263, 52.2833708 ], [ 5.0417574, 52.283266 ], [ 5.0427806, 52.2824889 ], [ 5.0431034, 52.2826202 ], [ 5.0433985, 52.2827469 ], [ 5.043959, 52.2830361 ], [ 5.044455, 52.283326 ], [ 5.0451835, 52.2837038 ], [ 5.0455088, 52.2838935 ], [ 5.0465537, 52.2844781 ], [ 5.0468937, 52.2846588 ], [ 5.0470689, 52.2847384 ], [ 5.0474859, 52.2850208 ], [ 5.0475165, 52.2850595 ], [ 5.0478289, 52.2853894 ], [ 5.0480558, 52.2856372 ], [ 5.0480732, 52.2856499 ], [ 5.0481112, 52.2856562 ], [ 5.0481596, 52.2856726 ], [ 5.0481974, 52.285697 ], [ 5.0482221, 52.2857276 ], [ 5.048446, 52.2859574 ], [ 5.0489756, 52.2864802 ], [ 5.0492489, 52.2867749 ], [ 5.0494191, 52.2869434 ], [ 5.0497436, 52.2872418 ], [ 5.0501281, 52.2875737 ], [ 5.0503828, 52.2877991 ], [ 5.0503535, 52.2878116 ], [ 5.0504057, 52.2878729 ], [ 5.0506438, 52.2877989 ], [ 5.0507231, 52.2877659 ], [ 5.0508526, 52.2877006 ], [ 5.0509792, 52.2876228 ], [ 5.0512754, 52.2874098 ], [ 5.0513003, 52.2873973 ], [ 5.0513563, 52.2873777 ], [ 5.0514898, 52.2873502 ], [ 5.0515368, 52.2873368 ], [ 5.0515809, 52.287319 ], [ 5.0519772, 52.2870576 ], [ 5.0524944, 52.2866905 ], [ 5.0527714, 52.2864865 ], [ 5.0534427, 52.2868515 ], [ 5.0534911, 52.2868714 ], [ 5.054113, 52.2871922 ], [ 5.0547774, 52.2875239 ], [ 5.0548767, 52.2875664 ], [ 5.055033, 52.287627 ], [ 5.0553123, 52.2877277 ], [ 5.0554335, 52.2877648 ], [ 5.0555885, 52.28783 ], [ 5.0563995, 52.2881441 ], [ 5.0572883, 52.2884656 ], [ 5.057341, 52.2884792 ], [ 5.0575645, 52.2885814 ], [ 5.0577296, 52.288652 ], [ 5.0581899, 52.2888276 ], [ 5.0582995, 52.2888729 ], [ 5.0586664, 52.289015 ], [ 5.0591297, 52.2891888 ], [ 5.0594088, 52.2892975 ], [ 5.0594644, 52.2893102 ], [ 5.0595421, 52.2893212 ], [ 5.0598087, 52.2891547 ], [ 5.0600941, 52.2889911 ], [ 5.0609345, 52.2885216 ], [ 5.0613905, 52.2882756 ], [ 5.0624062, 52.287696 ], [ 5.063239, 52.2872292 ], [ 5.0633128, 52.2871719 ], [ 5.0637526, 52.2867425 ], [ 5.0640199, 52.2864772 ], [ 5.0641955, 52.2862935 ], [ 5.0642758, 52.28614 ], [ 5.0647934, 52.2850817 ], [ 5.0653436, 52.2851929 ], [ 5.0654258, 52.2852012 ], [ 5.0654726, 52.2851995 ], [ 5.0656593, 52.2826934 ], [ 5.0654973, 52.2813583 ], [ 5.0654922, 52.2812729 ], [ 5.0655817, 52.2812533 ], [ 5.0656682, 52.2812464 ], [ 5.0657561, 52.2812493 ], [ 5.0658206, 52.2812576 ], [ 5.065882, 52.2812721 ], [ 5.0658653, 52.2811408 ], [ 5.0664164, 52.2809384 ], [ 5.0672176, 52.281166 ], [ 5.0696205, 52.2826771 ], [ 5.0700009, 52.2837782 ], [ 5.0697598, 52.2843285 ], [ 5.0694385, 52.2849918 ], [ 5.0691503, 52.2855249 ], [ 5.0692724, 52.286291 ], [ 5.070033, 52.2869068 ], [ 5.0711081, 52.2878175 ], [ 5.072018, 52.2886863 ], [ 5.0727485, 52.289632 ], [ 5.0733776, 52.2910511 ], [ 5.0744034, 52.2923435 ], [ 5.075434, 52.292951 ], [ 5.0766024, 52.2933315 ], [ 5.0782339, 52.2935309 ], [ 5.0799263, 52.2938381 ], [ 5.0805468, 52.2941947 ], [ 5.081049, 52.2947102 ], [ 5.0810648, 52.2956008 ], [ 5.0805097, 52.296598 ], [ 5.0789353, 52.2974558 ], [ 5.0775805, 52.2981344 ], [ 5.0766565, 52.2982021 ], [ 5.0748272, 52.2975385 ], [ 5.072396, 52.2967978 ], [ 5.0713572, 52.2967214 ], [ 5.0696579, 52.296573 ], [ 5.0683178, 52.2965946 ], [ 5.0663521, 52.2963799 ], [ 5.0643816, 52.296033 ], [ 5.0627808, 52.2960178 ], [ 5.062093, 52.2962766 ], [ 5.0611747, 52.2969724 ], [ 5.0594465, 52.2987472 ], [ 5.0581993, 52.2992893 ], [ 5.0566738, 52.299596 ], [ 5.0553112, 52.2998807 ], [ 5.0545485, 52.3001311 ], [ 5.0540491, 52.3006295 ], [ 5.0532634, 52.3002426 ], [ 5.0521573, 52.2999491 ], [ 5.0504721, 52.299459 ], [ 5.05017, 52.2996873 ], [ 5.0470714, 52.2988166 ], [ 5.046952, 52.2987147 ], [ 5.0471006, 52.2984662 ], [ 5.0452461, 52.2978919 ], [ 5.0453018, 52.2975218 ], [ 5.0455295, 52.29727 ], [ 5.0460778, 52.2968733 ], [ 5.0461578, 52.2967675 ], [ 5.0439074, 52.2962226 ], [ 5.0434306, 52.2968243 ], [ 5.0421177, 52.2965724 ], [ 5.0412904, 52.2964604 ], [ 5.040779, 52.2964346 ], [ 5.0402015, 52.2964168 ], [ 5.0377364, 52.2961569 ], [ 5.0363893, 52.2959607 ], [ 5.0361716, 52.2962656 ], [ 5.0359353, 52.2968401 ], [ 5.0358898, 52.2970512 ], [ 5.0358896, 52.297239 ], [ 5.0360946, 52.2978328 ], [ 5.0362187, 52.2984623 ], [ 5.0362785, 52.2986917 ], [ 5.0365738, 52.2993576 ], [ 5.0366057, 52.2995798 ], [ 5.0366148, 52.2999105 ], [ 5.0366582, 52.3005515 ], [ 5.0366587, 52.3010331 ], [ 5.0365585, 52.3014643 ], [ 5.036538, 52.3016566 ], [ 5.0368353, 52.3016853 ], [ 5.0366805, 52.302367 ] ] ] } },
{ "type": "Feature", "properties": { "buurt_naam": "Aetsveld-Zuid", "stadsdeel": "Weesp", "bevolking": 1725, "oppervlakte_km2": 0.252, "bev_dichtheid": 6844.1 }, "geometry": { "type": "Polygon", "coordinates": [ [ [ 5.0368353, 52.3016853 ], [ 5.036538, 52.3016566 ], [ 5.0365585, 52.3014643 ], [ 5.0366587, 52.3010331 ], [ 5.0366582, 52.3005515 ], [ 5.0366148, 52.2999105 ], [ 5.0366057, 52.2995798 ], [ 5.0365738, 52.2993576 ], [ 5.0362785, 52.2986917 ], [ 5.0362187, 52.2984623 ], [ 5.0360946, 52.2978328 ], [ 5.0358896, 52.297239 ], [ 5.0358898, 52.2970512 ], [ 5.0359353, 52.2968401 ], [ 5.0361716, 52.2962656 ], [ 5.0363893, 52.2959607 ], [ 5.0377364, 52.2961569 ], [ 5.0402015, 52.2964168 ], [ 5.040779, 52.2964346 ], [ 5.0412904, 52.2964604 ], [ 5.0421177, 52.2965724 ], [ 5.0434306, 52.2968243 ], [ 5.0439074, 52.2962226 ], [ 5.0461578, 52.2967675 ], [ 5.0460778, 52.2968733 ], [ 5.0455295, 52.29727 ], [ 5.0453018, 52.2975218 ], [ 5.0452461, 52.2978919 ], [ 5.0471006, 52.2984662 ], [ 5.046952, 52.2987147 ], [ 5.0470714, 52.2988166 ], [ 5.05017, 52.2996873 ], [ 5.0495223, 52.3002185 ], [ 5.0487297, 52.3007339 ], [ 5.0482382, 52.3009725 ], [ 5.0478314, 52.3006712 ], [ 5.0473267, 52.3003255 ], [ 5.0471883, 52.3002209 ], [ 5.047123, 52.3001406 ], [ 5.0468653, 52.2997093 ], [ 5.0468013, 52.2996382 ], [ 5.0467006, 52.2995669 ], [ 5.046606, 52.2995056 ], [ 5.0465009, 52.2994495 ], [ 5.0460663, 52.299335 ], [ 5.0458805, 52.2992787 ], [ 5.0457461, 52.2992172 ], [ 5.0456557, 52.2991675 ], [ 5.0452921, 52.2987845 ], [ 5.0451769, 52.2987015 ], [ 5.045022, 52.2986364 ], [ 5.0448129, 52.2985648 ], [ 5.0431693, 52.2982194 ], [ 5.0430139, 52.2982 ], [ 5.0429231, 52.2982061 ], [ 5.0424805, 52.2983674 ], [ 5.0423306, 52.2984191 ], [ 5.0421693, 52.2984349 ], [ 5.0420139, 52.2984281 ], [ 5.0412422, 52.2983207 ], [ 5.0411513, 52.2983204 ], [ 5.041031, 52.2983389 ], [ 5.0404471, 52.2985709 ], [ 5.0403868, 52.2986104 ], [ 5.040341, 52.2986533 ], [ 5.03989, 52.2998887 ], [ 5.039819, 52.2999838 ], [ 5.0397231, 52.3000698 ], [ 5.0394962, 52.3002075 ], [ 5.0393254, 52.3002933 ], [ 5.0390639, 52.3003752 ], [ 5.0387877, 52.3004455 ], [ 5.0385363, 52.3005274 ], [ 5.0379066, 52.3008122 ], [ 5.0374029, 52.3011207 ], [ 5.0371137, 52.3013483 ], [ 5.0369779, 52.3014736 ], [ 5.0368353, 52.3016853 ] ] ] } },
{ "type": "Feature", "properties": { "buurt_naam": "Aetsveld-Noord", "stadsdeel": "Weesp", "bevolking": 1600, "oppervlakte_km2": 0.2431, "bev_dichtheid": 6581.0 }, "geometry": { "type": "Polygon", "coordinates": [ [ [ 5.0366805, 52.302367 ], [ 5.0368353, 52.3016853 ], [ 5.0369779, 52.3014736 ], [ 5.0371137, 52.3013483 ], [ 5.0374029, 52.3011207 ], [ 5.0379066, 52.3008122 ], [ 5.0385363, 52.3005274 ], [ 5.0387877, 52.3004455 ], [ 5.0390639, 52.3003752 ], [ 5.0393254, 52.3002933 ], [ 5.0394962, 52.3002075 ], [ 5.0397231, 52.3000698 ], [ 5.039819, 52.2999838 ], [ 5.03989, 52.2998887 ], [ 5.040341, 52.2986533 ], [ 5.0403868, 52.2986104 ], [ 5.0404471, 52.2985709 ], [ 5.041031, 52.2983389 ], [ 5.0411513, 52.2983204 ], [ 5.0412422, 52.2983207 ], [ 5.0420139, 52.2984281 ], [ 5.0421693, 52.2984349 ], [ 5.0423306, 52.2984191 ], [ 5.0424805, 52.2983674 ], [ 5.0429231, 52.2982061 ], [ 5.0430139, 52.2982 ], [ 5.0431693, 52.2982194 ], [ 5.0448129, 52.2985648 ], [ 5.045022, 52.2986364 ], [ 5.0451769, 52.2987015 ], [ 5.0452921, 52.2987845 ], [ 5.0456557, 52.2991675 ], [ 5.0457461, 52.2992172 ], [ 5.0458805, 52.2992787 ], [ 5.0460663, 52.299335 ], [ 5.0465009, 52.2994495 ], [ 5.046606, 52.2995056 ], [ 5.0467006, 52.2995669 ], [ 5.0468013, 52.2996382 ], [ 5.0468653, 52.2997093 ], [ 5.047123, 52.3001406 ], [ 5.0471883, 52.3002209 ], [ 5.0473267, 52.3003255 ], [ 5.0478314, 52.3006712 ], [ 5.0482382, 52.3009725 ], [ 5.0478965, 52.3011675 ], [ 5.047001, 52.3015342 ], [ 5.0464083, 52.3017636 ], [ 5.0457527, 52.3019756 ], [ 5.0450901, 52.3021562 ], [ 5.044224, 52.3023172 ], [ 5.0427622, 52.3025188 ], [ 5.0419217, 52.3025811 ], [ 5.0411167, 52.3025967 ], [ 5.0366805, 52.302367 ] ] ] } },
{ "type": "Feature", "properties": { "buurt_naam": "Oostelijke Vechtoever", "stadsdeel": "Weesp", "bevolking": 535, "oppervlakte_km2": 10.9059, "bev_dichtheid": 49.1 }, "geometry": { "type": "Polygon", "coordinates": [ [ [ 5.0466548, 52.3096204 ], [ 5.0466416, 52.3092141 ], [ 5.0467135, 52.3086535 ], [ 5.0471074, 52.308145 ], [ 5.0478396, 52.3078695 ], [ 5.0486344, 52.3076784 ], [ 5.0490124, 52.3075249 ], [ 5.0491148, 52.3073482 ], [ 5.0488406, 52.306969 ], [ 5.0484411, 52.3064816 ], [ 5.0483496, 52.3055997 ], [ 5.04841, 52.3055567 ], [ 5.0504976, 52.3044203 ], [ 5.0519734, 52.3037378 ], [ 5.0529372, 52.3030835 ], [ 5.0532801, 52.3023062 ], [ 5.0537528, 52.3010502 ], [ 5.0538973, 52.3007593 ], [ 5.0540491, 52.3006295 ], [ 5.0545485, 52.3001311 ], [ 5.0553112, 52.2998807 ], [ 5.0566738, 52.299596 ], [ 5.0581993, 52.2992893 ], [ 5.0594465, 52.2987472 ], [ 5.0611747, 52.2969724 ], [ 5.062093, 52.2962766 ], [ 5.0627808, 52.2960178 ], [ 5.0643816, 52.296033 ], [ 5.0663521, 52.2963799 ], [ 5.0683178, 52.2965946 ], [ 5.0696579, 52.296573 ], [ 5.0713572, 52.2967214 ], [ 5.072396, 52.2967978 ], [ 5.0748272, 52.2975385 ], [ 5.0766565, 52.2982021 ], [ 5.0775805, 52.2981344 ], [ 5.0789353, 52.2974558 ], [ 5.0805097, 52.296598 ], [ 5.0810648, 52.2956008 ], [ 5.081049, 52.2947102 ], [ 5.0805468, 52.2941947 ], [ 5.0799263, 52.2938381 ], [ 5.0782339, 52.2935309 ], [ 5.0766024, 52.2933315 ], [ 5.075434, 52.292951 ], [ 5.0744034, 52.2923435 ], [ 5.0733776, 52.2910511 ], [ 5.0727485, 52.289632 ], [ 5.072018, 52.2886863 ], [ 5.0711081, 52.2878175 ], [ 5.070033, 52.2869068 ], [ 5.0692724, 52.286291 ], [ 5.0691503, 52.2855249 ], [ 5.0694385, 52.2849918 ], [ 5.0697598, 52.2843285 ], [ 5.0700009, 52.2837782 ], [ 5.0696205, 52.2826771 ], [ 5.0672176, 52.281166 ], [ 5.0664164, 52.2809384 ], [ 5.0658653, 52.2811408 ], [ 5.065861, 52.2811147 ], [ 5.0659032, 52.2805505 ], [ 5.0658155, 52.2805278 ], [ 5.0657482, 52.2805168 ], [ 5.065672, 52.2805094 ], [ 5.0656134, 52.2805075 ], [ 5.065524, 52.2805081 ], [ 5.0654654, 52.2805115 ], [ 5.0652439, 52.2805334 ], [ 5.0650533, 52.2805598 ], [ 5.0648287, 52.2806006 ], [ 5.0646525, 52.2806513 ], [ 5.064582, 52.2806744 ], [ 5.0644792, 52.280711 ], [ 5.0644145, 52.2807387 ], [ 5.0639872, 52.2802621 ], [ 5.0639357, 52.2800985 ], [ 5.0639298, 52.2800849 ], [ 5.0639225, 52.2800858 ], [ 5.0638867, 52.279977 ], [ 5.0649395, 52.2798746 ], [ 5.0650411, 52.2798138 ], [ 5.0649725, 52.2797759 ], [ 5.0649857, 52.2797768 ], [ 5.0653013, 52.2796878 ], [ 5.065328, 52.2796555 ], [ 5.065328, 52.2796448 ], [ 5.0652962, 52.2795934 ], [ 5.0651691, 52.2795374 ], [ 5.0648387, 52.2794367 ], [ 5.064615, 52.2793597 ], [ 5.0643635, 52.2792781 ], [ 5.0643373, 52.279261 ], [ 5.0643199, 52.2792421 ], [ 5.0643185, 52.2792321 ], [ 5.0643303, 52.2792043 ], [ 5.0645324, 52.2790233 ], [ 5.0644609, 52.2789898 ], [ 5.0643281, 52.2789148 ], [ 5.0641762, 52.2788418 ], [ 5.0641485, 52.2788219 ], [ 5.0640612, 52.2787425 ], [ 5.0639576, 52.278682 ], [ 5.0638336, 52.2785981 ], [ 5.0638133, 52.2785783 ], [ 5.0638134, 52.2785603 ], [ 5.0638577, 52.2785244 ], [ 5.0639135, 52.2784941 ], [ 5.063987, 52.2784645 ], [ 5.0641001, 52.2784299 ], [ 5.0643599, 52.2783578 ], [ 5.0644408, 52.2783293 ], [ 5.0645479, 52.2782963 ], [ 5.0646288, 52.278265 ], [ 5.0647724, 52.278269 ], [ 5.0664534, 52.2782286 ], [ 5.0666674, 52.2782176 ], [ 5.0674412, 52.2782035 ], [ 5.0682707, 52.2781787 ], [ 5.0692262, 52.2781624 ], [ 5.0703313, 52.2781366 ], [ 5.0704983, 52.278129 ], [ 5.0709278, 52.2781238 ], [ 5.0729341, 52.2780734 ], [ 5.0734881, 52.2780632 ], [ 5.0745579, 52.278031 ], [ 5.0750606, 52.2780242 ], [ 5.0764059, 52.2779891 ], [ 5.0770831, 52.2779774 ], [ 5.0777079, 52.2780905 ], [ 5.0780386, 52.2781561 ], [ 5.0796777, 52.278465 ], [ 5.0802147, 52.2785707 ], [ 5.0814719, 52.2788049 ], [ 5.0817366, 52.2788577 ], [ 5.082947, 52.2790855 ], [ 5.0835835, 52.2792094 ], [ 5.084286, 52.2793406 ], [ 5.0845976, 52.2794016 ], [ 5.0846371, 52.2794187 ], [ 5.0848251, 52.279564 ], [ 5.0852671, 52.2798841 ], [ 5.0858052, 52.2802845 ], [ 5.0860106, 52.2804324 ], [ 5.0861361, 52.2805262 ], [ 5.0862148, 52.2805885 ], [ 5.0862381, 52.2806119 ], [ 5.0863782, 52.2807049 ], [ 5.0865924, 52.2808618 ], [ 5.0867907, 52.2810151 ], [ 5.0868463, 52.2810466 ], [ 5.087705, 52.281686 ], [ 5.0877359, 52.2816708 ], [ 5.0878049, 52.2816575 ], [ 5.0893845, 52.2814548 ], [ 5.0910504, 52.2812523 ], [ 5.0912001, 52.2812365 ], [ 5.0918425, 52.2811508 ], [ 5.0923896, 52.281082 ], [ 5.0939852, 52.2808893 ], [ 5.0952744, 52.2807225 ], [ 5.0958903, 52.2806459 ], [ 5.0960562, 52.2806283 ], [ 5.0962422, 52.2806009 ], [ 5.096634, 52.2805506 ], [ 5.0972528, 52.2804794 ], [ 5.0975784, 52.2804316 ], [ 5.0981284, 52.2803665 ], [ 5.098897, 52.280265 ], [ 5.0989525, 52.2802588 ], [ 5.0990552, 52.2802537 ], [ 5.0993587, 52.2802193 ], [ 5.1003297, 52.2800959 ], [ 5.1007446, 52.2800501 ], [ 5.1012126, 52.2799875 ], [ 5.101343, 52.2799734 ], [ 5.101321, 52.2799824 ], [ 5.1013621, 52.279978 ], [ 5.1020675, 52.2798934 ], [ 5.1021767, 52.2806728 ], [ 5.102183, 52.2808374 ], [ 5.1021769, 52.2810926 ], [ 5.1021849, 52.2812274 ], [ 5.1021831, 52.2812877 ], [ 5.1021586, 52.2814269 ], [ 5.1021156, 52.2815256 ], [ 5.1020845, 52.2815813 ], [ 5.102055, 52.2816226 ], [ 5.102015, 52.2816549 ], [ 5.1023244, 52.2818614 ], [ 5.102409, 52.2819325 ], [ 5.1025695, 52.2820372 ], [ 5.1025928, 52.2820489 ], [ 5.1026747, 52.2820789 ], [ 5.1027348, 52.2820871 ], [ 5.1027597, 52.2820871 ], [ 5.1027787, 52.2820953 ], [ 5.1027917, 52.2821061 ], [ 5.1027976, 52.282125 ], [ 5.1027612, 52.2823019 ], [ 5.1027641, 52.2823244 ], [ 5.1027741, 52.2823451 ], [ 5.1027959, 52.2823685 ], [ 5.1028179, 52.2823838 ], [ 5.1029027, 52.2824245 ], [ 5.1030839, 52.2824959 ], [ 5.1032317, 52.2825484 ], [ 5.1034169, 52.2826756 ], [ 5.1034883, 52.2827297 ], [ 5.103858, 52.2829103 ], [ 5.103966, 52.2829807 ], [ 5.1040826, 52.2830645 ], [ 5.1041761, 52.283116 ], [ 5.1042257, 52.283152 ], [ 5.1042592, 52.2831844 ], [ 5.1042767, 52.2832088 ], [ 5.1042997, 52.2832556 ], [ 5.1043081, 52.2833248 ], [ 5.104306, 52.2834282 ], [ 5.1042586, 52.28374 ], [ 5.1042568, 52.2837858 ], [ 5.1042655, 52.283811 ], [ 5.1042829, 52.283838 ], [ 5.1043194, 52.2838713 ], [ 5.104382, 52.2839146 ], [ 5.1044756, 52.2839606 ], [ 5.1045587, 52.2840093 ], [ 5.1046959, 52.2841041 ], [ 5.1047557, 52.2841662 ], [ 5.1047803, 52.2842058 ], [ 5.1047876, 52.2842265 ], [ 5.1047959, 52.2842904 ], [ 5.1048075, 52.2843201 ], [ 5.1047996, 52.2843991 ], [ 5.1048367, 52.2845448 ], [ 5.1048421, 52.2846356 ], [ 5.104839, 52.2846724 ], [ 5.1048239, 52.2847165 ], [ 5.1047277, 52.2848824 ], [ 5.1046878, 52.28493 ], [ 5.1046745, 52.2849551 ], [ 5.104658, 52.285 ], [ 5.1046413, 52.2850935 ], [ 5.1046365, 52.2851591 ], [ 5.1046387, 52.2852786 ], [ 5.1046524, 52.2854324 ], [ 5.104646, 52.2855159 ], [ 5.1047014, 52.2855619 ], [ 5.1046837, 52.2855843 ], [ 5.10461, 52.2856363 ], [ 5.1045483, 52.2856703 ], [ 5.104379, 52.2857885 ], [ 5.1038945, 52.2861414 ], [ 5.1035308, 52.2864112 ], [ 5.1032156, 52.2866548 ], [ 5.102688, 52.2871056 ], [ 5.1020558, 52.2876587 ], [ 5.1017921, 52.2878926 ], [ 5.1016489, 52.2880351 ], [ 5.1017644, 52.288084 ], [ 5.1017071, 52.2881216 ], [ 5.1015967, 52.2881788 ], [ 5.1015274, 52.288256 ], [ 5.1014682, 52.2883359 ], [ 5.1014181, 52.2883824 ], [ 5.1013825, 52.2884272 ], [ 5.1013178, 52.2884909 ], [ 5.1011689, 52.2886102 ], [ 5.1010083, 52.2887221 ], [ 5.100649, 52.2889927 ], [ 5.1005782, 52.2890535 ], [ 5.1004588, 52.2891692 ], [ 5.1002435, 52.2893916 ], [ 5.0999082, 52.2897719 ], [ 5.0997534, 52.2899306 ], [ 5.0996957, 52.2899978 ], [ 5.0996162, 52.2900615 ], [ 5.098843, 52.2906276 ], [ 5.0987173, 52.2905743 ], [ 5.0986464, 52.2906711 ], [ 5.0985677, 52.2908274 ], [ 5.0984586, 52.2911353 ], [ 5.0984405, 52.2912297 ], [ 5.0984339, 52.291342 ], [ 5.0984349, 52.2914085 ], [ 5.0984418, 52.2914715 ], [ 5.0984759, 52.2916369 ], [ 5.0984932, 52.2916873 ], [ 5.0985929, 52.2919213 ], [ 5.0986508, 52.2920328 ], [ 5.0987059, 52.2921102 ], [ 5.0987393, 52.2921714 ], [ 5.0987405, 52.2921912 ], [ 5.0989549, 52.2923616 ], [ 5.099203, 52.2925437 ], [ 5.0994688, 52.292699 ], [ 5.0994833, 52.2927125 ], [ 5.0994848, 52.2927179 ], [ 5.0994788, 52.2927278 ], [ 5.0994433, 52.2927538 ], [ 5.0993818, 52.2927914 ], [ 5.0993552, 52.2928039 ], [ 5.0994751, 52.292858 ], [ 5.1006075, 52.2933973 ], [ 5.1014334, 52.2937634 ], [ 5.1022577, 52.2941374 ], [ 5.102338, 52.2941799 ], [ 5.1027239, 52.2943678 ], [ 5.1027851, 52.294403 ], [ 5.1029211, 52.294468 ], [ 5.1029782, 52.294488 ], [ 5.1030661, 52.2945044 ], [ 5.1032198, 52.2945254 ], [ 5.1034968, 52.2945323 ], [ 5.1036931, 52.2945462 ], [ 5.1040096, 52.2945622 ], [ 5.1046603, 52.2945863 ], [ 5.1059161, 52.294654 ], [ 5.1060348, 52.2946623 ], [ 5.106067, 52.2946688 ], [ 5.1061238, 52.2947174 ], [ 5.1063946, 52.2950218 ], [ 5.10645, 52.2950911 ], [ 5.1064599, 52.2951128 ], [ 5.1064525, 52.2951325 ], [ 5.1064348, 52.2951523 ], [ 5.1064172, 52.2951576 ], [ 5.1067098, 52.2954648 ], [ 5.1070724, 52.2958602 ], [ 5.107186, 52.295971 ], [ 5.1072122, 52.2960025 ], [ 5.1072253, 52.2960259 ], [ 5.1073219, 52.2962814 ], [ 5.107379, 52.2962913 ], [ 5.1074009, 52.2963049 ], [ 5.1074199, 52.2963256 ], [ 5.1075657, 52.2966774 ], [ 5.1076678, 52.2969841 ], [ 5.107692, 52.2971082 ], [ 5.1076957, 52.297226 ], [ 5.1076896, 52.2972511 ], [ 5.1076761, 52.2972924 ], [ 5.1074156, 52.297698 ], [ 5.1073521, 52.2977734 ], [ 5.1073093, 52.2978147 ], [ 5.1072503, 52.2978631 ], [ 5.1070502, 52.2980001 ], [ 5.1069913, 52.2980359 ], [ 5.1068222, 52.2981262 ], [ 5.1066634, 52.2981969 ], [ 5.1064973, 52.2982657 ], [ 5.1063166, 52.2983273 ], [ 5.1062607, 52.298338 ], [ 5.1062256, 52.2983433 ], [ 5.1061024, 52.298343 ], [ 5.1060673, 52.2983357 ], [ 5.106041, 52.2983248 ], [ 5.1056816, 52.2983662 ], [ 5.1055172, 52.2983883 ], [ 5.1053367, 52.2984212 ], [ 5.105297, 52.2984256 ], [ 5.1052576, 52.2984255 ], [ 5.1051565, 52.2984117 ], [ 5.1049047, 52.2983626 ], [ 5.1043919, 52.2982859 ], [ 5.1037521, 52.2981756 ], [ 5.103367, 52.298118 ], [ 5.103194, 52.2980888 ], [ 5.103039, 52.2980544 ], [ 5.1029058, 52.2980199 ], [ 5.1027609, 52.2979782 ], [ 5.1022602, 52.2978701 ], [ 5.1019733, 52.2978046 ], [ 5.1019073, 52.2978099 ], [ 5.1017268, 52.2978355 ], [ 5.1014833, 52.2978816 ], [ 5.1013025, 52.2979234 ], [ 5.1008812, 52.298042 ], [ 5.1003788, 52.2981917 ], [ 5.1002511, 52.2982328 ], [ 5.0999998, 52.298322 ], [ 5.099988, 52.298348 ], [ 5.0999686, 52.2983633 ], [ 5.0996748, 52.2984624 ], [ 5.0993061, 52.2985801 ], [ 5.0991107, 52.2986515 ], [ 5.099055, 52.2986604 ], [ 5.0989447, 52.298697 ], [ 5.0987239, 52.2988241 ], [ 5.0979955, 52.2992744 ], [ 5.0978469, 52.2993549 ], [ 5.0978087, 52.2993844 ], [ 5.0975666, 52.2996274 ], [ 5.0973601, 52.2998175 ], [ 5.0971892, 52.2999536 ], [ 5.0968949, 52.3003134 ], [ 5.0968432, 52.3003914 ], [ 5.0967739, 52.3004577 ], [ 5.0967214, 52.30065 ], [ 5.0966871, 52.300729 ], [ 5.0966452, 52.3008672 ], [ 5.0965909, 52.3011044 ], [ 5.0965296, 52.3012832 ], [ 5.0964878, 52.3013728 ], [ 5.0964654, 52.3014357 ], [ 5.096443, 52.3015229 ], [ 5.0963893, 52.3016657 ], [ 5.0963665, 52.3017761 ], [ 5.0963427, 52.3018282 ], [ 5.0963211, 52.3019882 ], [ 5.0962825, 52.3020663 ], [ 5.0962512, 52.3021597 ], [ 5.0962044, 52.302368 ], [ 5.0961714, 52.3024597 ], [ 5.096119, 52.3026356 ], [ 5.0960558, 52.3028889 ], [ 5.0960349, 52.3029231 ], [ 5.0960216, 52.3029581 ], [ 5.0959662, 52.3031295 ], [ 5.0959002, 52.3033568 ], [ 5.0958137, 52.3035786 ], [ 5.0958309, 52.3036379 ], [ 5.0958336, 52.3036793 ], [ 5.095829, 52.3037144 ], [ 5.0958185, 52.3037359 ], [ 5.0957935, 52.3037529 ], [ 5.095773, 52.3037619 ], [ 5.0958215, 52.3041871 ], [ 5.0958488, 52.3042743 ], [ 5.0958695, 52.3044855 ], [ 5.0958949, 52.3046115 ], [ 5.0959023, 52.3048353 ], [ 5.0960424, 52.305614 ], [ 5.0960841, 52.3057255 ], [ 5.0960897, 52.3057596 ], [ 5.0960837, 52.3058027 ], [ 5.0961018, 52.305917 ], [ 5.0961619, 52.3061796 ], [ 5.0961837, 52.3064313 ], [ 5.096221, 52.3065545 ], [ 5.0962585, 52.3068637 ], [ 5.0962773, 52.3069141 ], [ 5.0964076, 52.3071634 ], [ 5.0964845, 52.3072931 ], [ 5.0964888, 52.3072895 ], [ 5.0965371, 52.3073139 ], [ 5.0966217, 52.307394 ], [ 5.0967061, 52.3074904 ], [ 5.0968183, 52.3075967 ], [ 5.0969219, 52.3076689 ], [ 5.0971964, 52.3078305 ], [ 5.0973676, 52.3079135 ], [ 5.0976201, 52.3080706 ], [ 5.0977705, 52.3081734 ], [ 5.0982393, 52.3084549 ], [ 5.0985576, 52.3086607 ], [ 5.098708, 52.3087706 ], [ 5.0989836, 52.3090113 ], [ 5.0991719, 52.3091556 ], [ 5.0992696, 52.3092241 ], [ 5.0995044, 52.3094233 ], [ 5.0995961, 52.3095287 ], [ 5.0997254, 52.3097123 ], [ 5.0997384, 52.3097491 ], [ 5.0997996, 52.3100343 ], [ 5.0998609, 52.3100596 ], [ 5.0999195, 52.3100767 ], [ 5.0999972, 52.3100905 ], [ 5.1001113, 52.3101266 ], [ 5.1001595, 52.3101511 ], [ 5.1002164, 52.3101845 ], [ 5.1002778, 52.3102259 ], [ 5.1003524, 52.3102675 ], [ 5.1005693, 52.3102967 ], [ 5.100551, 52.3103884 ], [ 5.1005566, 52.3104369 ], [ 5.1005344, 52.3104585 ], [ 5.1004447, 52.310504 ], [ 5.1002836, 52.3104633 ], [ 5.0997247, 52.310727 ], [ 5.0988511, 52.3111312 ], [ 5.0987982, 52.3111391 ], [ 5.0987438, 52.3111552 ], [ 5.0981853, 52.3113749 ], [ 5.0979943, 52.311414 ], [ 5.097871, 52.3114513 ], [ 5.0976696, 52.311539 ], [ 5.0974476, 52.3116041 ], [ 5.0963531, 52.3119114 ], [ 5.0960079, 52.3120131 ], [ 5.0955347, 52.3121584 ], [ 5.0946209, 52.3124267 ], [ 5.0939231, 52.3126038 ], [ 5.0932152, 52.3127684 ], [ 5.0923032, 52.3129727 ], [ 5.0921284, 52.3130146 ], [ 5.0921093, 52.3130235 ], [ 5.0923127, 52.3133197 ], [ 5.092593, 52.3137105 ], [ 5.0926526, 52.3137807 ], [ 5.0927138, 52.3138483 ], [ 5.0927954, 52.3139276 ], [ 5.0929895, 52.3140854 ], [ 5.0930784, 52.3141504 ], [ 5.0929682, 52.3142021 ], [ 5.0928638, 52.3142414 ], [ 5.0928093, 52.3142655 ], [ 5.092735, 52.3141988 ], [ 5.092641, 52.314239 ], [ 5.0926175, 52.3142174 ], [ 5.0919043, 52.3145312 ], [ 5.0916556, 52.3146446 ], [ 5.0906872, 52.3149479 ], [ 5.090533, 52.3149906 ], [ 5.0896239, 52.3151869 ], [ 5.0894492, 52.3152198 ], [ 5.0888632, 52.3153405 ], [ 5.0881244, 52.3155031 ], [ 5.0878453, 52.3155726 ], [ 5.0873458, 52.3156908 ], [ 5.0871111, 52.3157316 ], [ 5.0868362, 52.3157956 ], [ 5.0867511, 52.3158061 ], [ 5.0867596, 52.3158727 ], [ 5.0867535, 52.315888 ], [ 5.0867345, 52.315904 ], [ 5.0866417, 52.3159291 ], [ 5.0862821, 52.316 ], [ 5.0860456, 52.3160497 ], [ 5.0849615, 52.316304 ], [ 5.0848087, 52.3163288 ], [ 5.0848405, 52.3164169 ], [ 5.0848433, 52.3164431 ], [ 5.0848329, 52.3164619 ], [ 5.0848211, 52.3164727 ], [ 5.0847798, 52.3164977 ], [ 5.0847665, 52.3165102 ], [ 5.0847606, 52.3165219 ], [ 5.0847795, 52.3165498 ], [ 5.0848422, 52.3165967 ], [ 5.0849137, 52.31664 ], [ 5.0849371, 52.3166625 ], [ 5.0849443, 52.3166823 ], [ 5.0849442, 52.3166958 ], [ 5.0849337, 52.3167146 ], [ 5.0849073, 52.3167361 ], [ 5.0848278, 52.3167656 ], [ 5.0838036, 52.3170748 ], [ 5.0834258, 52.3171962 ], [ 5.0832156, 52.3172675 ], [ 5.0832112, 52.3172675 ], [ 5.0831427, 52.3171891 ], [ 5.0830733, 52.3170577 ], [ 5.0830632, 52.3170451 ], [ 5.0830499, 52.3170352 ], [ 5.0830105, 52.3170225 ], [ 5.0829665, 52.3170242 ], [ 5.0813982, 52.3173159 ], [ 5.0809707, 52.3174028 ], [ 5.0792185, 52.3177784 ], [ 5.0775159, 52.3181776 ], [ 5.0774572, 52.318199 ], [ 5.0768876, 52.3184671 ], [ 5.0753957, 52.3191454 ], [ 5.0751752, 52.3192437 ], [ 5.0743012, 52.3196126 ], [ 5.0738908, 52.3197958 ], [ 5.0735773, 52.3199477 ], [ 5.0731138, 52.3201802 ], [ 5.0729142, 52.3199684 ], [ 5.0728635, 52.3199009 ], [ 5.0728062, 52.3199151 ], [ 5.0727605, 52.3199356 ], [ 5.0723614, 52.3201683 ], [ 5.0720124, 52.3203776 ], [ 5.0719047, 52.3204519 ], [ 5.0713464, 52.3207938 ], [ 5.0710562, 52.3209809 ], [ 5.0708217, 52.3211385 ], [ 5.0703784, 52.3214023 ], [ 5.0701636, 52.3214962 ], [ 5.0699444, 52.3216034 ], [ 5.0695104, 52.3217937 ], [ 5.0694066, 52.3217359 ], [ 5.0693467, 52.3216917 ], [ 5.0692839, 52.3216395 ], [ 5.0692376, 52.3215827 ], [ 5.0690853, 52.3215337 ], [ 5.0690428, 52.3215417 ], [ 5.0689731, 52.321626 ], [ 5.0687818, 52.3217225 ], [ 5.0661602, 52.3222026 ], [ 5.0660016, 52.3222255 ], [ 5.0658227, 52.3222403 ], [ 5.06572, 52.3222436 ], [ 5.0655586, 52.3222423 ], [ 5.0655087, 52.3222394 ], [ 5.0653313, 52.3222237 ], [ 5.0652523, 52.3222127 ], [ 5.0651936, 52.3222009 ], [ 5.0651043, 52.3221773 ], [ 5.0650268, 52.3221501 ], [ 5.0649288, 52.322105 ], [ 5.064689, 52.3220063 ], [ 5.064847, 52.3218593 ], [ 5.0651703, 52.3215744 ], [ 5.0652368, 52.3215081 ], [ 5.0652842, 52.3214443 ], [ 5.0653257, 52.3213816 ], [ 5.0653703, 52.3212998 ], [ 5.065531, 52.3209812 ], [ 5.0656325, 52.3207326 ], [ 5.0657224, 52.3204821 ], [ 5.065261, 52.3191821 ], [ 5.0638596, 52.3184675 ], [ 5.0636171, 52.3183489 ], [ 5.0634605, 52.3182892 ], [ 5.0633933, 52.3182602 ], [ 5.0632997, 52.3182115 ], [ 5.0632107, 52.3181574 ], [ 5.0630793, 52.318068 ], [ 5.0627398, 52.3177732 ], [ 5.0626347, 52.3176957 ], [ 5.0624842, 52.3176125 ], [ 5.0624053, 52.317579 ], [ 5.0623072, 52.3175447 ], [ 5.0621683, 52.3175019 ], [ 5.0617483, 52.3173812 ], [ 5.0615024, 52.3173051 ], [ 5.0614366, 52.317279 ], [ 5.0613709, 52.3172473 ], [ 5.0611109, 52.3170919 ], [ 5.0610409, 52.3170549 ], [ 5.0609751, 52.3170242 ], [ 5.060842, 52.3169761 ], [ 5.0606913, 52.316938 ], [ 5.0606121, 52.3169261 ], [ 5.0604992, 52.3169124 ], [ 5.0603995, 52.3169076 ], [ 5.0602177, 52.3168864 ], [ 5.0601269, 52.3168718 ], [ 5.0599322, 52.3168362 ], [ 5.0598224, 52.3168125 ], [ 5.0597227, 52.3167871 ], [ 5.0595926, 52.3167517 ], [ 5.0595589, 52.3167344 ], [ 5.0593761, 52.316671 ], [ 5.0592092, 52.3166175 ], [ 5.0589578, 52.3165145 ], [ 5.0585936, 52.3163786 ], [ 5.0584751, 52.3163477 ], [ 5.0583418, 52.3163177 ], [ 5.0582364, 52.3162949 ], [ 5.0579333, 52.3162384 ], [ 5.0577635, 52.3162001 ], [ 5.0574752, 52.3161238 ], [ 5.0573039, 52.3160677 ], [ 5.0571546, 52.3160349 ], [ 5.0568489, 52.316318 ], [ 5.0566866, 52.3164542 ], [ 5.0561658, 52.316281 ], [ 5.0548834, 52.3159638 ], [ 5.0531867, 52.3155627 ], [ 5.0519967, 52.3148754 ], [ 5.0516747, 52.3141977 ], [ 5.0520041, 52.3134994 ], [ 5.0528969, 52.3129339 ], [ 5.0537406, 52.3124797 ], [ 5.0556284, 52.3118226 ], [ 5.0566361, 52.3113931 ], [ 5.0569215, 52.3106893 ], [ 5.0562479, 52.3103558 ], [ 5.0548783, 52.3101506 ], [ 5.0519027, 52.3100047 ], [ 5.0498251, 52.3099961 ], [ 5.0477458, 52.3099758 ], [ 5.0466548, 52.3096204 ] ] ] } },
{ "type": "Feature", "properties": { "buurt_naam": "Hoofdcentrum-Zuidoost", "stadsdeel": "Zuidoost", "bevolking": 20, "oppervlakte_km2": 0.3408, "bev_dichtheid": 58.7 }, "geometry": { "type": "Polygon", "coordinates": [ [ [ 4.9402098, 52.3193349 ], [ 4.9395886, 52.3191213 ], [ 4.9403345, 52.3183036 ], [ 4.9403278, 52.318247 ], [ 4.9403121, 52.3182037 ], [ 4.9402544, 52.3181037 ], [ 4.9401284, 52.3178112 ], [ 4.9399938, 52.3174719 ], [ 4.9398331, 52.3171217 ], [ 4.9380442, 52.3165072 ], [ 4.9381202, 52.3163835 ], [ 4.9386556, 52.3157996 ], [ 4.9387408, 52.3156372 ], [ 4.9387273, 52.3150925 ], [ 4.9352329, 52.3138902 ], [ 4.9363555, 52.312665 ], [ 4.9361158, 52.3125822 ], [ 4.9365709, 52.3121103 ], [ 4.9379907, 52.3104754 ], [ 4.9415975, 52.3116835 ], [ 4.9425265, 52.3107289 ], [ 4.9463581, 52.3120626 ], [ 4.9439712, 52.3146727 ], [ 4.9439243, 52.3148199 ], [ 4.9439472, 52.3148803 ], [ 4.9438196, 52.3150235 ], [ 4.9437174, 52.3151382 ], [ 4.943616, 52.3151351 ], [ 4.9429646, 52.3157574 ], [ 4.9429786, 52.3158321 ], [ 4.9429509, 52.3159703 ], [ 4.9419519, 52.3174586 ], [ 4.9414161, 52.31795 ], [ 4.9409133, 52.3185134 ], [ 4.940693, 52.3185404 ], [ 4.9402566, 52.3190627 ], [ 4.9403538, 52.3191638 ], [ 4.9402098, 52.3193349 ] ] ] } },
{ "type": "Feature", "properties": { "buurt_naam": "Amstel III deel C/D-Noord", "stadsdeel": "Zuidoost", "bevolking": 35, "oppervlakte_km2": 0.986, "bev_dichtheid": 35.5 }, "geometry": { "type": "Polygon", "coordinates": [ [ [ 4.9361158, 52.3125822 ], [ 4.9341415, 52.3119051 ], [ 4.9333318, 52.3113682 ], [ 4.9327012, 52.3109424 ], [ 4.9324041, 52.3107462 ], [ 4.9316596, 52.3102689 ], [ 4.93146, 52.3101459 ], [ 4.9307296, 52.3097224 ], [ 4.9304353, 52.309546 ], [ 4.9300679, 52.3093415 ], [ 4.930307, 52.3091842 ], [ 4.9299732, 52.3089933 ], [ 4.9296186, 52.3088149 ], [ 4.9293312, 52.3085343 ], [ 4.929912, 52.3081052 ], [ 4.9296422, 52.3079575 ], [ 4.929419, 52.3078309 ], [ 4.9298286, 52.3075169 ], [ 4.9294761, 52.3074159 ], [ 4.930259, 52.306432 ], [ 4.9304963, 52.3061651 ], [ 4.9309894, 52.3056879 ], [ 4.9316853, 52.3050273 ], [ 4.9324899, 52.3044768 ], [ 4.9327239, 52.3042646 ], [ 4.9332208, 52.3035557 ], [ 4.9336871, 52.3031054 ], [ 4.9341395, 52.3027422 ], [ 4.9349391, 52.3019704 ], [ 4.9348719, 52.3019441 ], [ 4.9360322, 52.3007281 ], [ 4.9370479, 52.2995851 ], [ 4.9371443, 52.2994722 ], [ 4.9370831, 52.2994477 ], [ 4.9392456, 52.2969411 ], [ 4.9471171, 52.2996499 ], [ 4.9451432, 52.301804 ], [ 4.944778, 52.3022593 ], [ 4.9444547, 52.3027749 ], [ 4.9441591, 52.3031494 ], [ 4.9421907, 52.3053009 ], [ 4.9411557, 52.3064681 ], [ 4.9410544, 52.3066178 ], [ 4.9409724, 52.3067676 ], [ 4.9407709, 52.3072522 ], [ 4.9407156, 52.3073607 ], [ 4.9404963, 52.3077293 ], [ 4.9403179, 52.3079766 ], [ 4.9398379, 52.3084602 ], [ 4.9379907, 52.3104754 ], [ 4.9365709, 52.3121103 ], [ 4.9361158, 52.3125822 ] ] ] } },
{ "type": "Feature", "properties": { "buurt_naam": "Amstel III deel A/B-Noord", "stadsdeel": "Zuidoost", "bevolking": 1150, "oppervlakte_km2": 0.7965, "bev_dichtheid": 1443.8 }, "geometry": { "type": "Polygon", "coordinates": [ [ [ 4.9379907, 52.3104754 ], [ 4.9398379, 52.3084602 ], [ 4.9403179, 52.3079766 ], [ 4.9404963, 52.3077293 ], [ 4.9407156, 52.3073607 ], [ 4.9407709, 52.3072522 ], [ 4.9409724, 52.3067676 ], [ 4.9410544, 52.3066178 ], [ 4.9411557, 52.3064681 ], [ 4.9421907, 52.3053009 ], [ 4.9441591, 52.3031494 ], [ 4.9444547, 52.3027749 ], [ 4.944778, 52.3022593 ], [ 4.9451432, 52.301804 ], [ 4.9471171, 52.2996499 ], [ 4.9554018, 52.3024971 ], [ 4.9553321, 52.3025768 ], [ 4.9550602, 52.3028095 ], [ 4.9531362, 52.3049595 ], [ 4.9524911, 52.3057058 ], [ 4.952096, 52.3060773 ], [ 4.9515466, 52.3066433 ], [ 4.94775, 52.3105452 ], [ 4.9475084, 52.3108086 ], [ 4.9463581, 52.3120626 ], [ 4.9425265, 52.3107289 ], [ 4.9415975, 52.3116835 ], [ 4.9379907, 52.3104754 ] ] ] } },
{ "type": "Feature", "properties": { "buurt_naam": "Amstel III deel C/D-Zuid", "stadsdeel": "Zuidoost", "bevolking": 5, "oppervlakte_km2": 0.3586, "bev_dichtheid": 13.9 }, "geometry": { "type": "Polygon", "coordinates": [ [ [ 4.9392456, 52.2969411 ], [ 4.943201, 52.2923588 ], [ 4.9460112, 52.2933292 ], [ 4.9477675, 52.2939217 ], [ 4.9512677, 52.2951291 ], [ 4.9500525, 52.2964754 ], [ 4.9471171, 52.2996499 ], [ 4.9392456, 52.2969411 ] ] ] } },
{ "type": "Feature", "properties": { "buurt_naam": "Amstel III deel A/B-Zuid", "stadsdeel": "Zuidoost", "bevolking": 2730, "oppervlakte_km2": 0.3741, "bev_dichtheid": 7298.0 }, "geometry": { "type": "Polygon", "coordinates": [ [ [ 4.9471171, 52.2996499 ], [ 4.9500525, 52.2964754 ], [ 4.9512677, 52.2951291 ], [ 4.952767, 52.2956065 ], [ 4.9596235, 52.2979717 ], [ 4.9595822, 52.2980175 ], [ 4.9593178, 52.2982125 ], [ 4.9584451, 52.2991872 ], [ 4.9560998, 52.3017312 ], [ 4.9557487, 52.3020984 ], [ 4.9554018, 52.3024971 ], [ 4.9471171, 52.2996499 ] ] ] } },
{ "type": "Feature", "properties": { "buurt_naam": "AMC", "stadsdeel": "Zuidoost", "bevolking": 30, "oppervlakte_km2": 0.7985, "bev_dichtheid": 37.6 }, "geometry": { "type": "Polygon", "coordinates": [ [ [ 4.9477675, 52.2939217 ], [ 4.9516982, 52.2896195 ], [ 4.9518491, 52.2894843 ], [ 4.9520688, 52.2893422 ], [ 4.9522793, 52.289244 ], [ 4.9549583, 52.2882203 ], [ 4.9551317, 52.2881671 ], [ 4.9553167, 52.288129 ], [ 4.955506, 52.2881055 ], [ 4.9557011, 52.2880972 ], [ 4.9582157, 52.288145 ], [ 4.9585276, 52.2881695 ], [ 4.9587835, 52.2882188 ], [ 4.9589853, 52.2882798 ], [ 4.962076, 52.2893911 ], [ 4.9649218, 52.2903602 ], [ 4.9660951, 52.2907481 ], [ 4.9660179, 52.2908611 ], [ 4.9658449, 52.2910043 ], [ 4.9639611, 52.2930558 ], [ 4.96367, 52.2933109 ], [ 4.963191, 52.2938817 ], [ 4.9617475, 52.2953811 ], [ 4.9611581, 52.2960144 ], [ 4.9609581, 52.2962464 ], [ 4.9610029, 52.2962996 ], [ 4.9601778, 52.2973546 ], [ 4.9596235, 52.2979717 ], [ 4.952767, 52.2956065 ], [ 4.9512677, 52.2951291 ], [ 4.9477675, 52.2939217 ] ] ] } },
{ "type": "Feature", "properties": { "buurt_naam": "Hoge Dijk", "stadsdeel": "Zuidoost", "bevolking": 325, "oppervlakte_km2": 1.5993, "bev_dichtheid": 203.2 }, "geometry": { "type": "Polygon", "coordinates": [ [ [ 4.943201, 52.2923588 ], [ 4.9464584, 52.2885817 ], [ 4.9464088, 52.2885645 ], [ 4.9467553, 52.2882 ], [ 4.9469893, 52.287968 ], [ 4.947678, 52.2872255 ], [ 4.9520942, 52.2825359 ], [ 4.9518416, 52.2824451 ], [ 4.9537644, 52.2801728 ], [ 4.9549482, 52.2786762 ], [ 4.9552448, 52.2783079 ], [ 4.9557389, 52.2784203 ], [ 4.9558457, 52.2784476 ], [ 4.9563894, 52.2785996 ], [ 4.9565662, 52.2786434 ], [ 4.9566833, 52.2786636 ], [ 4.9567754, 52.2786729 ], [ 4.956985, 52.2786755 ], [ 4.9571461, 52.2786725 ], [ 4.9572987, 52.2786668 ], [ 4.9574907, 52.2786549 ], [ 4.9576388, 52.2786392 ], [ 4.9577401, 52.2786261 ], [ 4.9578105, 52.2786138 ], [ 4.9578752, 52.2785987 ], [ 4.9580486, 52.2785409 ], [ 4.9583501, 52.2784271 ], [ 4.9584163, 52.2784048 ], [ 4.9584839, 52.2783844 ], [ 4.9585573, 52.2783666 ], [ 4.9586659, 52.2783446 ], [ 4.958729, 52.2783376 ], [ 4.958858, 52.2783309 ], [ 4.958943, 52.2783312 ], [ 4.959655, 52.2783562 ], [ 4.9597913, 52.2783559 ], [ 4.9599701, 52.2783484 ], [ 4.9603, 52.278319 ], [ 4.9604746, 52.2782945 ], [ 4.9607637, 52.2782434 ], [ 4.961056, 52.2781762 ], [ 4.9612562, 52.2783953 ], [ 4.9613384, 52.2785276 ], [ 4.9614621, 52.2787654 ], [ 4.961498, 52.2788437 ], [ 4.9615468, 52.2789526 ], [ 4.9616354, 52.2791867 ], [ 4.9618233, 52.2796052 ], [ 4.9618795, 52.2797142 ], [ 4.962031, 52.2799556 ], [ 4.9620829, 52.2800457 ], [ 4.9621336, 52.2801177 ], [ 4.9621771, 52.2801665 ], [ 4.9622455, 52.280208 ], [ 4.9623213, 52.2802451 ], [ 4.9623826, 52.2802624 ], [ 4.9624911, 52.2802808 ], [ 4.9625495, 52.2802873 ], [ 4.9626345, 52.2802929 ], [ 4.9631882, 52.2803049 ], [ 4.9633259, 52.2803153 ], [ 4.9634518, 52.2803328 ], [ 4.9636801, 52.2803587 ], [ 4.9639288, 52.2803938 ], [ 4.9641602, 52.280409 ], [ 4.9642599, 52.2804093 ], [ 4.9646779, 52.2803821 ], [ 4.9648463, 52.2803845 ], [ 4.9651331, 52.2804161 ], [ 4.9653176, 52.28045 ], [ 4.9655163, 52.2804948 ], [ 4.9656157, 52.2805311 ], [ 4.9656624, 52.2805519 ], [ 4.965712, 52.2805798 ], [ 4.9658035, 52.2806503 ], [ 4.9659821, 52.2808397 ], [ 4.966158, 52.2809779 ], [ 4.9661683, 52.2809815 ], [ 4.9661917, 52.2809816 ], [ 4.9662122, 52.2809772 ], [ 4.9662225, 52.2809718 ], [ 4.9662542, 52.2808883 ], [ 4.9662667, 52.2808083 ], [ 4.9662787, 52.2807814 ], [ 4.9662992, 52.2804643 ], [ 4.9663282, 52.2803431 ], [ 4.9663611, 52.2802712 ], [ 4.9664027, 52.2802013 ], [ 4.9664355, 52.2801564 ], [ 4.966493, 52.2800983 ], [ 4.9665493, 52.2800508 ], [ 4.9666259, 52.2799944 ], [ 4.9667305, 52.2799328 ], [ 4.966844, 52.2798793 ], [ 4.9674073, 52.2796583 ], [ 4.9675192, 52.279604 ], [ 4.9675782, 52.2795629 ], [ 4.9676762, 52.2795839 ], [ 4.9678788, 52.2798443 ], [ 4.9679934, 52.2799706 ], [ 4.9680688, 52.2800608 ], [ 4.9681035, 52.2801057 ], [ 4.9681642, 52.2802075 ], [ 4.968209, 52.2802724 ], [ 4.9682596, 52.2803373 ], [ 4.9683292, 52.2804139 ], [ 4.9684657, 52.2805447 ], [ 4.9685442, 52.2806115 ], [ 4.9685777, 52.2806305 ], [ 4.9686026, 52.2806387 ], [ 4.9687046, 52.2806858 ], [ 4.9687412, 52.2807102 ], [ 4.9687556, 52.2807273 ], [ 4.9687686, 52.2807651 ], [ 4.9687736, 52.2808487 ], [ 4.9687818, 52.2808928 ], [ 4.968799, 52.2809432 ], [ 4.9688164, 52.2809746 ], [ 4.9689248, 52.2811171 ], [ 4.9689728, 52.2811685 ], [ 4.9689784, 52.2811838 ], [ 4.969029, 52.2812667 ], [ 4.9691463, 52.2814243 ], [ 4.9691821, 52.2814991 ], [ 4.9692107, 52.2815782 ], [ 4.9692411, 52.2816242 ], [ 4.9693193, 52.2817198 ], [ 4.9693585, 52.2817595 ], [ 4.9693801, 52.281791 ], [ 4.9693931, 52.2818261 ], [ 4.9693789, 52.2819249 ], [ 4.9693815, 52.2819581 ], [ 4.9696629, 52.2829073 ], [ 4.9697137, 52.2831044 ], [ 4.9697283, 52.2831224 ], [ 4.9697487, 52.2831332 ], [ 4.9698553, 52.2831668 ], [ 4.9699092, 52.2831921 ], [ 4.9699878, 52.2832527 ], [ 4.9702676, 52.2834307 ], [ 4.9706685, 52.2836479 ], [ 4.9707894, 52.2837184 ], [ 4.9709001, 52.2837888 ], [ 4.9711276, 52.2839128 ], [ 4.9714031, 52.2840693 ], [ 4.9718415, 52.284362 ], [ 4.9700041, 52.2863688 ], [ 4.9697438, 52.2866159 ], [ 4.9693081, 52.2871304 ], [ 4.9662869, 52.2904648 ], [ 4.9660951, 52.2907481 ], [ 4.9649218, 52.2903602 ], [ 4.962076, 52.2893911 ], [ 4.9589853, 52.2882798 ], [ 4.9587835, 52.2882188 ], [ 4.9585276, 52.2881695 ], [ 4.9582157, 52.288145 ], [ 4.9557011, 52.2880972 ], [ 4.955506, 52.2881055 ], [ 4.9553167, 52.288129 ], [ 4.9551317, 52.2881671 ], [ 4.9549583, 52.2882203 ], [ 4.9522793, 52.289244 ], [ 4.9520688, 52.2893422 ], [ 4.9518491, 52.2894843 ], [ 4.9516982, 52.2896195 ], [ 4.9477675, 52.2939217 ], [ 4.9460112, 52.2933292 ], [ 4.943201, 52.2923588 ] ] ] } },
{ "type": "Feature", "properties": { "buurt_naam": "Venserpolder-West", "stadsdeel": "Zuidoost", "bevolking": 5010, "oppervlakte_km2": 0.4965, "bev_dichtheid": 10089.6 }, "geometry": { "type": "Polygon", "coordinates": [ [ [ 4.9418781, 52.3261546 ], [ 4.9404967, 52.3256794 ], [ 4.9403512, 52.3255576 ], [ 4.9401066, 52.325376 ], [ 4.9399784, 52.3252883 ], [ 4.9398882, 52.325208 ], [ 4.939862, 52.3251899 ], [ 4.9398562, 52.3251935 ], [ 4.9395766, 52.3249984 ], [ 4.9394643, 52.3249152 ], [ 4.9393698, 52.3248376 ], [ 4.9393221, 52.3247771 ], [ 4.939092, 52.3246028 ], [ 4.9389072, 52.3244502 ], [ 4.9386933, 52.3242877 ], [ 4.9386323, 52.3242291 ], [ 4.9386148, 52.3242173 ], [ 4.938552, 52.324191 ], [ 4.9384553, 52.3241735 ], [ 4.9382679, 52.3241458 ], [ 4.9381873, 52.3241366 ], [ 4.9379644, 52.324124 ], [ 4.937861, 52.3237615 ], [ 4.9377487, 52.3235435 ], [ 4.9376595, 52.323385 ], [ 4.9376221, 52.3233012 ], [ 4.9378047, 52.3232363 ], [ 4.9379217, 52.3231253 ], [ 4.938, 52.3230636 ], [ 4.9382584, 52.3229019 ], [ 4.9383704, 52.3228403 ], [ 4.9385206, 52.3228041 ], [ 4.9386296, 52.3227406 ], [ 4.9387331, 52.3226673 ], [ 4.9389489, 52.3225055 ], [ 4.9391422, 52.3223902 ], [ 4.9394479, 52.3221802 ], [ 4.9395747, 52.3221132 ], [ 4.9397647, 52.3220304 ], [ 4.9399299, 52.3219376 ], [ 4.9399463, 52.3217597 ], [ 4.9399934, 52.3214515 ], [ 4.9400742, 52.3211544 ], [ 4.9402082, 52.320816 ], [ 4.940377, 52.3205084 ], [ 4.9404886, 52.320347 ], [ 4.9405986, 52.3201938 ], [ 4.941046, 52.3196211 ], [ 4.9402098, 52.3193349 ], [ 4.9403538, 52.3191638 ], [ 4.9402566, 52.3190627 ], [ 4.940693, 52.3185404 ], [ 4.9409133, 52.3185134 ], [ 4.9414161, 52.31795 ], [ 4.9419519, 52.3174586 ], [ 4.9429509, 52.3159703 ], [ 4.9429786, 52.3158321 ], [ 4.9429646, 52.3157574 ], [ 4.943616, 52.3151351 ], [ 4.9437174, 52.3151382 ], [ 4.9438196, 52.3150235 ], [ 4.9446118, 52.3152953 ], [ 4.9451309, 52.3154491 ], [ 4.945453, 52.3155096 ], [ 4.9457762, 52.3155926 ], [ 4.9462998, 52.3157402 ], [ 4.9504581, 52.3171684 ], [ 4.9481256, 52.3197571 ], [ 4.9476216, 52.3202928 ], [ 4.9475904, 52.3203439 ], [ 4.9475735, 52.3204112 ], [ 4.9475832, 52.3204787 ], [ 4.947609, 52.320531 ], [ 4.9475001, 52.3205639 ], [ 4.9474014, 52.3206057 ], [ 4.9473129, 52.3206556 ], [ 4.947239, 52.3207137 ], [ 4.9469353, 52.321021 ], [ 4.9458218, 52.3222356 ], [ 4.9453724, 52.3225898 ], [ 4.9450431, 52.3228079 ], [ 4.9445905, 52.3231944 ], [ 4.9433578, 52.3245739 ], [ 4.9430621, 52.3249557 ], [ 4.9428264, 52.3250591 ], [ 4.9426346, 52.3253163 ], [ 4.9418781, 52.3261546 ] ] ] } },
{ "type": "Feature", "properties": { "buurt_naam": "Venserpolder-Oost", "stadsdeel": "Zuidoost", "bevolking": 3440, "oppervlakte_km2": 0.3214, "bev_dichtheid": 10703.4 }, "geometry": { "type": "Polygon", "coordinates": [ [ [ 4.9418781, 52.3261546 ], [ 4.9426346, 52.3253163 ], [ 4.9428264, 52.3250591 ], [ 4.9430621, 52.3249557 ], [ 4.9433578, 52.3245739 ], [ 4.9445905, 52.3231944 ], [ 4.9450431, 52.3228079 ], [ 4.9453724, 52.3225898 ], [ 4.9458218, 52.3222356 ], [ 4.9469353, 52.321021 ], [ 4.947239, 52.3207137 ], [ 4.9473129, 52.3206556 ], [ 4.9474014, 52.3206057 ], [ 4.9475001, 52.3205639 ], [ 4.947609, 52.320531 ], [ 4.9476961, 52.3206158 ], [ 4.9478115, 52.3206718 ], [ 4.9528647, 52.3224368 ], [ 4.9526793, 52.3226455 ], [ 4.9510721, 52.3244021 ], [ 4.9498355, 52.3257511 ], [ 4.9476615, 52.32814 ], [ 4.9418781, 52.3261546 ] ] ] } },
{ "type": "Feature", "properties": { "buurt_naam": "D-buurt", "stadsdeel": "Zuidoost", "bevolking": 2405, "oppervlakte_km2": 0.276, "bev_dichtheid": 8715.1 }, "geometry": { "type": "Polygon", "coordinates": [ [ [ 4.9475832, 52.3204787 ], [ 4.9475735, 52.3204112 ], [ 4.9475904, 52.3203439 ], [ 4.9476216, 52.3202928 ], [ 4.9481256, 52.3197571 ], [ 4.9504581, 52.3171684 ], [ 4.9510391, 52.3165324 ], [ 4.9518211, 52.3168049 ], [ 4.9513438, 52.3173271 ], [ 4.951522, 52.3175534 ], [ 4.954206, 52.3184368 ], [ 4.9543637, 52.3185102 ], [ 4.9544859, 52.3186059 ], [ 4.9545438, 52.3186781 ], [ 4.9545813, 52.3187563 ], [ 4.9545982, 52.3188363 ], [ 4.9545915, 52.3189173 ], [ 4.954542, 52.3190348 ], [ 4.9544233, 52.3191728 ], [ 4.9543057, 52.319353 ], [ 4.9542393, 52.3195425 ], [ 4.9542286, 52.3197365 ], [ 4.9542453, 52.3198336 ], [ 4.9543152, 52.3200226 ], [ 4.9544397, 52.320201 ], [ 4.9545238, 52.3202903 ], [ 4.9567751, 52.321058 ], [ 4.958065, 52.3209799 ], [ 4.9581999, 52.3208313 ], [ 4.9593358, 52.3212201 ], [ 4.9567551, 52.3240463 ], [ 4.9551762, 52.3235031 ], [ 4.9550461, 52.3234604 ], [ 4.9550283, 52.3234792 ], [ 4.9549873, 52.3234647 ], [ 4.9550036, 52.3234458 ], [ 4.9537494, 52.3230135 ], [ 4.9534307, 52.3229008 ], [ 4.9526793, 52.3226455 ], [ 4.9528647, 52.3224368 ], [ 4.9478115, 52.3206718 ], [ 4.9476961, 52.3206158 ], [ 4.947609, 52.320531 ], [ 4.9475832, 52.3204787 ] ] ] } },
{ "type": "Feature", "properties": { "buurt_naam": "F-buurt", "stadsdeel": "Zuidoost", "bevolking": 4325, "oppervlakte_km2": 0.2311, "bev_dichtheid": 18711.3 }, "geometry": { "type": "Polygon", "coordinates": [ [ [ 4.9510391, 52.3165324 ], [ 4.9521702, 52.3152918 ], [ 4.9580462, 52.3173102 ], [ 4.9617592, 52.318572 ], [ 4.9593358, 52.3212201 ], [ 4.9581999, 52.3208313 ], [ 4.958065, 52.3209799 ], [ 4.9567751, 52.321058 ], [ 4.9545238, 52.3202903 ], [ 4.9544397, 52.320201 ], [ 4.9543152, 52.3200226 ], [ 4.9542453, 52.3198336 ], [ 4.9542286, 52.3197365 ], [ 4.9542393, 52.3195425 ], [ 4.9543057, 52.319353 ], [ 4.9544233, 52.3191728 ], [ 4.954542, 52.3190348 ], [ 4.9545915, 52.3189173 ], [ 4.9545982, 52.3188363 ], [ 4.9545813, 52.3187563 ], [ 4.9545438, 52.3186781 ], [ 4.9544859, 52.3186059 ], [ 4.9543637, 52.3185102 ], [ 4.954206, 52.3184368 ], [ 4.951522, 52.3175534 ], [ 4.9513438, 52.3173271 ], [ 4.9518211, 52.3168049 ], [ 4.9510391, 52.3165324 ] ] ] } },
{ "type": "Feature", "properties": { "buurt_naam": "Amsterdamse Poort", "stadsdeel": "Zuidoost", "bevolking": 2535, "oppervlakte_km2": 0.4298, "bev_dichtheid": 5897.5 }, "geometry": { "type": "Polygon", "coordinates": [ [ [ 4.9438196, 52.3150235 ], [ 4.9439472, 52.3148803 ], [ 4.9439243, 52.3148199 ], [ 4.9439712, 52.3146727 ], [ 4.9463581, 52.3120626 ], [ 4.9475084, 52.3108086 ], [ 4.9525329, 52.3125393 ], [ 4.9570536, 52.3140972 ], [ 4.9583577, 52.3126711 ], [ 4.958996, 52.3131075 ], [ 4.9586635, 52.3136725 ], [ 4.9586557, 52.313721 ], [ 4.9586774, 52.3137606 ], [ 4.9587414, 52.3138013 ], [ 4.9602089, 52.3143081 ], [ 4.9603141, 52.3143597 ], [ 4.9604379, 52.3144392 ], [ 4.9605876, 52.3145764 ], [ 4.9606758, 52.3147034 ], [ 4.9610215, 52.3155082 ], [ 4.9605015, 52.3155997 ], [ 4.9601408, 52.3155894 ], [ 4.9599338, 52.3156094 ], [ 4.9597399, 52.3156563 ], [ 4.9596075, 52.315708 ], [ 4.9595279, 52.3157491 ], [ 4.9594555, 52.3157956 ], [ 4.9593639, 52.3158734 ], [ 4.9580462, 52.3173102 ], [ 4.9521702, 52.3152918 ], [ 4.9510391, 52.3165324 ], [ 4.9504581, 52.3171684 ], [ 4.9462998, 52.3157402 ], [ 4.9457762, 52.3155926 ], [ 4.945453, 52.3155096 ], [ 4.9451309, 52.3154491 ], [ 4.9446118, 52.3152953 ], [ 4.9438196, 52.3150235 ] ] ] } },
{ "type": "Feature", "properties": { "buurt_naam": "Vogeltjeswei", "stadsdeel": "Zuidoost", "bevolking": 645, "oppervlakte_km2": 0.072, "bev_dichtheid": 8954.7 }, "geometry": { "type": "Polygon", "coordinates": [ [ [ 4.9580462, 52.3173102 ], [ 4.9593639, 52.3158734 ], [ 4.9594555, 52.3157956 ], [ 4.9595279, 52.3157491 ], [ 4.9596075, 52.315708 ], [ 4.9597399, 52.3156563 ], [ 4.9599338, 52.3156094 ], [ 4.9601408, 52.3155894 ], [ 4.9605015, 52.3155997 ], [ 4.9610215, 52.3155082 ], [ 4.9610719, 52.3156188 ], [ 4.9611283, 52.3156901 ], [ 4.9612244, 52.3157695 ], [ 4.9613456, 52.3158347 ], [ 4.9635658, 52.3165976 ], [ 4.9617592, 52.318572 ], [ 4.9580462, 52.3173102 ] ] ] } },
{ "type": "Feature", "properties": { "buurt_naam": "Nelson Mandelapark", "stadsdeel": "Zuidoost", "bevolking": 0, "oppervlakte_km2": 0.5084, "bev_dichtheid": 0.0 }, "geometry": { "type": "Polygon", "coordinates": [ [ [ 4.9583577, 52.3126711 ], [ 4.9609289, 52.3098555 ], [ 4.9615633, 52.3100717 ], [ 4.9653711, 52.3059204 ], [ 4.9714204, 52.3079964 ], [ 4.9651784, 52.3148184 ], [ 4.9635658, 52.3165976 ], [ 4.9613456, 52.3158347 ], [ 4.9612244, 52.3157695 ], [ 4.9611283, 52.3156901 ], [ 4.9610719, 52.3156188 ], [ 4.9610215, 52.3155082 ], [ 4.9606758, 52.3147034 ], [ 4.9605876, 52.3145764 ], [ 4.9604379, 52.3144392 ], [ 4.9603141, 52.3143597 ], [ 4.9602089, 52.3143081 ], [ 4.9587414, 52.3138013 ], [ 4.9586774, 52.3137606 ], [ 4.9586557, 52.313721 ], [ 4.9586635, 52.3136725 ], [ 4.958996, 52.3131075 ], [ 4.9583577, 52.3126711 ] ] ] } },
{ "type": "Feature", "properties": { "buurt_naam": "Hoptille", "stadsdeel": "Zuidoost", "bevolking": 1985, "oppervlakte_km2": 0.2028, "bev_dichtheid": 9787.6 }, "geometry": { "type": "Polygon", "coordinates": [ [ [ 4.9475084, 52.3108086 ], [ 4.94775, 52.3105452 ], [ 4.9515466, 52.3066433 ], [ 4.956451, 52.3083186 ], [ 4.955378, 52.3094866 ], [ 4.9553013, 52.309543 ], [ 4.9552113, 52.3095922 ], [ 4.9548227, 52.3097579 ], [ 4.9547048, 52.3098159 ], [ 4.9545764, 52.3099008 ], [ 4.9544699, 52.3099957 ], [ 4.9535612, 52.3110062 ], [ 4.9533577, 52.3112633 ], [ 4.9532729, 52.311397 ], [ 4.9529333, 52.3120932 ], [ 4.9525329, 52.3125393 ], [ 4.9475084, 52.3108086 ] ] ] } },
{ "type": "Feature", "properties": { "buurt_naam": "Rechte H-buurt", "stadsdeel": "Zuidoost", "bevolking": 3030, "oppervlakte_km2": 0.1954, "bev_dichtheid": 15503.2 }, "geometry": { "type": "Polygon", "coordinates": [ [ [ 4.9525329, 52.3125393 ], [ 4.9529333, 52.3120932 ], [ 4.9532729, 52.311397 ], [ 4.9533577, 52.3112633 ], [ 4.9535612, 52.3110062 ], [ 4.9544699, 52.3099957 ], [ 4.9545764, 52.3099008 ], [ 4.9547048, 52.3098159 ], [ 4.9548227, 52.3097579 ], [ 4.9552113, 52.3095922 ], [ 4.9553013, 52.309543 ], [ 4.955378, 52.3094866 ], [ 4.956451, 52.3083186 ], [ 4.9586884, 52.3090888 ], [ 4.9609289, 52.3098555 ], [ 4.9583577, 52.3126711 ], [ 4.9570536, 52.3140972 ], [ 4.9525329, 52.3125393 ] ] ] } },
{ "type": "Feature", "properties": { "buurt_naam": "Hakfort/Huigenbos", "stadsdeel": "Zuidoost", "bevolking": 2405, "oppervlakte_km2": 0.2937, "bev_dichtheid": 8188.7 }, "geometry": { "type": "Polygon", "coordinates": [ [ [ 4.9515466, 52.3066433 ], [ 4.952096, 52.3060773 ], [ 4.9524911, 52.3057058 ], [ 4.9531362, 52.3049595 ], [ 4.9550602, 52.3028095 ], [ 4.9553321, 52.3025768 ], [ 4.9554018, 52.3024971 ], [ 4.9624922, 52.3049313 ], [ 4.9586884, 52.3090888 ], [ 4.956451, 52.3083186 ], [ 4.9515466, 52.3066433 ] ] ] } },
{ "type": "Feature", "properties": { "buurt_naam": "Huntum", "stadsdeel": "Zuidoost", "bevolking": 180, "oppervlakte_km2": 0.1187, "bev_dichtheid": 1516.1 }, "geometry": { "type": "Polygon", "coordinates": [ [ [ 4.9586884, 52.3090888 ], [ 4.9624922, 52.3049313 ], [ 4.9653711, 52.3059204 ], [ 4.9615633, 52.3100717 ], [ 4.9609289, 52.3098555 ], [ 4.9586884, 52.3090888 ] ] ] } },
{ "type": "Feature", "properties": { "buurt_naam": "E-buurt", "stadsdeel": "Zuidoost", "bevolking": 2365, "oppervlakte_km2": 0.3181, "bev_dichtheid": 7433.7 }, "geometry": { "type": "Polygon", "coordinates": [ [ [ 4.9567551, 52.3240463 ], [ 4.9593358, 52.3212201 ], [ 4.9616954, 52.3220356 ], [ 4.9617002, 52.3224626 ], [ 4.9629397, 52.3228957 ], [ 4.9643132, 52.3228548 ], [ 4.9647313, 52.3229884 ], [ 4.9655753, 52.3229267 ], [ 4.9664641, 52.3232498 ], [ 4.9674826, 52.3233353 ], [ 4.9673401, 52.3235045 ], [ 4.9672674, 52.3236211 ], [ 4.967219, 52.3237576 ], [ 4.9672031, 52.3238977 ], [ 4.9680177, 52.3249306 ], [ 4.9683978, 52.3250623 ], [ 4.9684851, 52.3249826 ], [ 4.9685351, 52.3249647 ], [ 4.9698486, 52.3248885 ], [ 4.9702288, 52.3250265 ], [ 4.970283, 52.325033 ], [ 4.9705089, 52.3250383 ], [ 4.9706231, 52.3250584 ], [ 4.9714843, 52.3253535 ], [ 4.9711451, 52.3257047 ], [ 4.9704766, 52.3262892 ], [ 4.9702577, 52.3261707 ], [ 4.9696119, 52.3265189 ], [ 4.9692133, 52.3267844 ], [ 4.9675451, 52.3277592 ], [ 4.9640447, 52.3265567 ], [ 4.9625124, 52.3260372 ], [ 4.9610298, 52.3255204 ], [ 4.9575385, 52.3243206 ], [ 4.9567551, 52.3240463 ] ] ] } },
{ "type": "Feature", "properties": { "buurt_naam": "G-buurt-West", "stadsdeel": "Zuidoost", "bevolking": 3705, "oppervlakte_km2": 0.4252, "bev_dichtheid": 8713.3 }, "geometry": { "type": "Polygon", "coordinates": [ [ [ 4.9593358, 52.3212201 ], [ 4.9617592, 52.318572 ], [ 4.9635658, 52.3165976 ], [ 4.9644109, 52.3168819 ], [ 4.9649447, 52.3170411 ], [ 4.9653439, 52.3171603 ], [ 4.9669988, 52.3177278 ], [ 4.9670947, 52.3178073 ], [ 4.9674997, 52.3179463 ], [ 4.9675944, 52.3180257 ], [ 4.9703384, 52.3189674 ], [ 4.9689701, 52.3205012 ], [ 4.9742614, 52.3223066 ], [ 4.9745534, 52.3219839 ], [ 4.975555, 52.3223236 ], [ 4.9756335, 52.3222286 ], [ 4.9777025, 52.3229341 ], [ 4.9769053, 52.3238076 ], [ 4.9759769, 52.3234809 ], [ 4.9756449, 52.3233835 ], [ 4.9747954, 52.323093 ], [ 4.9743604, 52.3228685 ], [ 4.9739028, 52.3227026 ], [ 4.9731634, 52.3235142 ], [ 4.9701237, 52.3224717 ], [ 4.969716, 52.3229242 ], [ 4.9696326, 52.3228988 ], [ 4.9695667, 52.3228923 ], [ 4.9679467, 52.3229656 ], [ 4.9678365, 52.3229994 ], [ 4.9677463, 52.3230575 ], [ 4.9674826, 52.3233353 ], [ 4.9664641, 52.3232498 ], [ 4.9655753, 52.3229267 ], [ 4.9647313, 52.3229884 ], [ 4.9643132, 52.3228548 ], [ 4.9629397, 52.3228957 ], [ 4.9617002, 52.3224626 ], [ 4.9616954, 52.3220356 ], [ 4.9593358, 52.3212201 ] ] ] } },
{ "type": "Feature", "properties": { "buurt_naam": "G-buurt-Noord", "stadsdeel": "Zuidoost", "bevolking": 1710, "oppervlakte_km2": 0.0804, "bev_dichtheid": 21281.9 }, "geometry": { "type": "Polygon", "coordinates": [ [ [ 4.9706231, 52.3250584 ], [ 4.9705089, 52.3250383 ], [ 4.970283, 52.325033 ], [ 4.9702288, 52.3250265 ], [ 4.9698486, 52.3248885 ], [ 4.9685351, 52.3249647 ], [ 4.9684851, 52.3249826 ], [ 4.9683978, 52.3250623 ], [ 4.9680177, 52.3249306 ], [ 4.9672031, 52.3238977 ], [ 4.967219, 52.3237576 ], [ 4.9672674, 52.3236211 ], [ 4.9673401, 52.3235045 ], [ 4.9674826, 52.3233353 ], [ 4.9677463, 52.3230575 ], [ 4.9678365, 52.3229994 ], [ 4.9679467, 52.3229656 ], [ 4.9695667, 52.3228923 ], [ 4.9696326, 52.3228988 ], [ 4.969716, 52.3229242 ], [ 4.9701237, 52.3224717 ], [ 4.9731634, 52.3235142 ], [ 4.9721483, 52.3246099 ], [ 4.9714843, 52.3253535 ], [ 4.9706231, 52.3250584 ] ] ] } },
{ "type": "Feature", "properties": { "buurt_naam": "G-buurt-Oost", "stadsdeel": "Zuidoost", "bevolking": 3170, "oppervlakte_km2": 0.9675, "bev_dichtheid": 3276.4 }, "geometry": { "type": "Polygon", "coordinates": [ [ [ 4.9704766, 52.3262892 ], [ 4.9711451, 52.3257047 ], [ 4.9714843, 52.3253535 ], [ 4.9721483, 52.3246099 ], [ 4.9731634, 52.3235142 ], [ 4.9739028, 52.3227026 ], [ 4.9743604, 52.3228685 ], [ 4.9747954, 52.323093 ], [ 4.9756449, 52.3233835 ], [ 4.9759769, 52.3234809 ], [ 4.9769053, 52.3238076 ], [ 4.9787625, 52.3244244 ], [ 4.9788431, 52.3244417 ], [ 4.9789574, 52.3244412 ], [ 4.9790721, 52.3244084 ], [ 4.9805314, 52.3231497 ], [ 4.9818907, 52.3217388 ], [ 4.9823148, 52.3212414 ], [ 4.9916748, 52.3244384 ], [ 4.9916167, 52.3245389 ], [ 4.9915106, 52.3247534 ], [ 4.9911705, 52.3255737 ], [ 4.9910044, 52.3259317 ], [ 4.9908939, 52.3261426 ], [ 4.990744, 52.3263479 ], [ 4.9905765, 52.3265405 ], [ 4.9899412, 52.3272107 ], [ 4.9896066, 52.3275484 ], [ 4.9894766, 52.3276657 ], [ 4.9892047, 52.327877 ], [ 4.9890483, 52.327986 ], [ 4.988631, 52.3282174 ], [ 4.9879987, 52.3285523 ], [ 4.9879384, 52.3285791 ], [ 4.9878572, 52.3286211 ], [ 4.9875919, 52.3287631 ], [ 4.9873015, 52.328931 ], [ 4.9870299, 52.329118 ], [ 4.9868482, 52.3292558 ], [ 4.9863712, 52.3296002 ], [ 4.9860423, 52.3298121 ], [ 4.9855009, 52.3301446 ], [ 4.9853047, 52.3302599 ], [ 4.9851013, 52.3303643 ], [ 4.9849495, 52.3304295 ], [ 4.9847921, 52.3304819 ], [ 4.9844788, 52.3305653 ], [ 4.9839689, 52.3306679 ], [ 4.9836781, 52.33071 ], [ 4.9833579, 52.3307485 ], [ 4.9830848, 52.3307691 ], [ 4.9825225, 52.3308049 ], [ 4.9816527, 52.3308065 ], [ 4.981138, 52.3307714 ], [ 4.9809152, 52.3307635 ], [ 4.9806863, 52.3307618 ], [ 4.980513, 52.3307837 ], [ 4.9798024, 52.3310041 ], [ 4.9783494, 52.3310783 ], [ 4.9779496, 52.3311614 ], [ 4.9771387, 52.3306436 ], [ 4.9763464, 52.3306507 ], [ 4.9759651, 52.3306368 ], [ 4.9756382, 52.3306078 ], [ 4.9753101, 52.3305626 ], [ 4.9750059, 52.3299783 ], [ 4.9748281, 52.3297018 ], [ 4.9745101, 52.3293285 ], [ 4.9740285, 52.328908 ], [ 4.9734179, 52.3284754 ], [ 4.9721561, 52.327717 ], [ 4.9718106, 52.3274739 ], [ 4.9713665, 52.3269592 ], [ 4.9713158, 52.326888 ], [ 4.9712231, 52.3267718 ], [ 4.9711751, 52.3267176 ], [ 4.9711186, 52.3266635 ], [ 4.9710691, 52.3266229 ], [ 4.9709903, 52.3265678 ], [ 4.9708635, 52.3264873 ], [ 4.9707146, 52.3264069 ], [ 4.9704766, 52.3262892 ] ] ] } },
{ "type": "Feature", "properties": { "buurt_naam": "Grunder/Koningshoef", "stadsdeel": "Zuidoost", "bevolking": 1745, "oppervlakte_km2": 0.1308, "bev_dichtheid": 13343.1 }, "geometry": { "type": "Polygon", "coordinates": [ [ [ 4.9769053, 52.3238076 ], [ 4.9777025, 52.3229341 ], [ 4.9789768, 52.3215356 ], [ 4.9799825, 52.3198116 ], [ 4.9826836, 52.3182696 ], [ 4.9843165, 52.3188323 ], [ 4.9823148, 52.3212414 ], [ 4.9818907, 52.3217388 ], [ 4.9805314, 52.3231497 ], [ 4.9790721, 52.3244084 ], [ 4.9789574, 52.3244412 ], [ 4.9788431, 52.3244417 ], [ 4.9787625, 52.3244244 ], [ 4.9769053, 52.3238076 ] ] ] } },
{ "type": "Feature", "properties": { "buurt_naam": "Kantershof", "stadsdeel": "Zuidoost", "bevolking": 2245, "oppervlakte_km2": 0.6022, "bev_dichtheid": 3727.9 }, "geometry": { "type": "Polygon", "coordinates": [ [ [ 4.9823148, 52.3212414 ], [ 4.9843165, 52.3188323 ], [ 4.9847496, 52.3183098 ], [ 4.985424, 52.3180246 ], [ 4.9857725, 52.3175772 ], [ 4.985949, 52.3173701 ], [ 4.9867392, 52.3175553 ], [ 4.9880535, 52.3155663 ], [ 4.9877239, 52.3148903 ], [ 4.9880876, 52.3147099 ], [ 4.9886395, 52.3148196 ], [ 4.9891312, 52.3141148 ], [ 4.9900885, 52.3144874 ], [ 4.9911375, 52.3149152 ], [ 4.9921077, 52.3153282 ], [ 4.9931754, 52.3158028 ], [ 4.9942258, 52.3162906 ], [ 4.9950536, 52.3166915 ], [ 4.995464, 52.316896 ], [ 4.9968991, 52.3176431 ], [ 4.9967851, 52.3177577 ], [ 4.9962129, 52.3184588 ], [ 4.9959338, 52.318838 ], [ 4.9958492, 52.3189375 ], [ 4.9955831, 52.3191954 ], [ 4.9954809, 52.3193111 ], [ 4.9953725, 52.3194536 ], [ 4.9952582, 52.3196159 ], [ 4.9949193, 52.3201199 ], [ 4.9948422, 52.3202221 ], [ 4.9947235, 52.3203699 ], [ 4.9943426, 52.320827 ], [ 4.9942966, 52.320888 ], [ 4.9942667, 52.3209401 ], [ 4.9942504, 52.3209787 ], [ 4.9942147, 52.3210298 ], [ 4.99346, 52.3219512 ], [ 4.9926001, 52.3231365 ], [ 4.9921727, 52.3237067 ], [ 4.9921121, 52.3237677 ], [ 4.9917642, 52.3242797 ], [ 4.9916748, 52.3244384 ], [ 4.9823148, 52.3212414 ] ] ] } },
{ "type": "Feature", "properties": { "buurt_naam": "Bijlmermuseum-Noord", "stadsdeel": "Zuidoost", "bevolking": 2290, "oppervlakte_km2": 0.1647, "bev_dichtheid": 13902.4 }, "geometry": { "type": "Polygon", "coordinates": [ [ [ 4.9756335, 52.3222286 ], [ 4.975555, 52.3223236 ], [ 4.9745534, 52.3219839 ], [ 4.9742614, 52.3223066 ], [ 4.9689701, 52.3205012 ], [ 4.9703384, 52.3189674 ], [ 4.9708398, 52.3191381 ], [ 4.9709876, 52.3191683 ], [ 4.9710873, 52.3191732 ], [ 4.9723193, 52.319163 ], [ 4.9724118, 52.3191706 ], [ 4.9725185, 52.3191961 ], [ 4.972612, 52.3192387 ], [ 4.9726703, 52.3192821 ], [ 4.9733676, 52.3200044 ], [ 4.9734536, 52.3200515 ], [ 4.9735649, 52.3200707 ], [ 4.9741855, 52.3200603 ], [ 4.974275, 52.3200471 ], [ 4.9743559, 52.3200187 ], [ 4.9744105, 52.3199865 ], [ 4.9744505, 52.3199488 ], [ 4.9748277, 52.3194405 ], [ 4.9748647, 52.3194047 ], [ 4.9749294, 52.3193689 ], [ 4.9755594, 52.3191394 ], [ 4.9756315, 52.3191207 ], [ 4.9757078, 52.3191111 ], [ 4.9760701, 52.3191087 ], [ 4.9762063, 52.3191218 ], [ 4.9763352, 52.3191528 ], [ 4.9764769, 52.3192136 ], [ 4.9765671, 52.3192767 ], [ 4.9769274, 52.3196537 ], [ 4.9770264, 52.3197411 ], [ 4.9775717, 52.3200963 ], [ 4.9776983, 52.3201955 ], [ 4.9781039, 52.3205969 ], [ 4.9789768, 52.3215356 ], [ 4.9777025, 52.3229341 ], [ 4.9756335, 52.3222286 ] ] ] } },
{ "type": "Feature", "properties": { "buurt_naam": "Bijlmermuseum-Zuid", "stadsdeel": "Zuidoost", "bevolking": 3090, "oppervlakte_km2": 0.2567, "bev_dichtheid": 12039.4 }, "geometry": { "type": "Polygon", "coordinates": [ [ [ 4.9703384, 52.3189674 ], [ 4.9709741, 52.3182533 ], [ 4.9725298, 52.3165601 ], [ 4.9732259, 52.3158219 ], [ 4.9737538, 52.3152108 ], [ 4.9752186, 52.3157139 ], [ 4.9753122, 52.3157349 ], [ 4.9755466, 52.3157662 ], [ 4.9758332, 52.3158598 ], [ 4.9760187, 52.3159413 ], [ 4.9762095, 52.316075 ], [ 4.9763819, 52.3161601 ], [ 4.9775382, 52.3165614 ], [ 4.9779392, 52.3166472 ], [ 4.9786891, 52.3169014 ], [ 4.9785529, 52.317051 ], [ 4.9800252, 52.3175513 ], [ 4.9801615, 52.3174009 ], [ 4.9826836, 52.3182696 ], [ 4.9799825, 52.3198116 ], [ 4.9789768, 52.3215356 ], [ 4.9781039, 52.3205969 ], [ 4.9776983, 52.3201955 ], [ 4.9775717, 52.3200963 ], [ 4.9770264, 52.3197411 ], [ 4.9769274, 52.3196537 ], [ 4.9765671, 52.3192767 ], [ 4.9764769, 52.3192136 ], [ 4.9763352, 52.3191528 ], [ 4.9762063, 52.3191218 ], [ 4.9760701, 52.3191087 ], [ 4.9757078, 52.3191111 ], [ 4.9756315, 52.3191207 ], [ 4.9755594, 52.3191394 ], [ 4.9749294, 52.3193689 ], [ 4.9748647, 52.3194047 ], [ 4.9748277, 52.3194405 ], [ 4.9744505, 52.3199488 ], [ 4.9744105, 52.3199865 ], [ 4.9743559, 52.3200187 ], [ 4.974275, 52.3200471 ], [ 4.9741855, 52.3200603 ], [ 4.9735649, 52.3200707 ], [ 4.9734536, 52.3200515 ], [ 4.9733676, 52.3200044 ], [ 4.9726703, 52.3192821 ], [ 4.972612, 52.3192387 ], [ 4.9725185, 52.3191961 ], [ 4.9724118, 52.3191706 ], [ 4.9723193, 52.319163 ], [ 4.9710873, 52.3191732 ], [ 4.9709876, 52.3191683 ], [ 4.9708398, 52.3191381 ], [ 4.9703384, 52.3189674 ] ] ] } },
{ "type": "Feature", "properties": { "buurt_naam": "De Kameleon e.o.", "stadsdeel": "Zuidoost", "bevolking": 2360, "oppervlakte_km2": 0.1597, "bev_dichtheid": 14776.8 }, "geometry": { "type": "Polygon", "coordinates": [ [ [ 4.9737538, 52.3152108 ], [ 4.9743868, 52.3144769 ], [ 4.9749057, 52.3138766 ], [ 4.9749602, 52.3138363 ], [ 4.9750206, 52.3138123 ], [ 4.9751029, 52.3137973 ], [ 4.9757189, 52.3137904 ], [ 4.9757306, 52.3139478 ], [ 4.976178, 52.3140904 ], [ 4.9766053, 52.314197 ], [ 4.9768961, 52.3142906 ], [ 4.9770788, 52.3143632 ], [ 4.9773665, 52.3144953 ], [ 4.9776398, 52.3146077 ], [ 4.9791572, 52.3151316 ], [ 4.9793806, 52.3152277 ], [ 4.9797106, 52.315395 ], [ 4.9798859, 52.3154693 ], [ 4.9801258, 52.3155447 ], [ 4.9803804, 52.3155986 ], [ 4.980695, 52.3156599 ], [ 4.9808912, 52.3157154 ], [ 4.9820973, 52.3161276 ], [ 4.9823692, 52.3162282 ], [ 4.9826452, 52.3163443 ], [ 4.9830941, 52.3164968 ], [ 4.9839763, 52.3167263 ], [ 4.9841577, 52.3167827 ], [ 4.9844589, 52.316896 ], [ 4.9848413, 52.3170716 ], [ 4.9850009, 52.3171279 ], [ 4.9852114, 52.3171924 ], [ 4.9854484, 52.3172535 ], [ 4.985949, 52.3173701 ], [ 4.9857725, 52.3175772 ], [ 4.985424, 52.3180246 ], [ 4.9847496, 52.3183098 ], [ 4.9843165, 52.3188323 ], [ 4.9826836, 52.3182696 ], [ 4.9801615, 52.3174009 ], [ 4.9800252, 52.3175513 ], [ 4.9785529, 52.317051 ], [ 4.9786891, 52.3169014 ], [ 4.9779392, 52.3166472 ], [ 4.9775382, 52.3165614 ], [ 4.9763819, 52.3161601 ], [ 4.9762095, 52.316075 ], [ 4.9760187, 52.3159413 ], [ 4.9758332, 52.3158598 ], [ 4.9755466, 52.3157662 ], [ 4.9753122, 52.3157349 ], [ 4.9752186, 52.3157139 ], [ 4.9737538, 52.3152108 ] ] ] } },
{ "type": "Feature", "properties": { "buurt_naam": "Gooise Kant", "stadsdeel": "Zuidoost", "bevolking": 865, "oppervlakte_km2": 0.1535, "bev_dichtheid": 5634.0 }, "geometry": { "type": "Polygon", "coordinates": [ [ [ 4.9635658, 52.3165976 ], [ 4.9651784, 52.3148184 ], [ 4.9714204, 52.3079964 ], [ 4.9739695, 52.3088717 ], [ 4.9732852, 52.3096188 ], [ 4.9730861, 52.3095751 ], [ 4.9728795, 52.3095483 ], [ 4.9727741, 52.3095426 ], [ 4.972667, 52.3095403 ], [ 4.9724573, 52.3095504 ], [ 4.9722502, 52.3095794 ], [ 4.9721504, 52.3095996 ], [ 4.9719578, 52.3096538 ], [ 4.9717796, 52.3097251 ], [ 4.9716206, 52.3098098 ], [ 4.9715483, 52.3098572 ], [ 4.9714226, 52.3099611 ], [ 4.9700493, 52.3114752 ], [ 4.9700105, 52.3115299 ], [ 4.9699866, 52.3115873 ], [ 4.9699771, 52.3116466 ], [ 4.969984, 52.3117059 ], [ 4.9700055, 52.3117644 ], [ 4.970043, 52.3118194 ], [ 4.9703999, 52.3122323 ], [ 4.97042, 52.3122683 ], [ 4.9704255, 52.3123159 ], [ 4.9703912, 52.3123886 ], [ 4.9698889, 52.3129324 ], [ 4.9684014, 52.3145412 ], [ 4.968292, 52.3146353 ], [ 4.9682124, 52.3146845 ], [ 4.9681211, 52.3147255 ], [ 4.9679519, 52.314777 ], [ 4.9672412, 52.3148761 ], [ 4.9670824, 52.3149097 ], [ 4.9669117, 52.3149765 ], [ 4.966773, 52.3150658 ], [ 4.9649447, 52.3170411 ], [ 4.9644109, 52.3168819 ], [ 4.9635658, 52.3165976 ] ] ] } },
{ "type": "Feature", "properties": { "buurt_naam": "Kortvoort", "stadsdeel": "Zuidoost", "bevolking": 2920, "oppervlakte_km2": 0.2215, "bev_dichtheid": 13184.9 }, "geometry": { "type": "Polygon", "coordinates": [ [ [ 4.9649447, 52.3170411 ], [ 4.966773, 52.3150658 ], [ 4.9669117, 52.3149765 ], [ 4.9670824, 52.3149097 ], [ 4.9672412, 52.3148761 ], [ 4.9679519, 52.314777 ], [ 4.9681211, 52.3147255 ], [ 4.9682124, 52.3146845 ], [ 4.968292, 52.3146353 ], [ 4.9684014, 52.3145412 ], [ 4.9698889, 52.3129324 ], [ 4.9743868, 52.3144769 ], [ 4.9737538, 52.3152108 ], [ 4.9732259, 52.3158219 ], [ 4.9725298, 52.3165601 ], [ 4.9709741, 52.3182533 ], [ 4.9703384, 52.3189674 ], [ 4.9675944, 52.3180257 ], [ 4.9674997, 52.3179463 ], [ 4.9670947, 52.3178073 ], [ 4.9669988, 52.3177278 ], [ 4.9653439, 52.3171603 ], [ 4.9649447, 52.3170411 ] ] ] } },
{ "type": "Feature", "properties": { "buurt_naam": "Kelbergen", "stadsdeel": "Zuidoost", "bevolking": 1035, "oppervlakte_km2": 0.2172, "bev_dichtheid": 4765.7 }, "geometry": { "type": "Polygon", "coordinates": [ [ [ 4.9698889, 52.3129324 ], [ 4.9703912, 52.3123886 ], [ 4.9704255, 52.3123159 ], [ 4.97042, 52.3122683 ], [ 4.9703999, 52.3122323 ], [ 4.970043, 52.3118194 ], [ 4.9700055, 52.3117644 ], [ 4.969984, 52.3117059 ], [ 4.9699771, 52.3116466 ], [ 4.9699866, 52.3115873 ], [ 4.9700105, 52.3115299 ], [ 4.9700493, 52.3114752 ], [ 4.9714226, 52.3099611 ], [ 4.9715483, 52.3098572 ], [ 4.9716206, 52.3098098 ], [ 4.9717796, 52.3097251 ], [ 4.9719578, 52.3096538 ], [ 4.9721504, 52.3095996 ], [ 4.9722502, 52.3095794 ], [ 4.9724573, 52.3095504 ], [ 4.972667, 52.3095403 ], [ 4.9727741, 52.3095426 ], [ 4.9728795, 52.3095483 ], [ 4.9730861, 52.3095751 ], [ 4.9732852, 52.3096188 ], [ 4.9739695, 52.3088717 ], [ 4.9786746, 52.3104887 ], [ 4.9779695, 52.3112691 ], [ 4.9778588, 52.3113478 ], [ 4.9776246, 52.3114719 ], [ 4.9774918, 52.3115587 ], [ 4.9774416, 52.3115944 ], [ 4.9773246, 52.3117217 ], [ 4.9772533, 52.3118256 ], [ 4.9769249, 52.3124447 ], [ 4.97687, 52.3125199 ], [ 4.9767975, 52.3125899 ], [ 4.9766499, 52.3126872 ], [ 4.9764321, 52.3127835 ], [ 4.976332, 52.3128111 ], [ 4.975756, 52.3129305 ], [ 4.975715, 52.3129447 ], [ 4.9756838, 52.312967 ], [ 4.9756644, 52.313011 ], [ 4.9757189, 52.3137904 ], [ 4.9751029, 52.3137973 ], [ 4.9750206, 52.3138123 ], [ 4.9749602, 52.3138363 ], [ 4.9749057, 52.3138766 ], [ 4.9743868, 52.3144769 ], [ 4.9698889, 52.3129324 ] ] ] } },
{ "type": "Feature", "properties": { "buurt_naam": "K-buurt-Zuidwest", "stadsdeel": "Zuidoost", "bevolking": 1410, "oppervlakte_km2": 0.1678, "bev_dichtheid": 8402.5 }, "geometry": { "type": "Polygon", "coordinates": [ [ [ 4.9756644, 52.313011 ], [ 4.9756838, 52.312967 ], [ 4.975715, 52.3129447 ], [ 4.975756, 52.3129305 ], [ 4.976332, 52.3128111 ], [ 4.9764321, 52.3127835 ], [ 4.9766499, 52.3126872 ], [ 4.9767975, 52.3125899 ], [ 4.97687, 52.3125199 ], [ 4.9769249, 52.3124447 ], [ 4.9772533, 52.3118256 ], [ 4.9773246, 52.3117217 ], [ 4.9774416, 52.3115944 ], [ 4.9774918, 52.3115587 ], [ 4.9776246, 52.3114719 ], [ 4.9778588, 52.3113478 ], [ 4.9779695, 52.3112691 ], [ 4.9786746, 52.3104887 ], [ 4.9835309, 52.3121536 ], [ 4.9820913, 52.3137144 ], [ 4.9803804, 52.3155986 ], [ 4.9801258, 52.3155447 ], [ 4.9798859, 52.3154693 ], [ 4.9797106, 52.315395 ], [ 4.9793806, 52.3152277 ], [ 4.9791572, 52.3151316 ], [ 4.9776398, 52.3146077 ], [ 4.9773665, 52.3144953 ], [ 4.9770788, 52.3143632 ], [ 4.9768961, 52.3142906 ], [ 4.9766053, 52.314197 ], [ 4.976178, 52.3140904 ], [ 4.9757306, 52.3139478 ], [ 4.9757189, 52.3137904 ], [ 4.9756644, 52.313011 ] ] ] } },
{ "type": "Feature", "properties": { "buurt_naam": "K-buurt-Zuidoost", "stadsdeel": "Zuidoost", "bevolking": 1405, "oppervlakte_km2": 0.1953, "bev_dichtheid": 7194.1 }, "geometry": { "type": "Polygon", "coordinates": [ [ [ 4.9803804, 52.3155986 ], [ 4.9820913, 52.3137144 ], [ 4.9835309, 52.3121536 ], [ 4.9873275, 52.3134545 ], [ 4.9882338, 52.3137801 ], [ 4.9891312, 52.3141148 ], [ 4.9886395, 52.3148196 ], [ 4.9880876, 52.3147099 ], [ 4.9877239, 52.3148903 ], [ 4.9880535, 52.3155663 ], [ 4.9867392, 52.3175553 ], [ 4.985949, 52.3173701 ], [ 4.9854484, 52.3172535 ], [ 4.9852114, 52.3171924 ], [ 4.9850009, 52.3171279 ], [ 4.9848413, 52.3170716 ], [ 4.9844589, 52.316896 ], [ 4.9841577, 52.3167827 ], [ 4.9839763, 52.3167263 ], [ 4.9830941, 52.3164968 ], [ 4.9826452, 52.3163443 ], [ 4.9823692, 52.3162282 ], [ 4.9820973, 52.3161276 ], [ 4.9808912, 52.3157154 ], [ 4.980695, 52.3156599 ], [ 4.9803804, 52.3155986 ] ] ] } },
{ "type": "Feature", "properties": { "buurt_naam": "Holendrecht-West", "stadsdeel": "Zuidoost", "bevolking": 2870, "oppervlakte_km2": 0.349, "bev_dichtheid": 8224.0 }, "geometry": { "type": "Polygon", "coordinates": [ [ [ 4.9554018, 52.3024971 ], [ 4.9557487, 52.3020984 ], [ 4.9560998, 52.3017312 ], [ 4.9584451, 52.2991872 ], [ 4.9593178, 52.2982125 ], [ 4.9595822, 52.2980175 ], [ 4.9596235, 52.2979717 ], [ 4.9634387, 52.2992824 ], [ 4.9642757, 52.2983606 ], [ 4.9647537, 52.298525 ], [ 4.9655825, 52.2987741 ], [ 4.9657474, 52.2988385 ], [ 4.9662074, 52.2990478 ], [ 4.9664438, 52.2991466 ], [ 4.9674506, 52.2994989 ], [ 4.9624922, 52.3049313 ], [ 4.9554018, 52.3024971 ] ] ] } },
{ "type": "Feature", "properties": { "buurt_naam": "Holendrecht-Oost", "stadsdeel": "Zuidoost", "bevolking": 2520, "oppervlakte_km2": 0.6632, "bev_dichtheid": 3800.0 }, "geometry": { "type": "Polygon", "coordinates": [ [ [ 4.9624922, 52.3049313 ], [ 4.9674506, 52.2994989 ], [ 4.9685987, 52.2982285 ], [ 4.9686577, 52.2981874 ], [ 4.9687608, 52.2981338 ], [ 4.968877, 52.2980929 ], [ 4.9690019, 52.2980637 ], [ 4.9691793, 52.2980473 ], [ 4.9693142, 52.2980522 ], [ 4.9694021, 52.2980633 ], [ 4.9724333, 52.2985745 ], [ 4.9727933, 52.2986485 ], [ 4.9730404, 52.2987142 ], [ 4.9732451, 52.2987796 ], [ 4.974069, 52.2990845 ], [ 4.9774683, 52.3002395 ], [ 4.9777151, 52.3003446 ], [ 4.9778799, 52.3004386 ], [ 4.978027, 52.3005434 ], [ 4.9781535, 52.3006571 ], [ 4.9782261, 52.3007382 ], [ 4.9783158, 52.3008652 ], [ 4.9787194, 52.3016081 ], [ 4.9782832, 52.3017001 ], [ 4.9780025, 52.3017764 ], [ 4.977598, 52.3019126 ], [ 4.9773419, 52.3020178 ], [ 4.977099, 52.3021328 ], [ 4.9767586, 52.302324 ], [ 4.9764532, 52.3025359 ], [ 4.9762685, 52.3026872 ], [ 4.9714204, 52.3079964 ], [ 4.9653711, 52.3059204 ], [ 4.9624922, 52.3049313 ] ] ] } },
{ "type": "Feature", "properties": { "buurt_naam": "Holendrecht-Zuid", "stadsdeel": "Zuidoost", "bevolking": 4255, "oppervlakte_km2": 0.368, "bev_dichtheid": 11562.5 }, "geometry": { "type": "Polygon", "coordinates": [ [ [ 4.9596235, 52.2979717 ], [ 4.9601778, 52.2973546 ], [ 4.9610029, 52.2962996 ], [ 4.9609581, 52.2962464 ], [ 4.9611581, 52.2960144 ], [ 4.9617475, 52.2953811 ], [ 4.9623175, 52.2955809 ], [ 4.9624829, 52.2954322 ], [ 4.9626262, 52.2953195 ], [ 4.9628181, 52.2951845 ], [ 4.9630259, 52.2950585 ], [ 4.963247, 52.2949406 ], [ 4.9634797, 52.2948309 ], [ 4.9637386, 52.2947258 ], [ 4.9639887, 52.2946378 ], [ 4.9642473, 52.2945605 ], [ 4.9645133, 52.294494 ], [ 4.9647865, 52.2944375 ], [ 4.9650639, 52.2943917 ], [ 4.9653413, 52.2943585 ], [ 4.965623, 52.2943352 ], [ 4.9659059, 52.2943237 ], [ 4.9661933, 52.2943238 ], [ 4.9664864, 52.2943347 ], [ 4.9667764, 52.2943573 ], [ 4.9670883, 52.2943935 ], [ 4.9674733, 52.2944497 ], [ 4.9696992, 52.294827 ], [ 4.9716557, 52.2951934 ], [ 4.9741641, 52.2956182 ], [ 4.9735504, 52.2969876 ], [ 4.9732388, 52.2977235 ], [ 4.9727933, 52.2986485 ], [ 4.9724333, 52.2985745 ], [ 4.9694021, 52.2980633 ], [ 4.9693142, 52.2980522 ], [ 4.9691793, 52.2980473 ], [ 4.9690019, 52.2980637 ], [ 4.968877, 52.2980929 ], [ 4.9687608, 52.2981338 ], [ 4.9686577, 52.2981874 ], [ 4.9685987, 52.2982285 ], [ 4.9674506, 52.2994989 ], [ 4.9664438, 52.2991466 ], [ 4.9662074, 52.2990478 ], [ 4.9657474, 52.2988385 ], [ 4.9655825, 52.2987741 ], [ 4.9647537, 52.298525 ], [ 4.9642757, 52.2983606 ], [ 4.9634387, 52.2992824 ], [ 4.9596235, 52.2979717 ] ] ] } },
{ "type": "Feature", "properties": { "buurt_naam": "L-buurt", "stadsdeel": "Zuidoost", "bevolking": 3125, "oppervlakte_km2": 0.7609, "bev_dichtheid": 4106.8 }, "geometry": { "type": "Polygon", "coordinates": [ [ [ 4.9714204, 52.3079964 ], [ 4.9762685, 52.3026872 ], [ 4.9764532, 52.3025359 ], [ 4.9767586, 52.302324 ], [ 4.977099, 52.3021328 ], [ 4.9773419, 52.3020178 ], [ 4.977598, 52.3019126 ], [ 4.9780025, 52.3017764 ], [ 4.9782832, 52.3017001 ], [ 4.9787194, 52.3016081 ], [ 4.9789676, 52.3015667 ], [ 4.9794387, 52.3015163 ], [ 4.9798974, 52.3015152 ], [ 4.9862983, 52.3015378 ], [ 4.9862638, 52.3035717 ], [ 4.9861801, 52.3035831 ], [ 4.9860114, 52.3035924 ], [ 4.9858415, 52.3035838 ], [ 4.9857579, 52.3035727 ], [ 4.985676, 52.303557 ], [ 4.985521, 52.3035134 ], [ 4.9854494, 52.3034853 ], [ 4.9852932, 52.3034039 ], [ 4.985204, 52.3033712 ], [ 4.9851076, 52.3033475 ], [ 4.9850065, 52.3033337 ], [ 4.9848526, 52.3033331 ], [ 4.9847512, 52.3033454 ], [ 4.9846544, 52.3033684 ], [ 4.9845235, 52.3034192 ], [ 4.9844497, 52.3034639 ], [ 4.9837223, 52.3041238 ], [ 4.9833419, 52.3045297 ], [ 4.9821836, 52.3056608 ], [ 4.9839242, 52.3062897 ], [ 4.9847304, 52.3066348 ], [ 4.9854263, 52.3068736 ], [ 4.9863486, 52.3071705 ], [ 4.9876879, 52.3076011 ], [ 4.9835309, 52.3121536 ], [ 4.9786746, 52.3104887 ], [ 4.9739695, 52.3088717 ], [ 4.9714204, 52.3079964 ] ] ] } },
{ "type": "Feature", "properties": { "buurt_naam": "Gaasperpark", "stadsdeel": "Zuidoost", "bevolking": 20, "oppervlakte_km2": 0.844, "bev_dichtheid": 23.7 }, "geometry": { "type": "Polygon", "coordinates": [ [ [ 4.9835309, 52.3121536 ], [ 4.9876879, 52.3076011 ], [ 4.9863486, 52.3071705 ], [ 4.9865437, 52.3070121 ], [ 4.986748, 52.3066291 ], [ 4.9867968, 52.3065754 ], [ 4.9868736, 52.3065172 ], [ 4.9871668, 52.3063653 ], [ 4.9873771, 52.3062869 ], [ 4.9875328, 52.3062525 ], [ 4.9876796, 52.3062386 ], [ 4.9883513, 52.306222 ], [ 4.9896649, 52.3062255 ], [ 4.9904009, 52.3062512 ], [ 4.9914221, 52.306323 ], [ 4.9914925, 52.3063161 ], [ 4.9917599, 52.3062639 ], [ 4.9926333, 52.3061429 ], [ 4.9927654, 52.3061397 ], [ 4.9930437, 52.3061577 ], [ 4.9931228, 52.3061714 ], [ 4.9931974, 52.3061932 ], [ 4.9932806, 52.3062303 ], [ 4.9933375, 52.3062673 ], [ 4.9934219, 52.3063422 ], [ 4.9937876, 52.3064297 ], [ 4.9938752, 52.3064849 ], [ 4.9940582, 52.3066733 ], [ 4.9940035, 52.3068825 ], [ 4.9940783, 52.3070589 ], [ 4.9941214, 52.3073126 ], [ 4.994096, 52.3073808 ], [ 4.9939743, 52.3075457 ], [ 4.9939515, 52.3076472 ], [ 4.9939783, 52.307748 ], [ 4.9941045, 52.3079183 ], [ 4.9947088, 52.3082205 ], [ 4.995097, 52.3084419 ], [ 4.9952414, 52.3085089 ], [ 4.9955775, 52.3086494 ], [ 4.9963609, 52.3089395 ], [ 4.9965293, 52.3089635 ], [ 4.9967037, 52.3089631 ], [ 4.9975024, 52.3088588 ], [ 4.9976273, 52.3086552 ], [ 4.9976925, 52.3085943 ], [ 4.9977897, 52.3085326 ], [ 4.9982993, 52.3082683 ], [ 4.9984363, 52.3082085 ], [ 4.9986259, 52.3081569 ], [ 4.9987477, 52.3081394 ], [ 4.9988723, 52.3081317 ], [ 4.998997, 52.3081339 ], [ 4.9991055, 52.308145 ], [ 4.9992739, 52.3081744 ], [ 4.9994142, 52.3082081 ], [ 4.9995502, 52.308249 ], [ 4.9999535, 52.3084093 ], [ 5.0002036, 52.3084929 ], [ 5.000429, 52.308552 ], [ 5.0006601, 52.3086004 ], [ 5.0010228, 52.3087111 ], [ 5.0013536, 52.3087733 ], [ 5.0014604, 52.3088097 ], [ 5.0015334, 52.3088441 ], [ 5.0015976, 52.3088839 ], [ 5.0016689, 52.3089452 ], [ 5.0019782, 52.3092895 ], [ 5.0015668, 52.3097385 ], [ 5.0015161, 52.3098255 ], [ 5.0014947, 52.3099171 ], [ 5.0015045, 52.3099783 ], [ 5.0016005, 52.3102338 ], [ 5.0018683, 52.3108198 ], [ 5.0016252, 52.3109394 ], [ 5.0014086, 52.3110672 ], [ 4.9999637, 52.3119514 ], [ 4.9990562, 52.31244 ], [ 4.9976105, 52.3132702 ], [ 4.9972009, 52.3134981 ], [ 4.9979448, 52.313941 ], [ 4.9980818, 52.3140358 ], [ 4.9978624, 52.3139803 ], [ 4.9975881, 52.3141536 ], [ 4.9974581, 52.3142476 ], [ 4.9973003, 52.3141968 ], [ 4.9971953, 52.3142944 ], [ 4.9971329, 52.3143859 ], [ 4.9970941, 52.3144567 ], [ 4.997094, 52.3144801 ], [ 4.9971188, 52.3146447 ], [ 4.9971213, 52.3147004 ], [ 4.9971042, 52.3148082 ], [ 4.9970746, 52.3148486 ], [ 4.9970945, 52.3150814 ], [ 4.9971488, 52.3159066 ], [ 4.9971757, 52.316037 ], [ 4.9972298, 52.3162188 ], [ 4.9972626, 52.3163195 ], [ 4.9973444, 52.3165158 ], [ 4.9973644, 52.3165913 ], [ 4.9973725, 52.3166731 ], [ 4.9973629, 52.3167665 ], [ 4.9973279, 52.3169085 ], [ 4.9972664, 52.3170647 ], [ 4.9971826, 52.3172558 ], [ 4.9971051, 52.317393 ], [ 4.9970233, 52.3175178 ], [ 4.9968991, 52.3176431 ], [ 4.995464, 52.316896 ], [ 4.9950536, 52.3166915 ], [ 4.9942258, 52.3162906 ], [ 4.9931754, 52.3158028 ], [ 4.9921077, 52.3153282 ], [ 4.9911375, 52.3149152 ], [ 4.9900885, 52.3144874 ], [ 4.9891312, 52.3141148 ], [ 4.9882338, 52.3137801 ], [ 4.9873275, 52.3134545 ], [ 4.9835309, 52.3121536 ] ] ] } },
{ "type": "Feature", "properties": { "buurt_naam": "Gaasperplas", "stadsdeel": "Zuidoost", "bevolking": 10, "oppervlakte_km2": 1.285, "bev_dichtheid": 7.8 }, "geometry": { "type": "Polygon", "coordinates": [ [ [ 4.9854263, 52.3068736 ], [ 4.9847304, 52.3066348 ], [ 4.9839242, 52.3062897 ], [ 4.9821836, 52.3056608 ], [ 4.9833419, 52.3045297 ], [ 4.9837223, 52.3041238 ], [ 4.9844497, 52.3034639 ], [ 4.9845235, 52.3034192 ], [ 4.9846544, 52.3033684 ], [ 4.9847512, 52.3033454 ], [ 4.9848526, 52.3033331 ], [ 4.9850065, 52.3033337 ], [ 4.9851076, 52.3033475 ], [ 4.985204, 52.3033712 ], [ 4.9852932, 52.3034039 ], [ 4.9854494, 52.3034853 ], [ 4.985521, 52.3035134 ], [ 4.985676, 52.303557 ], [ 4.9857579, 52.3035727 ], [ 4.9858415, 52.3035838 ], [ 4.9860114, 52.3035924 ], [ 4.9861801, 52.3035831 ], [ 4.9862638, 52.3035717 ], [ 4.9862983, 52.3015378 ], [ 4.9892024, 52.3015458 ], [ 4.9904807, 52.3015573 ], [ 4.9906581, 52.3015732 ], [ 4.990794, 52.3015997 ], [ 4.9909228, 52.3016388 ], [ 4.9913419, 52.3018199 ], [ 4.9914866, 52.3018698 ], [ 4.9916945, 52.3019137 ], [ 4.9919143, 52.3019278 ], [ 4.9921342, 52.3019142 ], [ 4.9922913, 52.3018842 ], [ 4.9923927, 52.3018558 ], [ 4.9926282, 52.3017532 ], [ 4.9927312, 52.3017176 ], [ 4.9928693, 52.3016876 ], [ 4.9930453, 52.3016737 ], [ 4.9951212, 52.3016824 ], [ 4.9953804, 52.3017112 ], [ 4.9956277, 52.3017649 ], [ 4.9958911, 52.3018116 ], [ 4.9962488, 52.3018236 ], [ 4.9965377, 52.3018084 ], [ 4.9970284, 52.3016967 ], [ 4.997209, 52.3016713 ], [ 4.9973616, 52.3016619 ], [ 5.0003513, 52.3016106 ], [ 5.0028848, 52.3015784 ], [ 5.0054199, 52.3015578 ], [ 5.0079534, 52.3015497 ], [ 5.0080837, 52.3015699 ], [ 5.0083356, 52.3016004 ], [ 5.0087323, 52.3016718 ], [ 5.0089151, 52.3017155 ], [ 5.0090439, 52.301751 ], [ 5.0092121, 52.3018045 ], [ 5.0094313, 52.3018861 ], [ 5.0095773, 52.3019468 ], [ 5.0099177, 52.3020953 ], [ 5.0100404, 52.3021586 ], [ 5.0101235, 52.302211 ], [ 5.0102109, 52.3022751 ], [ 5.0104963, 52.3025052 ], [ 5.0106665, 52.3026648 ], [ 5.0108625, 52.3028739 ], [ 5.0109659, 52.3029668 ], [ 5.0111103, 52.3030706 ], [ 5.0114269, 52.3032469 ], [ 5.0115422, 52.3033029 ], [ 5.0117175, 52.3033746 ], [ 5.0118375, 52.3034136 ], [ 5.0119969, 52.3034581 ], [ 5.0122808, 52.3035238 ], [ 5.0124565, 52.3035548 ], [ 5.0127216, 52.3035854 ], [ 5.0126487, 52.3038799 ], [ 5.0118286, 52.3037766 ], [ 5.0113111, 52.3042792 ], [ 5.0118928, 52.3045058 ], [ 5.0111198, 52.3048925 ], [ 5.0110454, 52.304841 ], [ 5.0110367, 52.3048383 ], [ 5.0110204, 52.3048392 ], [ 5.0107117, 52.3049469 ], [ 5.0106764, 52.3049549 ], [ 5.0106648, 52.3049539 ], [ 5.0104838, 52.3048455 ], [ 5.0104574, 52.3048427 ], [ 5.0104414, 52.3048471 ], [ 5.0104266, 52.3048525 ], [ 5.0100258, 52.3050866 ], [ 5.0098712, 52.305159 ], [ 5.0095842, 52.3053019 ], [ 5.0098421, 52.3054798 ], [ 5.0098858, 52.3055186 ], [ 5.0099046, 52.3055582 ], [ 5.0098763, 52.3055976 ], [ 5.0096784, 52.305766 ], [ 5.009493, 52.3060287 ], [ 5.0099542, 52.3061003 ], [ 5.0101431, 52.3061342 ], [ 5.0101986, 52.306146 ], [ 5.010203, 52.3061496 ], [ 5.0101985, 52.3061721 ], [ 5.0101911, 52.3061837 ], [ 5.0099999, 52.3064159 ], [ 5.0098747, 52.3066627 ], [ 5.009606, 52.3072235 ], [ 5.0095912, 52.3072342 ], [ 5.0095444, 52.3072368 ], [ 5.009206, 52.3071989 ], [ 5.0090784, 52.3071778 ], [ 5.0089482, 52.3071648 ], [ 5.0088559, 52.3071492 ], [ 5.0088121, 52.3071365 ], [ 5.0087755, 52.3071166 ], [ 5.0087348, 52.3070751 ], [ 5.0086984, 52.3070517 ], [ 5.0086545, 52.3070362 ], [ 5.0085798, 52.3070262 ], [ 5.0085035, 52.3070258 ], [ 5.0084287, 52.3070347 ], [ 5.0083567, 52.3070488 ], [ 5.008292, 52.3070738 ], [ 5.0082712, 52.3071069 ], [ 5.0082709, 52.3071429 ], [ 5.0082953, 52.3072023 ], [ 5.0083462, 52.3072545 ], [ 5.0084133, 52.3072997 ], [ 5.008498, 52.3073314 ], [ 5.0086312, 52.3073705 ], [ 5.0087672, 52.3074033 ], [ 5.0093778, 52.3074979 ], [ 5.0102072, 52.3077341 ], [ 5.0100131, 52.3081442 ], [ 5.0099759, 52.3082133 ], [ 5.0099403, 52.3082726 ], [ 5.0098291, 52.3084034 ], [ 5.0097729, 52.3084572 ], [ 5.0097035, 52.3085163 ], [ 5.0088388, 52.3091526 ], [ 5.0086869, 52.3092554 ], [ 5.0085264, 52.3093538 ], [ 5.0084143, 52.3094163 ], [ 5.0081817, 52.3095342 ], [ 5.0079344, 52.3096413 ], [ 5.0078065, 52.3096903 ], [ 5.0075433, 52.3097811 ], [ 5.0072682, 52.3098593 ], [ 5.0071287, 52.309894 ], [ 5.0069862, 52.3099249 ], [ 5.0068422, 52.3099541 ], [ 5.0066969, 52.3099788 ], [ 5.0064017, 52.3100201 ], [ 5.0061582, 52.3100418 ], [ 5.0044899, 52.3101533 ], [ 5.0042067, 52.3101811 ], [ 5.0040658, 52.3101987 ], [ 5.0039248, 52.310218 ], [ 5.0036487, 52.3102638 ], [ 5.0034431, 52.3103046 ], [ 5.0031743, 52.3103648 ], [ 5.0028451, 52.3104526 ], [ 5.0026524, 52.3105122 ], [ 5.0024025, 52.3105986 ], [ 5.00222, 52.3106682 ], [ 5.0020994, 52.3107162 ], [ 5.0018683, 52.3108198 ], [ 5.0016005, 52.3102338 ], [ 5.0015045, 52.3099783 ], [ 5.0014947, 52.3099171 ], [ 5.0015161, 52.3098255 ], [ 5.0015668, 52.3097385 ], [ 5.0019782, 52.3092895 ], [ 5.0016689, 52.3089452 ], [ 5.0015976, 52.3088839 ], [ 5.0015334, 52.3088441 ], [ 5.0014604, 52.3088097 ], [ 5.0013536, 52.3087733 ], [ 5.0010228, 52.3087111 ], [ 5.0006601, 52.3086004 ], [ 5.000429, 52.308552 ], [ 5.0002036, 52.3084929 ], [ 4.9999535, 52.3084093 ], [ 4.9995502, 52.308249 ], [ 4.9994142, 52.3082081 ], [ 4.9992739, 52.3081744 ], [ 4.9991055, 52.308145 ], [ 4.998997, 52.3081339 ], [ 4.9988723, 52.3081317 ], [ 4.9987477, 52.3081394 ], [ 4.9986259, 52.3081569 ], [ 4.9984363, 52.3082085 ], [ 4.9982993, 52.3082683 ], [ 4.9977897, 52.3085326 ], [ 4.9976925, 52.3085943 ], [ 4.9976273, 52.3086552 ], [ 4.9975024, 52.3088588 ], [ 4.9967037, 52.3089631 ], [ 4.9965293, 52.3089635 ], [ 4.9963609, 52.3089395 ], [ 4.9955775, 52.3086494 ], [ 4.9952414, 52.3085089 ], [ 4.995097, 52.3084419 ], [ 4.9947088, 52.3082205 ], [ 4.9941045, 52.3079183 ], [ 4.9939783, 52.307748 ], [ 4.9939515, 52.3076472 ], [ 4.9939743, 52.3075457 ], [ 4.994096, 52.3073808 ], [ 4.9941214, 52.3073126 ], [ 4.9940783, 52.3070589 ], [ 4.9940035, 52.3068825 ], [ 4.9940582, 52.3066733 ], [ 4.9938752, 52.3064849 ], [ 4.9937876, 52.3064297 ], [ 4.9934219, 52.3063422 ], [ 4.9933375, 52.3062673 ], [ 4.9932806, 52.3062303 ], [ 4.9931974, 52.3061932 ], [ 4.9931228, 52.3061714 ], [ 4.9930437, 52.3061577 ], [ 4.9927654, 52.3061397 ], [ 4.9926333, 52.3061429 ], [ 4.9917599, 52.3062639 ], [ 4.9914925, 52.3063161 ], [ 4.9914221, 52.306323 ], [ 4.9904009, 52.3062512 ], [ 4.9896649, 52.3062255 ], [ 4.9883513, 52.306222 ], [ 4.9876796, 52.3062386 ], [ 4.9875328, 52.3062525 ], [ 4.9873771, 52.3062869 ], [ 4.9871668, 52.3063653 ], [ 4.9868736, 52.3065172 ], [ 4.9867968, 52.3065754 ], [ 4.986748, 52.3066291 ], [ 4.9865437, 52.3070121 ], [ 4.9863486, 52.3071705 ], [ 4.9854263, 52.3068736 ] ] ] } },
{ "type": "Feature", "properties": { "buurt_naam": "Reigersbos 1", "stadsdeel": "Zuidoost", "bevolking": 2030, "oppervlakte_km2": 0.2522, "bev_dichtheid": 8050.5 }, "geometry": { "type": "Polygon", "coordinates": [ [ [ 4.9727933, 52.2986485 ], [ 4.9732388, 52.2977235 ], [ 4.9735504, 52.2969876 ], [ 4.9741641, 52.2956182 ], [ 4.9760244, 52.2959302 ], [ 4.9761796, 52.2956396 ], [ 4.9763175, 52.2956293 ], [ 4.9767404, 52.2956955 ], [ 4.9766202, 52.2960303 ], [ 4.9773872, 52.2961444 ], [ 4.9782175, 52.2962336 ], [ 4.9788871, 52.2962817 ], [ 4.9795582, 52.2963073 ], [ 4.9820442, 52.2963213 ], [ 4.982042, 52.296564 ], [ 4.9820532, 52.2966143 ], [ 4.9820906, 52.29669 ], [ 4.9822023, 52.2968242 ], [ 4.9818597, 52.2969444 ], [ 4.9820194, 52.2971157 ], [ 4.9820496, 52.2971733 ], [ 4.9820595, 52.2972336 ], [ 4.9820445, 52.2974115 ], [ 4.9818719, 52.2980059 ], [ 4.9818595, 52.2985909 ], [ 4.981812, 52.2986447 ], [ 4.9814584, 52.2988359 ], [ 4.9813713, 52.298903 ], [ 4.9799466, 52.3004745 ], [ 4.9799212, 52.3005257 ], [ 4.9799105, 52.3005786 ], [ 4.9798974, 52.3015152 ], [ 4.9794387, 52.3015163 ], [ 4.9789676, 52.3015667 ], [ 4.9787194, 52.3016081 ], [ 4.9783158, 52.3008652 ], [ 4.9782261, 52.3007382 ], [ 4.9781535, 52.3006571 ], [ 4.978027, 52.3005434 ], [ 4.9778799, 52.3004386 ], [ 4.9777151, 52.3003446 ], [ 4.9774683, 52.3002395 ], [ 4.974069, 52.2990845 ], [ 4.9732451, 52.2987796 ], [ 4.9730404, 52.2987142 ], [ 4.9727933, 52.2986485 ] ] ] } },
{ "type": "Feature", "properties": { "buurt_naam": "Reigersbos 2", "stadsdeel": "Zuidoost", "bevolking": 1575, "oppervlakte_km2": 0.1917, "bev_dichtheid": 8214.1 }, "geometry": { "type": "Polygon", "coordinates": [ [ [ 4.9741641, 52.2956182 ], [ 4.9744905, 52.2948932 ], [ 4.974545, 52.294701 ], [ 4.9745549, 52.2945869 ], [ 4.9745649, 52.2933413 ], [ 4.97461, 52.2929082 ], [ 4.975909, 52.2928641 ], [ 4.9809423, 52.2927188 ], [ 4.9819669, 52.2927205 ], [ 4.9819583, 52.2928688 ], [ 4.9820898, 52.2945176 ], [ 4.9821145, 52.2945608 ], [ 4.9821609, 52.294596 ], [ 4.9823671, 52.2946543 ], [ 4.9824226, 52.294685 ], [ 4.9824603, 52.2947247 ], [ 4.9824746, 52.2947697 ], [ 4.9825009, 52.2950969 ], [ 4.9824928, 52.2951751 ], [ 4.9824585, 52.2952505 ], [ 4.982161, 52.2955722 ], [ 4.9821074, 52.2956447 ], [ 4.9820748, 52.2957076 ], [ 4.9820487, 52.2958261 ], [ 4.9820442, 52.2963213 ], [ 4.9795582, 52.2963073 ], [ 4.9788871, 52.2962817 ], [ 4.9782175, 52.2962336 ], [ 4.9773872, 52.2961444 ], [ 4.9766202, 52.2960303 ], [ 4.9767404, 52.2956955 ], [ 4.9763175, 52.2956293 ], [ 4.9761796, 52.2956396 ], [ 4.9760244, 52.2959302 ], [ 4.9741641, 52.2956182 ] ] ] } },
{ "type": "Feature", "properties": { "buurt_naam": "Reigersbos 3", "stadsdeel": "Zuidoost", "bevolking": 2495, "oppervlakte_km2": 0.2502, "bev_dichtheid": 9972.3 }, "geometry": { "type": "Polygon", "coordinates": [ [ [ 4.9617475, 52.2953811 ], [ 4.963191, 52.2938817 ], [ 4.96367, 52.2933109 ], [ 4.9639611, 52.2930558 ], [ 4.9658449, 52.2910043 ], [ 4.9660179, 52.2908611 ], [ 4.9660951, 52.2907481 ], [ 4.9682386, 52.2914586 ], [ 4.974373, 52.2928588 ], [ 4.97461, 52.2929082 ], [ 4.9745649, 52.2933413 ], [ 4.9745549, 52.2945869 ], [ 4.974545, 52.294701 ], [ 4.9744905, 52.2948932 ], [ 4.9741641, 52.2956182 ], [ 4.9716557, 52.2951934 ], [ 4.9696992, 52.294827 ], [ 4.9674733, 52.2944497 ], [ 4.9670883, 52.2943935 ], [ 4.9667764, 52.2943573 ], [ 4.9664864, 52.2943347 ], [ 4.9661933, 52.2943238 ], [ 4.9659059, 52.2943237 ], [ 4.965623, 52.2943352 ], [ 4.9653413, 52.2943585 ], [ 4.9650639, 52.2943917 ], [ 4.9647865, 52.2944375 ], [ 4.9645133, 52.294494 ], [ 4.9642473, 52.2945605 ], [ 4.9639887, 52.2946378 ], [ 4.9637386, 52.2947258 ], [ 4.9634797, 52.2948309 ], [ 4.963247, 52.2949406 ], [ 4.9630259, 52.2950585 ], [ 4.9628181, 52.2951845 ], [ 4.9626262, 52.2953195 ], [ 4.9624829, 52.2954322 ], [ 4.9623175, 52.2955809 ], [ 4.9617475, 52.2953811 ] ] ] } },
{ "type": "Feature", "properties": { "buurt_naam": "Reigersbos 4", "stadsdeel": "Zuidoost", "bevolking": 2555, "oppervlakte_km2": 0.6281, "bev_dichtheid": 4067.8 }, "geometry": { "type": "Polygon", "coordinates": [ [ [ 4.9660951, 52.2907481 ], [ 4.9662869, 52.2904648 ], [ 4.9693081, 52.2871304 ], [ 4.9697438, 52.2866159 ], [ 4.9700041, 52.2863688 ], [ 4.9718415, 52.284362 ], [ 4.9719392, 52.2844289 ], [ 4.9723966, 52.2847181 ], [ 4.9726138, 52.2848483 ], [ 4.9727188, 52.2849016 ], [ 4.9728253, 52.2849469 ], [ 4.9729554, 52.2849932 ], [ 4.9730416, 52.2850106 ], [ 4.9730737, 52.2850233 ], [ 4.9731028, 52.2850468 ], [ 4.9731316, 52.2851089 ], [ 4.9731722, 52.2851675 ], [ 4.9732026, 52.2852009 ], [ 4.9732433, 52.2852325 ], [ 4.9734621, 52.2853419 ], [ 4.9737146, 52.2854461 ], [ 4.9747742, 52.2860935 ], [ 4.9748468, 52.2861583 ], [ 4.9749386, 52.286226 ], [ 4.97515, 52.2863445 ], [ 4.9755384, 52.2864897 ], [ 4.9759385, 52.2866493 ], [ 4.9760085, 52.2866854 ], [ 4.9760872, 52.286737 ], [ 4.9761179, 52.2867533 ], [ 4.9762842, 52.2868249 ], [ 4.9763923, 52.2868639 ], [ 4.9772811, 52.2872687 ], [ 4.9776898, 52.2874471 ], [ 4.9780839, 52.2876247 ], [ 4.9785701, 52.2878412 ], [ 4.9787, 52.2878874 ], [ 4.9789045, 52.2879664 ], [ 4.9792359, 52.2880996 ], [ 4.979392, 52.2881739 ], [ 4.9797906, 52.2883523 ], [ 4.9798459, 52.288383 ], [ 4.9798489, 52.2883812 ], [ 4.9801146, 52.2885116 ], [ 4.9804475, 52.2886457 ], [ 4.9809423, 52.288864 ], [ 4.9811118, 52.2889257 ], [ 4.9812624, 52.2889685 ], [ 4.9813442, 52.2889975 ], [ 4.9814726, 52.2890609 ], [ 4.9816667, 52.2891496 ], [ 4.9819645, 52.2892684 ], [ 4.9820522, 52.2893073 ], [ 4.9821926, 52.289351 ], [ 4.9822699, 52.2893854 ], [ 4.982315, 52.2894143 ], [ 4.9823443, 52.2894288 ], [ 4.9824684, 52.2894669 ], [ 4.9825706, 52.2895086 ], [ 4.982619, 52.289525 ], [ 4.9826583, 52.2895422 ], [ 4.982705, 52.2895701 ], [ 4.9827502, 52.289591 ], [ 4.9828919, 52.2896436 ], [ 4.982908, 52.2896536 ], [ 4.9829196, 52.2896689 ], [ 4.9829367, 52.2897103 ], [ 4.9829814, 52.2897905 ], [ 4.9830875, 52.2898933 ], [ 4.9833674, 52.2902249 ], [ 4.9834794, 52.2903314 ], [ 4.9835082, 52.2903692 ], [ 4.9835792, 52.2904611 ], [ 4.9822749, 52.2906193 ], [ 4.9821984, 52.2906434 ], [ 4.9821673, 52.2906729 ], [ 4.9819669, 52.2927205 ], [ 4.9809423, 52.2927188 ], [ 4.975909, 52.2928641 ], [ 4.97461, 52.2929082 ], [ 4.974373, 52.2928588 ], [ 4.9682386, 52.2914586 ], [ 4.9660951, 52.2907481 ] ] ] } },
{ "type": "Feature", "properties": { "buurt_naam": "Gein 1", "stadsdeel": "Zuidoost", "bevolking": 2945, "oppervlakte_km2": 0.3182, "bev_dichtheid": 9255.8 }, "geometry": { "type": "Polygon", "coordinates": [ [ [ 4.9798974, 52.3015152 ], [ 4.9799105, 52.3005786 ], [ 4.9799212, 52.3005257 ], [ 4.9799466, 52.3004745 ], [ 4.9813713, 52.298903 ], [ 4.9814584, 52.2988359 ], [ 4.981812, 52.2986447 ], [ 4.9818595, 52.2985909 ], [ 4.9818719, 52.2980059 ], [ 4.9820445, 52.2974115 ], [ 4.9820595, 52.2972336 ], [ 4.9820496, 52.2971733 ], [ 4.9820194, 52.2971157 ], [ 4.9818597, 52.2969444 ], [ 4.9822023, 52.2968242 ], [ 4.9820906, 52.29669 ], [ 4.9820532, 52.2966143 ], [ 4.982042, 52.296564 ], [ 4.9820442, 52.2963213 ], [ 4.9854597, 52.2963266 ], [ 4.9892488, 52.2963439 ], [ 4.9892024, 52.3015458 ], [ 4.9862983, 52.3015378 ], [ 4.9798974, 52.3015152 ] ] ] } },
{ "type": "Feature", "properties": { "buurt_naam": "Gein 2", "stadsdeel": "Zuidoost", "bevolking": 1660, "oppervlakte_km2": 0.1802, "bev_dichtheid": 9210.0 }, "geometry": { "type": "Polygon", "coordinates": [ [ [ 4.9820442, 52.2963213 ], [ 4.9820487, 52.2958261 ], [ 4.9820748, 52.2957076 ], [ 4.9821074, 52.2956447 ], [ 4.982161, 52.2955722 ], [ 4.9824585, 52.2952505 ], [ 4.9824928, 52.2951751 ], [ 4.9825009, 52.2950969 ], [ 4.9824746, 52.2947697 ], [ 4.9824603, 52.2947247 ], [ 4.9824226, 52.294685 ], [ 4.9823671, 52.2946543 ], [ 4.9821609, 52.294596 ], [ 4.9821145, 52.2945608 ], [ 4.9820898, 52.2945176 ], [ 4.9819583, 52.2928688 ], [ 4.9819669, 52.2927205 ], [ 4.9876904, 52.2929198 ], [ 4.9878384, 52.2929328 ], [ 4.9880507, 52.292974 ], [ 4.988245, 52.2930393 ], [ 4.9884171, 52.2931271 ], [ 4.988557, 52.2932336 ], [ 4.9886599, 52.2933545 ], [ 4.9887233, 52.2934859 ], [ 4.9891974, 52.2952076 ], [ 4.9892312, 52.2953722 ], [ 4.9892553, 52.2956196 ], [ 4.9892488, 52.2963439 ], [ 4.9854597, 52.2963266 ], [ 4.9820442, 52.2963213 ] ] ] } },
{ "type": "Feature", "properties": { "buurt_naam": "Gein 3", "stadsdeel": "Zuidoost", "bevolking": 3210, "oppervlakte_km2": 0.6454, "bev_dichtheid": 4973.7 }, "geometry": { "type": "Polygon", "coordinates": [ [ [ 4.9892024, 52.3015458 ], [ 4.9892488, 52.2963439 ], [ 5.0032476, 52.2963973 ], [ 5.0032343, 52.2965994 ], [ 5.00323, 52.2967504 ], [ 5.0032379, 52.2970273 ], [ 5.0032348, 52.2973895 ], [ 5.0032463, 52.2974263 ], [ 5.0034039, 52.2976668 ], [ 5.0036796, 52.2981657 ], [ 5.0037675, 52.2983421 ], [ 5.0038364, 52.2985103 ], [ 5.0052667, 52.2983946 ], [ 5.0067799, 52.3000694 ], [ 5.0070573, 52.3003776 ], [ 5.0073629, 52.300658 ], [ 5.0075458, 52.3008689 ], [ 5.0076326, 52.3010122 ], [ 5.0076999, 52.301184 ], [ 5.0077255, 52.301283 ], [ 5.0077541, 52.3013667 ], [ 5.0078076, 52.3014442 ], [ 5.0078935, 52.3015235 ], [ 5.0079534, 52.3015497 ], [ 5.0054199, 52.3015578 ], [ 5.0028848, 52.3015784 ], [ 5.0003513, 52.3016106 ], [ 4.9973616, 52.3016619 ], [ 4.997209, 52.3016713 ], [ 4.9970284, 52.3016967 ], [ 4.9965377, 52.3018084 ], [ 4.9962488, 52.3018236 ], [ 4.9958911, 52.3018116 ], [ 4.9956277, 52.3017649 ], [ 4.9953804, 52.3017112 ], [ 4.9951212, 52.3016824 ], [ 4.9930453, 52.3016737 ], [ 4.9928693, 52.3016876 ], [ 4.9927312, 52.3017176 ], [ 4.9926282, 52.3017532 ], [ 4.9923927, 52.3018558 ], [ 4.9922913, 52.3018842 ], [ 4.9921342, 52.3019142 ], [ 4.9919143, 52.3019278 ], [ 4.9916945, 52.3019137 ], [ 4.9914866, 52.3018698 ], [ 4.9913419, 52.3018199 ], [ 4.9909228, 52.3016388 ], [ 4.990794, 52.3015997 ], [ 4.9906581, 52.3015732 ], [ 4.9904807, 52.3015573 ], [ 4.9892024, 52.3015458 ] ] ] } },
{ "type": "Feature", "properties": { "buurt_naam": "Gein 4", "stadsdeel": "Zuidoost", "bevolking": 3380, "oppervlakte_km2": 0.7704, "bev_dichtheid": 4387.3 }, "geometry": { "type": "Polygon", "coordinates": [ [ [ 4.9819669, 52.2927205 ], [ 4.9821673, 52.2906729 ], [ 4.9821984, 52.2906434 ], [ 4.9822749, 52.2906193 ], [ 4.9835792, 52.2904611 ], [ 4.9835082, 52.2903692 ], [ 4.9838869, 52.2903239 ], [ 4.9846219, 52.2902301 ], [ 4.9851149, 52.2901725 ], [ 4.9865484, 52.2900146 ], [ 4.9866849, 52.2899972 ], [ 4.9875724, 52.2898977 ], [ 4.9883016, 52.2898273 ], [ 4.9890277, 52.2897525 ], [ 4.9897422, 52.2896749 ], [ 4.9904611, 52.2896044 ], [ 4.991187, 52.289553 ], [ 4.9926451, 52.2894131 ], [ 4.9929134, 52.2893951 ], [ 4.9933697, 52.2893581 ], [ 4.9936821, 52.2893276 ], [ 4.9941191, 52.2892896 ], [ 4.9950211, 52.2892324 ], [ 4.9955356, 52.2892241 ], [ 4.9967205, 52.2891571 ], [ 4.997477, 52.28912 ], [ 4.9977609, 52.28935 ], [ 4.9980996, 52.2896442 ], [ 4.9982234, 52.2897461 ], [ 4.9982889, 52.2898092 ], [ 4.9983282, 52.2898345 ], [ 4.9984542, 52.2898403 ], [ 4.9984615, 52.2898512 ], [ 4.9984794, 52.2899753 ], [ 4.9985187, 52.2901803 ], [ 4.9985245, 52.2901983 ], [ 4.9985519, 52.2902352 ], [ 4.9986647, 52.2902329 ], [ 4.9987397, 52.2902206 ], [ 4.9987659, 52.2902197 ], [ 4.9987821, 52.2902216 ], [ 4.9988157, 52.2902406 ], [ 4.9988272, 52.2902595 ], [ 4.9992373, 52.2906167 ], [ 5.0000145, 52.2912728 ], [ 5.0000814, 52.2913305 ], [ 5.0001787, 52.2914234 ], [ 5.0005411, 52.2917239 ], [ 5.0005585, 52.2917455 ], [ 5.000608, 52.2917843 ], [ 5.0006763, 52.2918537 ], [ 5.0008176, 52.2919584 ], [ 5.0009077, 52.2920414 ], [ 5.0012511, 52.2923311 ], [ 5.001334, 52.2924085 ], [ 5.0013556, 52.2924644 ], [ 5.0013743, 52.2924842 ], [ 5.0014953, 52.2925808 ], [ 5.0015986, 52.2926521 ], [ 5.0016846, 52.2927216 ], [ 5.0017908, 52.2927938 ], [ 5.0018227, 52.2928434 ], [ 5.0018354, 52.2929234 ], [ 5.0018034, 52.2930564 ], [ 5.0017993, 52.2931768 ], [ 5.0018165, 52.2934114 ], [ 5.0018194, 52.293761 ], [ 5.0018329, 52.2942149 ], [ 5.0018266, 52.2942787 ], [ 5.0018369, 52.2944388 ], [ 5.0018492, 52.2950463 ], [ 5.0018463, 52.2952045 ], [ 5.0018553, 52.2953673 ], [ 5.001851, 52.2955119 ], [ 5.0018399, 52.2956072 ], [ 5.0018535, 52.2957249 ], [ 5.0018536, 52.2958804 ], [ 5.0020365, 52.2959161 ], [ 5.0020994, 52.2959324 ], [ 5.0022983, 52.2959996 ], [ 5.0023846, 52.2960224 ], [ 5.0024856, 52.2960361 ], [ 5.002597, 52.2960455 ], [ 5.0028182, 52.2960471 ], [ 5.0028799, 52.2960446 ], [ 5.0030618, 52.2960237 ], [ 5.0031117, 52.2960211 ], [ 5.0031818, 52.2960429 ], [ 5.0032286, 52.2960664 ], [ 5.0032416, 52.2960844 ], [ 5.0032486, 52.2961331 ], [ 5.0032454, 52.2961564 ], [ 5.0032529, 52.2962993 ], [ 5.0032476, 52.2963973 ], [ 4.9892488, 52.2963439 ], [ 4.9892553, 52.2956196 ], [ 4.9892312, 52.2953722 ], [ 4.9891974, 52.2952076 ], [ 4.9887233, 52.2934859 ], [ 4.9886599, 52.2933545 ], [ 4.988557, 52.2932336 ], [ 4.9884171, 52.2931271 ], [ 4.988245, 52.2930393 ], [ 4.9880507, 52.292974 ], [ 4.9878384, 52.2929328 ], [ 4.9876904, 52.2929198 ], [ 4.9819669, 52.2927205 ] ] ] } }
]
}
