{
"type": "FeatureCollection",
"name": "ev_laadpalen_bestaand",
"crs": { "type": "name", "properties": { "name": "urn:ogc:def:crs:OGC:1.3:CRS84" } },
"features": [
{ "type": "Feature", "properties": { "laadpaal_id": "OCM-37667", "aantal_laadpunten": 1, "operator_id": 78.0, "adres": "Nieuwe Herengracht 55C", "buurt_naam": "Waterloopleinbuurt", "stadsdeel": "Centrum" }, "geometry": { "type": "Point", "coordinates": [ 4.904229, 52.366553 ] } },
{ "type": "Feature", "properties": { "laadpaal_id": "OCM-117878", "aantal_laadpunten": 2, "operator_id": 177.0, "adres": "Rapenburgerstraat", "buurt_naam": "Valkenburg", "stadsdeel": "Centrum" }, "geometry": { "type": "Point", "coordinates": [ 4.90605465079534, 52.368408830411902 ] } },
{ "type": "Feature", "properties": { "laadpaal_id": "OCM-37696", "aantal_laadpunten": 1, "operator_id": 162.0, "adres": "Houtkopersdwarsstraat 6", "buurt_naam": "Waterloopleinbuurt", "stadsdeel": "Centrum" }, "geometry": { "type": "Point", "coordinates": [ 4.901996, 52.368695 ] } },
{ "type": "Feature", "properties": { "laadpaal_id": "OCM-37663", "aantal_laadpunten": 1, "operator_id": 78.0, "adres": "Amstel 35-1", "buurt_naam": "Waterloopleinbuurt", "stadsdeel": "Centrum" }, "geometry": { "type": "Point", "coordinates": [ 4.901705, 52.366404 ] } },
{ "type": "Feature", "properties": { "laadpaal_id": "OCM-37683", "aantal_laadpunten": 4, "operator_id": 78.0, "adres": "Amstel 3", "buurt_naam": "Waterloopleinbuurt", "stadsdeel": "Centrum" }, "geometry": { "type": "Point", "coordinates": [ 4.9007606506348, 52.367686349434003 ] } },
{ "type": "Feature", "properties": { "laadpaal_id": "OCM-117879", "aantal_laadpunten": 2, "operator_id": 177.0, "adres": "Uilenburgersteeg", "buurt_naam": "Uilenburg", "stadsdeel": "Centrum" }, "geometry": { "type": "Point", "coordinates": [ 4.902912452417581, 52.369676856127967 ] } },
{ "type": "Feature", "properties": { "laadpaal_id": "OCM-37657", "aantal_laadpunten": 1, "operator_id": 78.0, "adres": "Herengracht", "buurt_naam": "Rembrandtplein e.o.", "stadsdeel": "Centrum" }, "geometry": { "type": "Point", "coordinates": [ 4.900258, 52.365755 ] } },
{ "type": "Feature", "properties": { "laadpaal_id": "OCM-37716", "aantal_laadpunten": 1, "operator_id": 162.0, "adres": "Rapenburgerstraat 48", "buurt_naam": "Valkenburg", "stadsdeel": "Centrum" }, "geometry": { "type": "Point", "coordinates": [ 4.908618, 52.369633 ] } },
{ "type": "Feature", "properties": { "laadpaal_id": "OCM-37749", "aantal_laadpunten": 1, "operator_id": 78.0, "adres": "Kloveniersburgwal 25", "buurt_naam": "Zuiderkerkbuurt", "stadsdeel": "Centrum" }, "geometry": { "type": "Point", "coordinates": [ 4.89957, 52.371478 ] } },
{ "type": "Feature", "properties": { "laadpaal_id": "OCM-74808", "aantal_laadpunten": 2, "operator_id": 177.0, "adres": "Laagtekadijk 173", "buurt_naam": "Kadijken", "stadsdeel": "Centrum" }, "geometry": { "type": "Point", "coordinates": [ 4.912484639881072, 52.36969062924485 ] } },
{ "type": "Feature", "properties": { "laadpaal_id": "OCM-37711", "aantal_laadpunten": 1, "operator_id": 78.0, "adres": "Vendelstraat", "buurt_naam": "BG-terrein e.o.", "stadsdeel": "Centrum" }, "geometry": { "type": "Point", "coordinates": [ 4.895064, 52.369351 ] } },
{ "type": "Feature", "properties": { "laadpaal_id": "OCM-37729", "aantal_laadpunten": 1, "operator_id": 162.0, "adres": "Hoogte Kadijk 8-1", "buurt_naam": "Kadijken", "stadsdeel": "Centrum" }, "geometry": { "type": "Point", "coordinates": [ 4.912662, 52.370193 ] } },
{ "type": "Feature", "properties": { "laadpaal_id": "OCM-37766", "aantal_laadpunten": 1, "operator_id": 78.0, "adres": "Geldersekade", "buurt_naam": "Burgwallen-Oost", "stadsdeel": "Centrum" }, "geometry": { "type": "Point", "coordinates": [ 4.900678, 52.373077 ] } },
{ "type": "Feature", "properties": { "laadpaal_id": "OCM-74807", "aantal_laadpunten": 2, "operator_id": 177.0, "adres": "Entrepotdok 40", "buurt_naam": "Kadijken", "stadsdeel": "Centrum" }, "geometry": { "type": "Point", "coordinates": [ 4.9146038, 52.3687131 ] } },
{ "type": "Feature", "properties": { "laadpaal_id": "OCM-37761", "aantal_laadpunten": 1, "operator_id": 78.0, "adres": "Oudezijds Voorburgwal 232A", "buurt_naam": "Oude Kerk e.o.", "stadsdeel": "Centrum" }, "geometry": { "type": "Point", "coordinates": [ 4.895994, 52.372178 ] } },
{ "type": "Feature", "properties": { "laadpaal_id": "OCM-37599", "aantal_laadpunten": 1, "operator_id": 78.0, "adres": "Sarphatistraat 125-1", "buurt_naam": "Sarphatistrook", "stadsdeel": "Centrum" }, "geometry": { "type": "Point", "coordinates": [ 4.910856, 52.361853 ] } },
{ "type": "Feature", "properties": { "laadpaal_id": "OCM-37723", "aantal_laadpunten": 1, "operator_id": 162.0, "adres": "Matrozenhof 74", "buurt_naam": "Kadijken", "stadsdeel": "Centrum" }, "geometry": { "type": "Point", "coordinates": [ 4.915886, 52.369881 ] } },
{ "type": "Feature", "properties": { "laadpaal_id": "OCM-37647", "aantal_laadpunten": 1, "operator_id": 78.0, "adres": "Herengracht 507", "buurt_naam": "Geelvinckbuurt", "stadsdeel": "Centrum" }, "geometry": { "type": "Point", "coordinates": [ 4.892238, 52.365388 ] } },
{ "type": "Feature", "properties": { "laadpaal_id": "OCM-37571", "aantal_laadpunten": 1, "operator_id": 78.0, "adres": "Sarphatistraat 12", "buurt_naam": "Frederikspleinbuurt", "stadsdeel": "Centrum" }, "geometry": { "type": "Point", "coordinates": [ 4.902558, 52.359867 ] } },
{ "type": "Feature", "properties": { "laadpaal_id": "OCM-37709", "aantal_laadpunten": 2, "operator_id": 177.0, "adres": "Buiten Kadijken 20", "buurt_naam": "Kadijken", "stadsdeel": "Centrum" }, "geometry": { "type": "Point", "coordinates": [ 4.91670086375426, 52.369122956768102 ] } },
{ "type": "Feature", "properties": { "laadpaal_id": "OCM-37627", "aantal_laadpunten": 1, "operator_id": 78.0, "adres": "Keizersgracht 666A", "buurt_naam": "Vijzelstraatbuurt", "stadsdeel": "Centrum" }, "geometry": { "type": "Point", "coordinates": [ 4.892886, 52.363644 ] } },
{ "type": "Feature", "properties": { "laadpaal_id": "OCM-37780", "aantal_laadpunten": 4, "operator_id": 47.0, "adres": "Beursplein 15", "buurt_naam": "Oude Kerk e.o.", "stadsdeel": "Centrum" }, "geometry": { "type": "Point", "coordinates": [ 4.8951806919266, 52.373931176459998 ] } },
{ "type": "Feature", "properties": { "laadpaal_id": "OCM-37788", "aantal_laadpunten": 1, "operator_id": 157.0, "adres": "Beursstraat", "buurt_naam": "Oude Kerk e.o.", "stadsdeel": "Centrum" }, "geometry": { "type": "Point", "coordinates": [ 4.89580011367798, 52.374401092529297 ] } },
{ "type": "Feature", "properties": { "laadpaal_id": "OCM-37750", "aantal_laadpunten": 4, "operator_id": 177.0, "adres": "Kattenburgerstraat 28", "buurt_naam": "Kattenburg", "stadsdeel": "Centrum" }, "geometry": { "type": "Point", "coordinates": [ 4.91649819999998, 52.3714529 ] } },
{ "type": "Feature", "properties": { "laadpaal_id": "OCM-42113", "aantal_laadpunten": 1, "operator_id": 157.0, "adres": "Oosterdokskade 67", "buurt_naam": "Oosterdokseiland", "stadsdeel": "Centrum" }, "geometry": { "type": "Point", "coordinates": [ 4.90701960000001, 52.3759189 ] } },
{ "type": "Feature", "properties": { "laadpaal_id": "OCM-37634", "aantal_laadpunten": 1, "operator_id": 78.0, "adres": "Plantage Middenlaan 86-1", "buurt_naam": "Plantage", "stadsdeel": "Centrum" }, "geometry": { "type": "Point", "coordinates": [ 4.917841, 52.364254 ] } },
{ "type": "Feature", "properties": { "laadpaal_id": "OCM-42115", "aantal_laadpunten": 1, "operator_id": 157.0, "adres": "Oosterdoksstraat", "buurt_naam": "Oosterdokseiland", "stadsdeel": "Centrum" }, "geometry": { "type": "Point", "coordinates": [ 4.90697260000002, 52.3765816 ] } },
{ "type": "Feature", "properties": { "laadpaal_id": "OCM-37552", "aantal_laadpunten": 1, "operator_id": 78.0, "adres": "Stadhouderskade 141-1", "buurt_naam": "Hemonybuurt", "stadsdeel": "Zuid" }, "geometry": { "type": "Point", "coordinates": [ 4.901233, 52.358318 ] } },
{ "type": "Feature", "properties": { "laadpaal_id": "OCM-37549", "aantal_laadpunten": 1, "operator_id": 78.0, "adres": "Stadhouderskade 140", "buurt_naam": "Hemonybuurt", "stadsdeel": "Zuid" }, "geometry": { "type": "Point", "coordinates": [ 4.901095, 52.35807 ] } },
{ "type": "Feature", "properties": { "laadpaal_id": "OCM-37763", "aantal_laadpunten": 1, "operator_id": 78.0, "adres": "Paleisstraat 14", "buurt_naam": "Spuistraat-Zuid", "stadsdeel": "Centrum" }, "geometry": { "type": "Point", "coordinates": [ 4.889241, 52.372285 ] } },
{ "type": "Feature", "properties": { "laadpaal_id": "OCM-37557", "aantal_laadpunten": 1, "operator_id": 78.0, "adres": "Den Texstraat 41-2", "buurt_naam": "Den Texbuurt", "stadsdeel": "Centrum" }, "geometry": { "type": "Point", "coordinates": [ 4.895275, 52.358851 ] } },
{ "type": "Feature", "properties": { "laadpaal_id": "OCM-37678", "aantal_laadpunten": 1, "operator_id": 78.0, "adres": "Herengracht 410", "buurt_naam": "Leidsegracht-Zuid", "stadsdeel": "Centrum" }, "geometry": { "type": "Point", "coordinates": [ 4.88715, 52.367225 ] } },
{ "type": "Feature", "properties": { "laadpaal_id": "OCM-37689", "aantal_laadpunten": 1, "operator_id": 78.0, "adres": "Herengracht 393", "buurt_naam": "Leidsegracht-Noord", "stadsdeel": "Centrum" }, "geometry": { "type": "Point", "coordinates": [ 4.887097, 52.368323 ] } },
{ "type": "Feature", "properties": { "laadpaal_id": "OCM-37566", "aantal_laadpunten": 1, "operator_id": 78.0, "adres": "Weteringschans 187A-1", "buurt_naam": "Den Texbuurt", "stadsdeel": "Centrum" }, "geometry": { "type": "Point", "coordinates": [ 4.892912, 52.359603 ] } },
{ "type": "Feature", "properties": { "laadpaal_id": "OCM-37810", "aantal_laadpunten": 4, "operator_id": null, "adres": "Nieuwezijds Voorburgwal 33", "buurt_naam": "Nieuwendijk-Noord", "stadsdeel": "Centrum" }, "geometry": { "type": "Point", "coordinates": [ 4.8943095858444, 52.376279129250001 ] } },
{ "type": "Feature", "properties": { "laadpaal_id": "OCM-189571", "aantal_laadpunten": 1, "operator_id": 108.0, "adres": "Amsteldijk 707", "buurt_naam": "Hemonybuurt", "stadsdeel": "Zuid" }, "geometry": { "type": "Point", "coordinates": [ 4.904728043048863, 52.356966556436561 ] } },
{ "type": "Feature", "properties": { "laadpaal_id": "OCM-37798", "aantal_laadpunten": 1, "operator_id": 78.0, "adres": "Nieuwezijds Voorburgwal 130D", "buurt_naam": "Spuistraat-Noord", "stadsdeel": "Centrum" }, "geometry": { "type": "Point", "coordinates": [ 4.89181, 52.375152 ] } },
{ "type": "Feature", "properties": { "laadpaal_id": "OCM-37561", "aantal_laadpunten": 1, "operator_id": 78.0, "adres": "'s-Gravesandeplein 3-1", "buurt_naam": "Oosterparkbuurt-Noordwest", "stadsdeel": "Oost" }, "geometry": { "type": "Point", "coordinates": [ 4.914933, 52.359242 ] } },
{ "type": "Feature", "properties": { "laadpaal_id": "OCM-37536", "aantal_laadpunten": 1, "operator_id": 78.0, "adres": "Hemonylaan 2", "buurt_naam": "Hemonybuurt", "stadsdeel": "Zuid" }, "geometry": { "type": "Point", "coordinates": [ 4.8997978, 52.3571758 ] } },
{ "type": "Feature", "properties": { "laadpaal_id": "OCM-37567", "aantal_laadpunten": 1, "operator_id": 78.0, "adres": "Oosterpark 8-1", "buurt_naam": "Oosterparkbuurt-Noordwest", "stadsdeel": "Oost" }, "geometry": { "type": "Point", "coordinates": [ 4.9160824343562, 52.359606663390998 ] } },
{ "type": "Feature", "properties": { "laadpaal_id": "OCM-37753", "aantal_laadpunten": 1, "operator_id": 78.0, "adres": "Kleine Wittenburgerstraat 201", "buurt_naam": "Wittenburg", "stadsdeel": "Centrum" }, "geometry": { "type": "Point", "coordinates": [ 4.921596, 52.371748 ] } },
{ "type": "Feature", "properties": { "laadpaal_id": "OCM-37808", "aantal_laadpunten": 1, "operator_id": 78.0, "adres": "Singel 97", "buurt_naam": "Spuistraat-Noord", "stadsdeel": "Centrum" }, "geometry": { "type": "Point", "coordinates": [ 4.891277, 52.376057 ] } },
{ "type": "Feature", "properties": { "laadpaal_id": "OCM-37775", "aantal_laadpunten": 1, "operator_id": 78.0, "adres": "Herengracht 209", "buurt_naam": "Leliegracht e.o.", "stadsdeel": "Centrum" }, "geometry": { "type": "Point", "coordinates": [ 4.887412, 52.373609 ] } },
{ "type": "Feature", "properties": { "laadpaal_id": "OCM-37848", "aantal_laadpunten": 4, "operator_id": null, "adres": "Stationsplein", "buurt_naam": "Hemelrijk", "stadsdeel": "Centrum" }, "geometry": { "type": "Point", "coordinates": [ 4.8969948291779, 52.378611966671002 ] } },
{ "type": "Feature", "properties": { "laadpaal_id": "OCM-19050", "aantal_laadpunten": 1, "operator_id": 63.0, "adres": "Linnaeusstraat 2", "buurt_naam": "Oosterpark", "stadsdeel": "Oost" }, "geometry": { "type": "Point", "coordinates": [ 4.922623, 52.362767 ] } },
{ "type": "Feature", "properties": { "laadpaal_id": "OCM-37835", "aantal_laadpunten": 1, "operator_id": 162.0, "adres": "Piet Heinkade", "buurt_naam": "Oostelijke Handelskade", "stadsdeel": "Oost" }, "geometry": { "type": "Point", "coordinates": [ 4.917375, 52.377388 ] } },
{ "type": "Feature", "properties": { "laadpaal_id": "OCM-37501", "aantal_laadpunten": 1, "operator_id": 78.0, "adres": "Sarphatipark 105K", "buurt_naam": "Sarphatiparkbuurt", "stadsdeel": "Zuid" }, "geometry": { "type": "Point", "coordinates": [ 4.898231, 52.355339 ] } },
{ "type": "Feature", "properties": { "laadpaal_id": "OCM-37838", "aantal_laadpunten": 1, "operator_id": 78.0, "adres": "Herengracht 69K", "buurt_naam": "Langestraat e.o.", "stadsdeel": "Centrum" }, "geometry": { "type": "Point", "coordinates": [ 4.890679, 52.377555 ] } },
{ "type": "Feature", "properties": { "laadpaal_id": "OCM-37493", "aantal_laadpunten": 1, "operator_id": 162.0, "adres": "Oetgensstraat 9", "buurt_naam": "Weesperzijde-Midden/Zuid", "stadsdeel": "Oost" }, "geometry": { "type": "Point", "coordinates": [ 4.907969, 52.354908 ] } },
{ "type": "Feature", "properties": { "laadpaal_id": "OCM-37824", "aantal_laadpunten": 1, "operator_id": 78.0, "adres": "Herengracht 74", "buurt_naam": "Langestraat e.o.", "stadsdeel": "Centrum" }, "geometry": { "type": "Point", "coordinates": [ 4.889691, 52.377116 ] } },
{ "type": "Feature", "properties": { "laadpaal_id": "OCM-37833", "aantal_laadpunten": 1, "operator_id": 157.0, "adres": "Vriesseveem", "buurt_naam": "Oostelijke Handelskade", "stadsdeel": "Oost" }, "geometry": { "type": "Point", "coordinates": [ 4.91889333724975, 52.377330780029297 ] } },
{ "type": "Feature", "properties": { "laadpaal_id": "OCM-37737", "aantal_laadpunten": 2, "operator_id": 177.0, "adres": "Prinsengracht 419", "buurt_naam": "Felix Meritisbuurt", "stadsdeel": "Centrum" }, "geometry": { "type": "Point", "coordinates": [ 4.883026, 52.370938 ] } },
{ "type": "Feature", "properties": { "laadpaal_id": "OCM-37863", "aantal_laadpunten": 1, "operator_id": 162.0, "adres": "Stationsplein", "buurt_naam": "Stationsplein e.o.", "stadsdeel": "Centrum" }, "geometry": { "type": "Point", "coordinates": [ 4.896124, 52.380052 ] } },
{ "type": "Feature", "properties": { "laadpaal_id": "OCM-73567", "aantal_laadpunten": 2, "operator_id": null, "adres": "Keizersgracht 200", "buurt_naam": "Felix Meritisbuurt", "stadsdeel": "Centrum" }, "geometry": { "type": "Point", "coordinates": [ 4.884607700000061, 52.3737665 ] } },
{ "type": "Feature", "properties": { "laadpaal_id": "OCM-37777", "aantal_laadpunten": 1, "operator_id": 78.0, "adres": "Westermarkt 1-H", "buurt_naam": "Felix Meritisbuurt", "stadsdeel": "Centrum" }, "geometry": { "type": "Point", "coordinates": [ 4.884662, 52.373873 ] } },
{ "type": "Feature", "properties": { "laadpaal_id": "OCM-37860", "aantal_laadpunten": 1, "operator_id": 78.0, "adres": "Singel 2B", "buurt_naam": "Haarlemmerbuurt-Oost", "stadsdeel": "Centrum" }, "geometry": { "type": "Point", "coordinates": [ 4.894235, 52.379643 ] } },
{ "type": "Feature", "properties": { "laadpaal_id": "OCM-37769", "aantal_laadpunten": 1, "operator_id": 78.0, "adres": "Windroosplein 61A", "buurt_naam": "Wittenburg", "stadsdeel": "Centrum" }, "geometry": { "type": "Point", "coordinates": [ 4.924141, 52.37324 ] } },
{ "type": "Feature", "properties": { "laadpaal_id": "OCM-37556", "aantal_laadpunten": 1, "operator_id": 78.0, "adres": "Oosterpark 49-H", "buurt_naam": "Oosterparkbuurt-Zuidoost", "stadsdeel": "Oost" }, "geometry": { "type": "Point", "coordinates": [ 4.92095, 52.358784 ] } },
{ "type": "Feature", "properties": { "laadpaal_id": "OCM-37666", "aantal_laadpunten": 1, "operator_id": 78.0, "adres": "Funenkade 7A", "buurt_naam": "Kazernebuurt", "stadsdeel": "Centrum" }, "geometry": { "type": "Point", "coordinates": [ 4.926381, 52.366486 ] } },
{ "type": "Feature", "properties": { "laadpaal_id": "OCM-37668", "aantal_laadpunten": 1, "operator_id": 78.0, "adres": "Funenkade 7", "buurt_naam": "Kazernebuurt", "stadsdeel": "Centrum" }, "geometry": { "type": "Point", "coordinates": [ 4.926513, 52.366557 ] } },
{ "type": "Feature", "properties": { "laadpaal_id": "OCM-37491", "aantal_laadpunten": 1, "operator_id": 162.0, "adres": "Vrolikstraat 8", "buurt_naam": "Parooldriehoek", "stadsdeel": "Oost" }, "geometry": { "type": "Point", "coordinates": [ 4.912152, 52.354746 ] } },
{ "type": "Feature", "properties": { "laadpaal_id": "OCM-37692", "aantal_laadpunten": 1, "operator_id": 78.0, "adres": "Looiersgracht 19F", "buurt_naam": "Passeerdersgrachtbuurt", "stadsdeel": "Centrum" }, "geometry": { "type": "Point", "coordinates": [ 4.881599, 52.36844 ] } },
{ "type": "Feature", "properties": { "laadpaal_id": "OCM-37832", "aantal_laadpunten": 1, "operator_id": 78.0, "adres": "Keizersgracht 95B-1", "buurt_naam": "Leliegracht e.o.", "stadsdeel": "Centrum" }, "geometry": { "type": "Point", "coordinates": [ 4.888125, 52.377327 ] } },
{ "type": "Feature", "properties": { "laadpaal_id": "OCM-37792", "aantal_laadpunten": 2, "operator_id": 177.0, "adres": "Westermarkt 2", "buurt_naam": "Leliegracht e.o.", "stadsdeel": "Centrum" }, "geometry": { "type": "Point", "coordinates": [ 4.884726, 52.374776 ] } },
{ "type": "Feature", "properties": { "laadpaal_id": "OCM-37584", "aantal_laadpunten": 1, "operator_id": 78.0, "adres": "Pieter Cornelisz. Hooftstraat 5", "buurt_naam": "P.C. Hooftbuurt", "stadsdeel": "Zuid" }, "geometry": { "type": "Point", "coordinates": [ 4.883941, 52.361101 ] } },
{ "type": "Feature", "properties": { "laadpaal_id": "OCM-37677", "aantal_laadpunten": 1, "operator_id": 78.0, "adres": "Passeerdersgracht 20A", "buurt_naam": "Passeerdersgrachtbuurt", "stadsdeel": "Centrum" }, "geometry": { "type": "Point", "coordinates": [ 4.881219, 52.367154 ] } },
{ "type": "Feature", "properties": { "laadpaal_id": "OCM-75311", "aantal_laadpunten": 2, "operator_id": 23.0, "adres": "25 Stadhouderskade", "buurt_naam": "P.C. Hooftbuurt", "stadsdeel": "Zuid" }, "geometry": { "type": "Point", "coordinates": [ 4.883425, 52.361587 ] } },
{ "type": "Feature", "properties": { "laadpaal_id": "OCM-37858", "aantal_laadpunten": 1, "operator_id": 78.0, "adres": "Herenmarkt 23", "buurt_naam": "Haarlemmerbuurt-Oost", "stadsdeel": "Centrum" }, "geometry": { "type": "Point", "coordinates": [ 4.891939, 52.379529 ] } },
{ "type": "Feature", "properties": { "laadpaal_id": "OCM-37854", "aantal_laadpunten": 1, "operator_id": 78.0, "adres": "Keizersgracht 21", "buurt_naam": "Langestraat e.o.", "stadsdeel": "Centrum" }, "geometry": { "type": "Point", "coordinates": [ 4.88971, 52.379079 ] } },
{ "type": "Feature", "properties": { "laadpaal_id": "OCM-37660", "aantal_laadpunten": 1, "operator_id": 78.0, "adres": "Raamplein", "buurt_naam": "Marnixbuurt-Zuid", "stadsdeel": "Centrum" }, "geometry": { "type": "Point", "coordinates": [ 4.879906, 52.366108 ] } },
{ "type": "Feature", "properties": { "laadpaal_id": "OCM-162064", "aantal_laadpunten": 2, "operator_id": 108.0, "adres": "Honthorststraat 46", "buurt_naam": "Johannes Vermeerbuurt", "stadsdeel": "Zuid" }, "geometry": { "type": "Point", "coordinates": [ 4.88575757377555, 52.357690592559067 ] } },
{ "type": "Feature", "properties": { "laadpaal_id": "OCM-37448", "aantal_laadpunten": 1, "operator_id": 78.0, "adres": "Pieter Aertszstraat 99-1", "buurt_naam": "Van der Helstpleinbuurt", "stadsdeel": "Zuid" }, "geometry": { "type": "Point", "coordinates": [ 4.90255, 52.35265 ] } },
{ "type": "Feature", "properties": { "laadpaal_id": "OCM-37771", "aantal_laadpunten": 1, "operator_id": 78.0, "adres": "Rozengracht 79", "buurt_naam": "Elandsgrachtbuurt", "stadsdeel": "Centrum" }, "geometry": { "type": "Point", "coordinates": [ 4.88058, 52.373261 ] } },
{ "type": "Feature", "properties": { "laadpaal_id": "OCM-37547", "aantal_laadpunten": 1, "operator_id": 78.0, "adres": "Vrolikstraat 459", "buurt_naam": "Oosterparkbuurt-Zuidoost", "stadsdeel": "Oost" }, "geometry": { "type": "Point", "coordinates": [ 4.9237035, 52.357838 ] } },
{ "type": "Feature", "properties": { "laadpaal_id": "OCM-37612", "aantal_laadpunten": 1, "operator_id": null, "adres": "Stadhouderskade 12", "buurt_naam": "Vondelparkbuurt-Oost", "stadsdeel": "West" }, "geometry": { "type": "Point", "coordinates": [ 4.8801612854004, 52.362517355061001 ] } },
{ "type": "Feature", "properties": { "laadpaal_id": "OCM-68204", "aantal_laadpunten": 1, "operator_id": 177.0, "adres": "President Brandstraat 110", "buurt_naam": "Transvaalbuurt-West", "stadsdeel": "Oost" }, "geometry": { "type": "Point", "coordinates": [ 4.917177, 52.354247 ] } },
{ "type": "Feature", "properties": { "laadpaal_id": "OCM-37895", "aantal_laadpunten": 1, "operator_id": 78.0, "adres": "IJplein 4", "buurt_naam": "IJplein e.o.", "stadsdeel": "Noord" }, "geometry": { "type": "Point", "coordinates": [ 4.9099731, 52.3828771 ] } },
{ "type": "Feature", "properties": { "laadpaal_id": "OCM-37656", "aantal_laadpunten": 1, "operator_id": 78.0, "adres": "Nassaukade 930", "buurt_naam": "Helmersbuurt-Oost", "stadsdeel": "West" }, "geometry": { "type": "Point", "coordinates": [ 4.878488, 52.365747 ] } },
{ "type": "Feature", "properties": { "laadpaal_id": "OCM-37630", "aantal_laadpunten": 1, "operator_id": 157.0, "adres": "Nassaukade 950", "buurt_naam": "Helmersbuurt-Oost", "stadsdeel": "West" }, "geometry": { "type": "Point", "coordinates": [ 4.87887503915385, 52.364210290685399 ] } },
{ "type": "Feature", "properties": { "laadpaal_id": "OCM-37603", "aantal_laadpunten": 1, "operator_id": 157.0, "adres": "Tesselschadestraat 1F", "buurt_naam": "Vondelparkbuurt-Oost", "stadsdeel": "West" }, "geometry": { "type": "Point", "coordinates": [ 4.87991069999998, 52.3620175 ] } },
{ "type": "Feature", "properties": { "laadpaal_id": "OCM-37861", "aantal_laadpunten": 1, "operator_id": 78.0, "adres": "Prinsengracht 14M", "buurt_naam": "Anjeliersbuurt-Noord", "stadsdeel": "Centrum" }, "geometry": { "type": "Point", "coordinates": [ 4.887521, 52.379786 ] } },
{ "type": "Feature", "properties": { "laadpaal_id": "OCM-37431", "aantal_laadpunten": 1, "operator_id": 78.0, "adres": "Lutmastraat 180A", "buurt_naam": "Burgemeester Tellegenbuurt-Oost", "stadsdeel": "Zuid" }, "geometry": { "type": "Point", "coordinates": [ 4.902533, 52.351483 ] } },
{ "type": "Feature", "properties": { "laadpaal_id": "OCM-37590", "aantal_laadpunten": 1, "operator_id": 78.0, "adres": "Reinwardtstraat 320", "buurt_naam": "Dapperbuurt-Zuid", "stadsdeel": "Oost" }, "geometry": { "type": "Point", "coordinates": [ 4.92876, 52.361327 ] } },
{ "type": "Feature", "properties": { "laadpaal_id": "OCM-37508", "aantal_laadpunten": 1, "operator_id": 78.0, "adres": "Nicolaas Maesstraat", "buurt_naam": "Johannes Vermeerbuurt", "stadsdeel": "Zuid" }, "geometry": { "type": "Point", "coordinates": [ 4.88565, 52.35565 ] } },
{ "type": "Feature", "properties": { "laadpaal_id": "OCM-37721", "aantal_laadpunten": 2, "operator_id": null, "adres": "Marnixstraat", "buurt_naam": "Groenmarktkadebuurt", "stadsdeel": "Centrum" }, "geometry": { "type": "Point", "coordinates": [ 4.8771220055919, 52.369846468033003 ] } },
{ "type": "Feature", "properties": { "laadpaal_id": "OCM-37866", "aantal_laadpunten": 1, "operator_id": 78.0, "adres": "Lindengracht 6A", "buurt_naam": "Driehoekbuurt", "stadsdeel": "Centrum" }, "geometry": { "type": "Point", "coordinates": [ 4.887109, 52.380666 ] } },
{ "type": "Feature", "properties": { "laadpaal_id": "OCM-37478", "aantal_laadpunten": 1, "operator_id": 78.0, "adres": "Krugerplein 23-2", "buurt_naam": "Transvaalbuurt-Oost", "stadsdeel": "Oost" }, "geometry": { "type": "Point", "coordinates": [ 4.920397, 52.354006 ] } },
{ "type": "Feature", "properties": { "laadpaal_id": "OCM-37724", "aantal_laadpunten": 1, "operator_id": 157.0, "adres": "Appeltjesmarkt", "buurt_naam": "Groenmarktkadebuurt", "stadsdeel": "Centrum" }, "geometry": { "type": "Point", "coordinates": [ 4.87667989730835, 52.369899749755902 ] } },
{ "type": "Feature", "properties": { "laadpaal_id": "OCM-37413", "aantal_laadpunten": 1, "operator_id": 78.0, "adres": "Burgemeester Tellegenstraat 200", "buurt_naam": "Burgemeester Tellegenbuurt-Oost", "stadsdeel": "Zuid" }, "geometry": { "type": "Point", "coordinates": [ 4.899953, 52.35079 ] } },
{ "type": "Feature", "properties": { "laadpaal_id": "OCM-37887", "aantal_laadpunten": 1, "operator_id": 78.0, "adres": "Haarlemmer Houttuinen 273", "buurt_naam": "Haarlemmerbuurt-West", "stadsdeel": "Centrum" }, "geometry": { "type": "Point", "coordinates": [ 4.889361, 52.382332 ] } },
{ "type": "Feature", "properties": { "laadpaal_id": "OCM-37580", "aantal_laadpunten": 1, "operator_id": 78.0, "adres": "Zandpad 5", "buurt_naam": "Vondelparkbuurt-Oost", "stadsdeel": "West" }, "geometry": { "type": "Point", "coordinates": [ 4.877903, 52.360938 ] } },
{ "type": "Feature", "properties": { "laadpaal_id": "OCM-37759", "aantal_laadpunten": 1, "operator_id": 78.0, "adres": "Czaar Peterstraat 205", "buurt_naam": "Czaar Peterbuurt", "stadsdeel": "Centrum" }, "geometry": { "type": "Point", "coordinates": [ 4.931783, 52.371948 ] } },
{ "type": "Feature", "properties": { "laadpaal_id": "OCM-37897", "aantal_laadpunten": 1, "operator_id": 78.0, "adres": "Bankwerkerij 112", "buurt_naam": "IJplein e.o.", "stadsdeel": "Noord" }, "geometry": { "type": "Point", "coordinates": [ 4.917429, 52.38318 ] } },
{ "type": "Feature", "properties": { "laadpaal_id": "OCM-37616", "aantal_laadpunten": 1, "operator_id": 78.0, "adres": "Celebesstraat 52A", "buurt_naam": "Timorpleinbuurt-Zuid", "stadsdeel": "Oost" }, "geometry": { "type": "Point", "coordinates": [ 4.931826, 52.362873 ] } },
{ "type": "Feature", "properties": { "laadpaal_id": "OCM-37744", "aantal_laadpunten": 1, "operator_id": 78.0, "adres": "Groenmarktkade", "buurt_naam": "Groenmarktkadebuurt", "stadsdeel": "Centrum" }, "geometry": { "type": "Point", "coordinates": [ 4.875872, 52.37115 ] } },
{ "type": "Feature", "properties": { "laadpaal_id": "OCM-37488", "aantal_laadpunten": 1, "operator_id": 78.0, "adres": "Johannes Vermeerstraat 79-1", "buurt_naam": "Johannes Vermeerbuurt", "stadsdeel": "Zuid" }, "geometry": { "type": "Point", "coordinates": [ 4.884423, 52.354708 ] } },
{ "type": "Feature", "properties": { "laadpaal_id": "OCM-37542", "aantal_laadpunten": 1, "operator_id": 157.0, "adres": "Polderweg", "buurt_naam": "Oostpoort", "stadsdeel": "Oost" }, "geometry": { "type": "Point", "coordinates": [ 4.92777681350708, 52.357379913330099 ] } },
{ "type": "Feature", "properties": { "laadpaal_id": "OCM-99635", "aantal_laadpunten": 1, "operator_id": 23.0, "adres": "Paulus Potterstraat 50", "buurt_naam": "P.C. Hooftbuurt", "stadsdeel": "Zuid" }, "geometry": { "type": "Point", "coordinates": [ 4.878628, 52.35883 ] } },
{ "type": "Feature", "properties": { "laadpaal_id": "OCM-63954", "aantal_laadpunten": 1, "operator_id": 157.0, "adres": "IJdok", "buurt_naam": "Westerdokseiland", "stadsdeel": "Centrum" }, "geometry": { "type": "Point", "coordinates": [ 4.8943600654602, 52.384525299072301 ] } },
{ "type": "Feature", "properties": { "laadpaal_id": "OCM-37733", "aantal_laadpunten": 1, "operator_id": 78.0, "adres": "Marnixstraat 210P", "buurt_naam": "Da Costabuurt-Noord", "stadsdeel": "West" }, "geometry": { "type": "Point", "coordinates": [ 4.87501, 52.370658 ] } },
{ "type": "Feature", "properties": { "laadpaal_id": "OCM-37575", "aantal_laadpunten": 1, "operator_id": 78.0, "adres": "Oosterspoorplein 4", "buurt_naam": "Oostpoort", "stadsdeel": "Oost" }, "geometry": { "type": "Point", "coordinates": [ 4.93111, 52.360255 ] } },
{ "type": "Feature", "properties": { "laadpaal_id": "OCM-37527", "aantal_laadpunten": 1, "operator_id": 157.0, "adres": "Van Baerlestraat 33-b", "buurt_naam": "Museumplein", "stadsdeel": "Zuid" }, "geometry": { "type": "Point", "coordinates": [ 4.88001350000002, 52.356877 ] } },
{ "type": "Feature", "properties": { "laadpaal_id": "OCM-37390", "aantal_laadpunten": 1, "operator_id": 78.0, "adres": "Jozef Israëlskade 97-3", "buurt_naam": "Burgemeester Tellegenbuurt-Oost", "stadsdeel": "Zuid" }, "geometry": { "type": "Point", "coordinates": [ 4.903719, 52.349259 ] } },
{ "type": "Feature", "properties": { "laadpaal_id": "OCM-37531", "aantal_laadpunten": 2, "operator_id": null, "adres": "Van Baerlestraat 33B", "buurt_naam": "Museumplein", "stadsdeel": "Zuid" }, "geometry": { "type": "Point", "coordinates": [ 4.8795454545269, 52.357007723125001 ] } },
{ "type": "Feature", "properties": { "laadpaal_id": "OCM-37391", "aantal_laadpunten": 1, "operator_id": 78.0, "adres": "Holendrechtstraat 6-1", "buurt_naam": "IJselbuurt-Oost", "stadsdeel": "Zuid" }, "geometry": { "type": "Point", "coordinates": [ 4.908849, 52.349268 ] } },
{ "type": "Feature", "properties": { "laadpaal_id": "OCM-37407", "aantal_laadpunten": 1, "operator_id": 78.0, "adres": "Cornelis Trooststraat 85-1", "buurt_naam": "Cornelis Troostbuurt", "stadsdeel": "Zuid" }, "geometry": { "type": "Point", "coordinates": [ 4.890527, 52.350662 ] } },
{ "type": "Feature", "properties": { "laadpaal_id": "OCM-37534", "aantal_laadpunten": 1, "operator_id": 78.0, "adres": "Alexander Boersstraat 18-2", "buurt_naam": "Concertgebouwbuurt", "stadsdeel": "Zuid" }, "geometry": { "type": "Point", "coordinates": [ 4.878229, 52.357135 ] } },
{ "type": "Feature", "properties": { "laadpaal_id": "OCM-37511", "aantal_laadpunten": 1, "operator_id": 78.0, "adres": "Concertgebouwplein", "buurt_naam": "Hondecoeterbuurt", "stadsdeel": "Zuid" }, "geometry": { "type": "Point", "coordinates": [ 4.879689, 52.35587 ] } },
{ "type": "Feature", "properties": { "laadpaal_id": "OCM-37799", "aantal_laadpunten": 1, "operator_id": 78.0, "adres": "Veemkade 1008", "buurt_naam": "Rietlanden", "stadsdeel": "Oost" }, "geometry": { "type": "Point", "coordinates": [ 4.932678, 52.375184 ] } },
{ "type": "Feature", "properties": { "laadpaal_id": "OCM-37885", "aantal_laadpunten": 1, "operator_id": 78.0, "adres": "Palmgracht 14-H", "buurt_naam": "Driehoekbuurt", "stadsdeel": "Centrum" }, "geometry": { "type": "Point", "coordinates": [ 4.884152, 52.382265 ] } },
{ "type": "Feature", "properties": { "laadpaal_id": "OCM-37691", "aantal_laadpunten": 1, "operator_id": 78.0, "adres": "Da Costakade 138B", "buurt_naam": "Da Costabuurt-Noord", "stadsdeel": "West" }, "geometry": { "type": "Point", "coordinates": [ 4.872646, 52.368374 ] } },
{ "type": "Feature", "properties": { "laadpaal_id": "OCM-68235", "aantal_laadpunten": 1, "operator_id": 177.0, "adres": "Bickersgracht 1", "buurt_naam": "Westelijke eilanden", "stadsdeel": "Centrum" }, "geometry": { "type": "Point", "coordinates": [ 4.888415, 52.384362 ] } },
{ "type": "Feature", "properties": { "laadpaal_id": "OCM-37455", "aantal_laadpunten": 1, "operator_id": 78.0, "adres": "Roelof Hartplein 23-O", "buurt_naam": "Duivelseiland", "stadsdeel": "Zuid" }, "geometry": { "type": "Point", "coordinates": [ 4.883305, 52.352874 ] } },
{ "type": "Feature", "properties": { "laadpaal_id": "OCM-72476", "aantal_laadpunten": 3, "operator_id": 73.0, "adres": "Pauwenpad", "buurt_naam": "De Eenhoorn", "stadsdeel": "Oost" }, "geometry": { "type": "Point", "coordinates": [ 4.917033487835623, 52.349419499421657 ] } },
{ "type": "Feature", "properties": { "laadpaal_id": "OCM-21058", "aantal_laadpunten": 1, "operator_id": 45.0, "adres": "Veemarkt 74", "buurt_naam": "Bedrijvengebied Veelaan", "stadsdeel": "Oost" }, "geometry": { "type": "Point", "coordinates": [ 4.93668495483941, 52.367580140112999 ] } },
{ "type": "Feature", "properties": { "laadpaal_id": "OCM-37582", "aantal_laadpunten": 1, "operator_id": 78.0, "adres": "Vondelstraat 77", "buurt_naam": "Vondelparkbuurt-Midden", "stadsdeel": "West" }, "geometry": { "type": "Point", "coordinates": [ 4.872836, 52.360999 ] } },
{ "type": "Feature", "properties": { "laadpaal_id": "OCM-37371", "aantal_laadpunten": 1, "operator_id": 78.0, "adres": "Amsteldijk 128A", "buurt_naam": "IJselbuurt-Oost", "stadsdeel": "Zuid" }, "geometry": { "type": "Point", "coordinates": [ 4.910975, 52.347793 ] } },
{ "type": "Feature", "properties": { "laadpaal_id": "OCM-37449", "aantal_laadpunten": 1, "operator_id": 78.0, "adres": "James Wattstraat 2-H", "buurt_naam": "Don Bosco", "stadsdeel": "Oost" }, "geometry": { "type": "Point", "coordinates": [ 4.926606, 52.352705 ] } },
{ "type": "Feature", "properties": { "laadpaal_id": "OCM-37803", "aantal_laadpunten": 1, "operator_id": 162.0, "adres": "Frederik Hendrikstraat 104-1", "buurt_naam": "Frederik Hendrikbuurt-Zuidoost", "stadsdeel": "West" }, "geometry": { "type": "Point", "coordinates": [ 4.873235, 52.375719 ] } },
{ "type": "Feature", "properties": { "laadpaal_id": "OCM-37907", "aantal_laadpunten": 1, "operator_id": 78.0, "adres": "Nieuwe Wagenstraat 10-H", "buurt_naam": "Haarlemmerbuurt-West", "stadsdeel": "Centrum" }, "geometry": { "type": "Point", "coordinates": [ 4.883272, 52.383851 ] } },
{ "type": "Feature", "properties": { "laadpaal_id": "OCM-68199", "aantal_laadpunten": 1, "operator_id": 177.0, "adres": "Nobelweg 2", "buurt_naam": "De Eenhoorn", "stadsdeel": "Oost" }, "geometry": { "type": "Point", "coordinates": [ 4.923835, 52.35068 ] } },
{ "type": "Feature", "properties": { "laadpaal_id": "OCM-37915", "aantal_laadpunten": 1, "operator_id": 157.0, "adres": "Haarlemmer Houttuinen 541", "buurt_naam": "Haarlemmerbuurt-West", "stadsdeel": "Centrum" }, "geometry": { "type": "Point", "coordinates": [ 4.88496180000004, 52.3847817 ] } },
{ "type": "Feature", "properties": { "laadpaal_id": "OCM-37546", "aantal_laadpunten": 1, "operator_id": 162.0, "adres": "Jacob Obrechtstraat 5-1", "buurt_naam": "Cornelis Schuytbuurt", "stadsdeel": "Zuid" }, "geometry": { "type": "Point", "coordinates": [ 4.87417, 52.357631 ] } },
{ "type": "Feature", "properties": { "laadpaal_id": "OCM-68213", "aantal_laadpunten": 1, "operator_id": 177.0, "adres": "Bonistraat 14", "buurt_naam": "Ambonpleinbuurt", "stadsdeel": "Oost" }, "geometry": { "type": "Point", "coordinates": [ 4.935425, 52.359053 ] } },
{ "type": "Feature", "properties": { "laadpaal_id": "OCM-37730", "aantal_laadpunten": 1, "operator_id": 73.0, "adres": "C. van Eesterenlaan", "buurt_naam": "Entrepot-Noordwest", "stadsdeel": "Oost" }, "geometry": { "type": "Point", "coordinates": [ 4.93817314295689, 52.3702108222353 ] } },
{ "type": "Feature", "properties": { "laadpaal_id": "OCM-37510", "aantal_laadpunten": 1, "operator_id": 78.0, "adres": "Jacob Obrechtstraat 33-1", "buurt_naam": "Concertgebouwbuurt", "stadsdeel": "Zuid" }, "geometry": { "type": "Point", "coordinates": [ 4.875634, 52.355808 ] } },
{ "type": "Feature", "properties": { "laadpaal_id": "OCM-84373", "aantal_laadpunten": 2, "operator_id": 103.0, "adres": "Hobbemakade 121", "buurt_naam": "Harmoniehofbuurt", "stadsdeel": "Zuid" }, "geometry": { "type": "Point", "coordinates": [ 4.88584220409393, 52.349720018586602 ] } },
{ "type": "Feature", "properties": { "laadpaal_id": "OCM-37948", "aantal_laadpunten": 1, "operator_id": 78.0, "adres": "Geraniumweg", "buurt_naam": "Van der Pekbuurt", "stadsdeel": "Noord" }, "geometry": { "type": "Point", "coordinates": [ 4.907761, 52.388718 ] } },
{ "type": "Feature", "properties": { "laadpaal_id": "OCM-37435", "aantal_laadpunten": 1, "operator_id": 78.0, "adres": "Joh.M. Coenenstraat 29-1", "buurt_naam": "Harmoniehofbuurt", "stadsdeel": "Zuid" }, "geometry": { "type": "Point", "coordinates": [ 4.880097, 52.351752 ] } },
{ "type": "Feature", "properties": { "laadpaal_id": "OCM-37363", "aantal_laadpunten": 1, "operator_id": 78.0, "adres": "Churchill-laan 232-1", "buurt_naam": "Wielingenbuurt", "stadsdeel": "Zuid" }, "geometry": { "type": "Point", "coordinates": [ 4.890615, 52.347393 ] } },
{ "type": "Feature", "properties": { "laadpaal_id": "OCM-37712", "aantal_laadpunten": 1, "operator_id": 78.0, "adres": "Zeeburgerkade 7", "buurt_naam": "Architectenbuurt", "stadsdeel": "Oost" }, "geometry": { "type": "Point", "coordinates": [ 4.939739, 52.369362 ] } },
{ "type": "Feature", "properties": { "laadpaal_id": "OCM-37954", "aantal_laadpunten": 1, "operator_id": 78.0, "adres": "Asterweg 15C", "buurt_naam": "Buiksloterham-Zuid", "stadsdeel": "Noord" }, "geometry": { "type": "Point", "coordinates": [ 4.904467, 52.389587 ] } },
{ "type": "Feature", "properties": { "laadpaal_id": "OCM-37740", "aantal_laadpunten": 1, "operator_id": 78.0, "adres": "Borneolaan 512", "buurt_naam": "Borneo", "stadsdeel": "Oost" }, "geometry": { "type": "Point", "coordinates": [ 4.939773, 52.371082 ] } },
{ "type": "Feature", "properties": { "laadpaal_id": "OCM-37513", "aantal_laadpunten": 1, "operator_id": 78.0, "adres": "Van Breestraat 107-1", "buurt_naam": "Cornelis Schuytbuurt", "stadsdeel": "Zuid" }, "geometry": { "type": "Point", "coordinates": [ 4.873432, 52.355931 ] } },
{ "type": "Feature", "properties": { "laadpaal_id": "OCM-37574", "aantal_laadpunten": 1, "operator_id": 78.0, "adres": "Obiplein 14", "buurt_naam": "Ambonpleinbuurt", "stadsdeel": "Oost" }, "geometry": { "type": "Point", "coordinates": [ 4.938588, 52.360166 ] } },
{ "type": "Feature", "properties": { "laadpaal_id": "OCM-37343", "aantal_laadpunten": 1, "operator_id": 78.0, "adres": "Van der Kunstraat 18", "buurt_naam": "Van der Kunbuurt", "stadsdeel": "Oost" }, "geometry": { "type": "Point", "coordinates": [ 4.914683, 52.346201 ] } },
{ "type": "Feature", "properties": { "laadpaal_id": "OCM-37648", "aantal_laadpunten": 1, "operator_id": 78.0, "adres": "Borgerstraat", "buurt_naam": "Borgerbuurt", "stadsdeel": "West" }, "geometry": { "type": "Point", "coordinates": [ 4.867554, 52.365391 ] } },
{ "type": "Feature", "properties": { "laadpaal_id": "OCM-68194", "aantal_laadpunten": 1, "operator_id": 177.0, "adres": "Lekstraat 5-1", "buurt_naam": "Kromme Mijdrechtbuurt", "stadsdeel": "Zuid" }, "geometry": { "type": "Point", "coordinates": [ 4.908478, 52.345324 ] } },
{ "type": "Feature", "properties": { "laadpaal_id": "OCM-68233", "aantal_laadpunten": 1, "operator_id": 177.0, "adres": "De Wittenkade 91-3", "buurt_naam": "De Wittenbuurt-Noord", "stadsdeel": "West" }, "geometry": { "type": "Point", "coordinates": [ 4.877731, 52.383271 ] } },
{ "type": "Feature", "properties": { "laadpaal_id": "OCM-37460", "aantal_laadpunten": 1, "operator_id": 78.0, "adres": "Linnaeushof 92-1", "buurt_naam": "Linnaeusparkbuurt", "stadsdeel": "Oost" }, "geometry": { "type": "Point", "coordinates": [ 4.932446, 52.352936 ] } },
{ "type": "Feature", "properties": { "laadpaal_id": "OCM-37813", "aantal_laadpunten": 1, "operator_id": 78.0, "adres": "Levantplein 7", "buurt_naam": "KNSM-eiland", "stadsdeel": "Oost" }, "geometry": { "type": "Point", "coordinates": [ 4.938333, 52.3765 ] } },
{ "type": "Feature", "properties": { "laadpaal_id": "OCM-37821", "aantal_laadpunten": 1, "operator_id": 78.0, "adres": "Visseringstraat 41-1", "buurt_naam": "Buyskade e.o.", "stadsdeel": "West" }, "geometry": { "type": "Point", "coordinates": [ 4.869969, 52.37697 ] } },
{ "type": "Feature", "properties": { "laadpaal_id": "OCM-37826", "aantal_laadpunten": 1, "operator_id": 78.0, "adres": "KNSM-laan 27", "buurt_naam": "KNSM-eiland", "stadsdeel": "Oost" }, "geometry": { "type": "Point", "coordinates": [ 4.938263, 52.377171 ] } },
{ "type": "Feature", "properties": { "laadpaal_id": "OCM-37688", "aantal_laadpunten": 1, "operator_id": 78.0, "adres": "Jan Hanzenstraat 19", "buurt_naam": "Bellamybuurt-Zuid", "stadsdeel": "West" }, "geometry": { "type": "Point", "coordinates": [ 4.866349, 52.368129 ] } },
{ "type": "Feature", "properties": { "laadpaal_id": "OCM-37952", "aantal_laadpunten": 1, "operator_id": 78.0, "adres": "Barentszplein 5-H", "buurt_naam": "Zeeheldenbuurt", "stadsdeel": "West" }, "geometry": { "type": "Point", "coordinates": [ 4.89085, 52.389233 ] } },
{ "type": "Feature", "properties": { "laadpaal_id": "OCM-37326", "aantal_laadpunten": 1, "operator_id": 78.0, "adres": "Biesboschstraat 89-3", "buurt_naam": "Scheldebuurt-Midden", "stadsdeel": "Zuid" }, "geometry": { "type": "Point", "coordinates": [ 4.89589, 52.344949 ] } },
{ "type": "Feature", "properties": { "laadpaal_id": "OCM-37944", "aantal_laadpunten": 1, "operator_id": 78.0, "adres": "Planciusstraat 1A-1", "buurt_naam": "Westelijke eilanden", "stadsdeel": "Centrum" }, "geometry": { "type": "Point", "coordinates": [ 4.885759, 52.387927 ] } },
{ "type": "Feature", "properties": { "laadpaal_id": "OCM-37610", "aantal_laadpunten": 1, "operator_id": 78.0, "adres": "Wilhelminastraat 3-1", "buurt_naam": "Cremerbuurt-Oost", "stadsdeel": "West" }, "geometry": { "type": "Point", "coordinates": [ 4.866992, 52.362478 ] } },
{ "type": "Feature", "properties": { "laadpaal_id": "OCM-37354", "aantal_laadpunten": 1, "operator_id": 78.0, "adres": "Haringvlietstraat 2", "buurt_naam": "Wielingenbuurt", "stadsdeel": "Zuid" }, "geometry": { "type": "Point", "coordinates": [ 4.886604, 52.346913 ] } },
{ "type": "Feature", "properties": { "laadpaal_id": "OCM-37357", "aantal_laadpunten": 1, "operator_id": 78.0, "adres": "Clara Meyer-Wichmannstraat 28", "buurt_naam": "Julianapark", "stadsdeel": "Oost" }, "geometry": { "type": "Point", "coordinates": [ 4.922374, 52.347071 ] } },
{ "type": "Feature", "properties": { "laadpaal_id": "OCM-37315", "aantal_laadpunten": 1, "operator_id": 78.0, "adres": "Lekstraat 170-1", "buurt_naam": "Scheldebuurt-Oost", "stadsdeel": "Zuid" }, "geometry": { "type": "Point", "coordinates": [ 4.902147, 52.344244 ] } },
{ "type": "Feature", "properties": { "laadpaal_id": "OCM-37519", "aantal_laadpunten": 1, "operator_id": 78.0, "adres": "Willemsparkweg 160K", "buurt_naam": "Cornelis Schuytbuurt", "stadsdeel": "Zuid" }, "geometry": { "type": "Point", "coordinates": [ 4.870578, 52.356221 ] } },
{ "type": "Feature", "properties": { "laadpaal_id": "OCM-37961", "aantal_laadpunten": 1, "operator_id": 78.0, "adres": "Distelweg 25-1", "buurt_naam": "Van der Pekbuurt", "stadsdeel": "Noord" }, "geometry": { "type": "Point", "coordinates": [ 4.909676, 52.390792 ] } },
{ "type": "Feature", "properties": { "laadpaal_id": "OCM-37698", "aantal_laadpunten": 1, "operator_id": 78.0, "adres": "Douwes Dekkerstraat 20", "buurt_naam": "Bellamybuurt-Noord", "stadsdeel": "West" }, "geometry": { "type": "Point", "coordinates": [ 4.865719, 52.368771 ] } },
{ "type": "Feature", "properties": { "laadpaal_id": "OCM-37466", "aantal_laadpunten": 1, "operator_id": 78.0, "adres": "Linnaeusparkweg 92-1", "buurt_naam": "Linnaeusparkbuurt", "stadsdeel": "Oost" }, "geometry": { "type": "Point", "coordinates": [ 4.935011, 52.353365 ] } },
{ "type": "Feature", "properties": { "laadpaal_id": "OCM-68226", "aantal_laadpunten": 1, "operator_id": 177.0, "adres": "Marcantilaan 489", "buurt_naam": "Marcanti", "stadsdeel": "West" }, "geometry": { "type": "Point", "coordinates": [ 4.866976, 52.374609 ] } },
{ "type": "Feature", "properties": { "laadpaal_id": "OCM-37498", "aantal_laadpunten": 1, "operator_id": 78.0, "adres": "Johann Keplerstraat 37-1", "buurt_naam": "Middenmeer-Noord", "stadsdeel": "Oost" }, "geometry": { "type": "Point", "coordinates": [ 4.93803, 52.35523 ] } },
{ "type": "Feature", "properties": { "laadpaal_id": "OCM-37871", "aantal_laadpunten": 1, "operator_id": 78.0, "adres": "Van Beuningenplein 71", "buurt_naam": "Buyskade e.o.", "stadsdeel": "West" }, "geometry": { "type": "Point", "coordinates": [ 4.870827, 52.380891 ] } },
{ "type": "Feature", "properties": { "laadpaal_id": "OCM-37926", "aantal_laadpunten": 1, "operator_id": 78.0, "adres": "Haarlemmerweg 51-1", "buurt_naam": "Staatsliedenbuurt-Noordoost", "stadsdeel": "West" }, "geometry": { "type": "Point", "coordinates": [ 4.877171, 52.38547 ] } },
{ "type": "Feature", "properties": { "laadpaal_id": "OCM-37443", "aantal_laadpunten": 1, "operator_id": 78.0, "adres": "Linnaeushof 40-1", "buurt_naam": "Linnaeusparkbuurt", "stadsdeel": "Oost" }, "geometry": { "type": "Point", "coordinates": [ 4.935196, 52.352462 ] } },
{ "type": "Feature", "properties": { "laadpaal_id": "OCM-37341", "aantal_laadpunten": 1, "operator_id": 78.0, "adres": "Willem Royaardsstraat", "buurt_naam": "Diepenbrockbuurt", "stadsdeel": "Zuid" }, "geometry": { "type": "Point", "coordinates": [ 4.884823, 52.346083 ] } },
{ "type": "Feature", "properties": { "laadpaal_id": "OCM-37869", "aantal_laadpunten": 1, "operator_id": 162.0, "adres": "Van Beuningenplein 121", "buurt_naam": "Buyskade e.o.", "stadsdeel": "West" }, "geometry": { "type": "Point", "coordinates": [ 4.870047, 52.380759 ] } },
{ "type": "Feature", "properties": { "laadpaal_id": "OCM-37306", "aantal_laadpunten": 1, "operator_id": 78.0, "adres": "Uiterwaardenstraat 41-1", "buurt_naam": "Rijnbuurt-Oost", "stadsdeel": "Zuid" }, "geometry": { "type": "Point", "coordinates": [ 4.910084, 52.343204 ] } },
{ "type": "Feature", "properties": { "laadpaal_id": "OCM-37651", "aantal_laadpunten": 1, "operator_id": 78.0, "adres": "Ternatestraat 51", "buurt_naam": "Makassarpleinbuurt", "stadsdeel": "Oost" }, "geometry": { "type": "Point", "coordinates": [ 4.944491, 52.365525 ] } },
{ "type": "Feature", "properties": { "laadpaal_id": "OCM-68225", "aantal_laadpunten": 1, "operator_id": 177.0, "adres": "Geuzenkade 58-1", "buurt_naam": "Geuzenhofbuurt", "stadsdeel": "West" }, "geometry": { "type": "Point", "coordinates": [ 4.86464, 52.373535 ] } },
{ "type": "Feature", "properties": { "laadpaal_id": "OCM-37303", "aantal_laadpunten": 1, "operator_id": 78.0, "adres": "Rooseveltlaan 183-1", "buurt_naam": "Scheldebuurt-Midden", "stadsdeel": "Zuid" }, "geometry": { "type": "Point", "coordinates": [ 4.897242, 52.34304 ] } },
{ "type": "Feature", "properties": { "laadpaal_id": "OCM-37591", "aantal_laadpunten": 1, "operator_id": 78.0, "adres": "Jan Pieter Heijestraat 160-H", "buurt_naam": "Cremerbuurt-West", "stadsdeel": "West" }, "geometry": { "type": "Point", "coordinates": [ 4.864551, 52.361394 ] } },
{ "type": "Feature", "properties": { "laadpaal_id": "OCM-37972", "aantal_laadpunten": 1, "operator_id": 162.0, "adres": "Distelkade", "buurt_naam": "Van der Pekbuurt", "stadsdeel": "Noord" }, "geometry": { "type": "Point", "coordinates": [ 4.910915, 52.392228 ] } },
{ "type": "Feature", "properties": { "laadpaal_id": "OCM-37318", "aantal_laadpunten": 1, "operator_id": 78.0, "adres": "Wielingenstraat 26R", "buurt_naam": "Wielingenbuurt", "stadsdeel": "Zuid" }, "geometry": { "type": "Point", "coordinates": [ 4.888573, 52.344447 ] } },
{ "type": "Feature", "properties": { "laadpaal_id": "OCM-37293", "aantal_laadpunten": 1, "operator_id": 78.0, "adres": "Waalstraat 136-1", "buurt_naam": "Rijnbuurt-West", "stadsdeel": "Zuid" }, "geometry": { "type": "Point", "coordinates": [ 4.901902, 52.342573 ] } },
{ "type": "Feature", "properties": { "laadpaal_id": "OCM-37507", "aantal_laadpunten": 1, "operator_id": 78.0, "adres": "Koninginneweg 8-1", "buurt_naam": "Willemsparkbuurt-Noord", "stadsdeel": "Zuid" }, "geometry": { "type": "Point", "coordinates": [ 4.867737, 52.355516 ] } },
{ "type": "Feature", "properties": { "laadpaal_id": "OCM-37437", "aantal_laadpunten": 1, "operator_id": 78.0, "adres": "Wethouder Frankeweg 33-2", "buurt_naam": "Linnaeusparkbuurt", "stadsdeel": "Oost" }, "geometry": { "type": "Point", "coordinates": [ 4.936671, 52.351857 ] } },
{ "type": "Feature", "properties": { "laadpaal_id": "OCM-68242", "aantal_laadpunten": 1, "operator_id": 73.0, "adres": "Asterweg 103", "buurt_naam": "Buiksloterham-Zuid", "stadsdeel": "Noord" }, "geometry": { "type": "Point", "coordinates": [ 4.90185, 52.39294 ] } },
{ "type": "Feature", "properties": { "laadpaal_id": "OCM-37916", "aantal_laadpunten": 1, "operator_id": 78.0, "adres": "Joan Melchior Kemperstraat 55E", "buurt_naam": "Fannius Scholtenbuurt", "stadsdeel": "West" }, "geometry": { "type": "Point", "coordinates": [ 4.873407, 52.38485 ] } },
{ "type": "Feature", "properties": { "laadpaal_id": "OCM-37970", "aantal_laadpunten": 1, "operator_id": 78.0, "adres": "Wingerdweg 77-1", "buurt_naam": "Bloemenbuurt-Zuid", "stadsdeel": "Noord" }, "geometry": { "type": "Point", "coordinates": [ 4.916944, 52.391981 ] } },
{ "type": "Feature", "properties": { "laadpaal_id": "OCM-37836", "aantal_laadpunten": 1, "operator_id": 162.0, "adres": "KNSM-laan 617", "buurt_naam": "KNSM-eiland", "stadsdeel": "Oost" }, "geometry": { "type": "Point", "coordinates": [ 4.942958, 52.377451 ] } },
{ "type": "Feature", "properties": { "laadpaal_id": "OCM-37767", "aantal_laadpunten": 1, "operator_id": 78.0, "adres": "Panamakade 15", "buurt_naam": "Sporenburg", "stadsdeel": "Oost" }, "geometry": { "type": "Point", "coordinates": [ 4.945478, 52.373077 ] } },
{ "type": "Feature", "properties": { "laadpaal_id": "OCM-37595", "aantal_laadpunten": 1, "operator_id": 78.0, "adres": "Staringstraat 163", "buurt_naam": "Cremerbuurt-West", "stadsdeel": "West" }, "geometry": { "type": "Point", "coordinates": [ 4.862556, 52.36167 ] } },
{ "type": "Feature", "properties": { "laadpaal_id": "OCM-37475", "aantal_laadpunten": 1, "operator_id": 78.0, "adres": "Galileïplantsoen 56", "buurt_naam": "Middenmeer-Zuid", "stadsdeel": "Oost" }, "geometry": { "type": "Point", "coordinates": [ 4.940267, 52.353717 ] } },
{ "type": "Feature", "properties": { "laadpaal_id": "OCM-37960", "aantal_laadpunten": 1, "operator_id": 78.0, "adres": "Meeuwenlaan 140", "buurt_naam": "Vliegenbos", "stadsdeel": "Noord" }, "geometry": { "type": "Point", "coordinates": [ 4.925094, 52.390527 ] } },
{ "type": "Feature", "properties": { "laadpaal_id": "OCM-37608", "aantal_laadpunten": 1, "operator_id": 78.0, "adres": "Jacob van Lennepkade 613", "buurt_naam": "Cremerbuurt-West", "stadsdeel": "West" }, "geometry": { "type": "Point", "coordinates": [ 4.861705, 52.362383 ] } },
{ "type": "Feature", "properties": { "laadpaal_id": "OCM-68193", "aantal_laadpunten": 1, "operator_id": 177.0, "adres": "President Kennedylaan 218B", "buurt_naam": "Rijnbuurt-West", "stadsdeel": "Zuid" }, "geometry": { "type": "Point", "coordinates": [ 4.898141, 52.340974 ] } },
{ "type": "Feature", "properties": { "laadpaal_id": "OCM-37347", "aantal_laadpunten": 1, "operator_id": 78.0, "adres": "Beethovenstraat 108-1", "buurt_naam": "Minervabuurt-Zuid", "stadsdeel": "Zuid" }, "geometry": { "type": "Point", "coordinates": [ 4.876673, 52.346455 ] } },
{ "type": "Feature", "properties": { "laadpaal_id": "OCM-68192", "aantal_laadpunten": 1, "operator_id": 177.0, "adres": "President Kennedylaan 190", "buurt_naam": "Rijnbuurt-Midden", "stadsdeel": "Zuid" }, "geometry": { "type": "Point", "coordinates": [ 4.903745, 52.340611 ] } },
{ "type": "Feature", "properties": { "laadpaal_id": "OCM-37307", "aantal_laadpunten": 1, "operator_id": 78.0, "adres": "Torricellistraat 8", "buurt_naam": "De Wetbuurt", "stadsdeel": "Oost" }, "geometry": { "type": "Point", "coordinates": [ 4.923322, 52.343231 ] } },
{ "type": "Feature", "properties": { "laadpaal_id": "OCM-37278", "aantal_laadpunten": 1, "operator_id": 78.0, "adres": "President Kennedylaan 112-1", "buurt_naam": "Rijnbuurt-Oost", "stadsdeel": "Zuid" }, "geometry": { "type": "Point", "coordinates": [ 4.908724, 52.340692 ] } },
{ "type": "Feature", "properties": { "laadpaal_id": "OCM-37989", "aantal_laadpunten": 1, "operator_id": 78.0, "adres": "Papaverweg 9", "buurt_naam": "Buiksloterham-Noord", "stadsdeel": "Noord" }, "geometry": { "type": "Point", "coordinates": [ 4.911827, 52.39439 ] } },
{ "type": "Feature", "properties": { "laadpaal_id": "OCM-37736", "aantal_laadpunten": 1, "operator_id": 78.0, "adres": "Van Speijkstraat 155-H", "buurt_naam": "Kortenaerkwartier", "stadsdeel": "West" }, "geometry": { "type": "Point", "coordinates": [ 4.85985, 52.370933 ] } },
{ "type": "Feature", "properties": { "laadpaal_id": "OCM-37384", "aantal_laadpunten": 1, "operator_id": 78.0, "adres": "Gerrit van der Veenstraat 121-2", "buurt_naam": "Minervabuurt-Midden", "stadsdeel": "Zuid" }, "geometry": { "type": "Point", "coordinates": [ 4.871639, 52.348822 ] } },
{ "type": "Feature", "properties": { "laadpaal_id": "OCM-37362", "aantal_laadpunten": 1, "operator_id": 78.0, "adres": "Rubensstraat 64-1", "buurt_naam": "Minervabuurt-Midden", "stadsdeel": "Zuid" }, "geometry": { "type": "Point", "coordinates": [ 4.87364, 52.347264 ] } },
{ "type": "Feature", "properties": { "laadpaal_id": "OCM-37886", "aantal_laadpunten": 1, "operator_id": 78.0, "adres": "Van Slingelandtstraat 11", "buurt_naam": "Bedrijvencentrum Westerkwartier", "stadsdeel": "West" }, "geometry": { "type": "Point", "coordinates": [ 4.865726, 52.38229 ] } },
{ "type": "Feature", "properties": { "laadpaal_id": "OCM-37790", "aantal_laadpunten": 1, "operator_id": 78.0, "adres": "J.F. van Hengelstraat 12", "buurt_naam": "Sporenburg", "stadsdeel": "Oost" }, "geometry": { "type": "Point", "coordinates": [ 4.948515, 52.37461 ] } },
{ "type": "Feature", "properties": { "laadpaal_id": "OCM-37280", "aantal_laadpunten": 1, "operator_id": 162.0, "adres": "Europaplein", "buurt_naam": "RAI", "stadsdeel": "Zuid" }, "geometry": { "type": "Point", "coordinates": [ 4.889675, 52.341009 ] } },
{ "type": "Feature", "properties": { "laadpaal_id": "OCM-68223", "aantal_laadpunten": 1, "operator_id": 177.0, "adres": "Admiraal de Ruijterweg 123-1", "buurt_naam": "Pieter van der Doesbuurt", "stadsdeel": "West" }, "geometry": { "type": "Point", "coordinates": [ 4.858978, 52.373046 ] } },
{ "type": "Feature", "properties": { "laadpaal_id": "OCM-37473", "aantal_laadpunten": 1, "operator_id": 78.0, "adres": "Emmalaan 21", "buurt_naam": "Willemsparkbuurt-Noord", "stadsdeel": "Zuid" }, "geometry": { "type": "Point", "coordinates": [ 4.863585, 52.353645 ] } },
{ "type": "Feature", "properties": { "laadpaal_id": "OCM-37568", "aantal_laadpunten": 1, "operator_id": 78.0, "adres": "J.J. Cremerplein 6-1", "buurt_naam": "Cremerbuurt-West", "stadsdeel": "West" }, "geometry": { "type": "Point", "coordinates": [ 4.859294, 52.35962 ] } },
{ "type": "Feature", "properties": { "laadpaal_id": "OCM-37309", "aantal_laadpunten": 1, "operator_id": 73.0, "adres": "Europaplein", "buurt_naam": "RAI", "stadsdeel": "Zuid" }, "geometry": { "type": "Point", "coordinates": [ 4.89040665501716, 52.340183348649603 ] } },
{ "type": "Feature", "properties": { "laadpaal_id": "OCM-37837", "aantal_laadpunten": 1, "operator_id": 78.0, "adres": "De Rijpgracht 34-1", "buurt_naam": "Landlust-Zuid", "stadsdeel": "West" }, "geometry": { "type": "Point", "coordinates": [ 4.85997, 52.377476 ] } },
{ "type": "Feature", "properties": { "laadpaal_id": "OCM-37914", "aantal_laadpunten": 2, "operator_id": null, "adres": "Van Bleiswijkstraat", "buurt_naam": "Bedrijvencentrum Westerkwartier", "stadsdeel": "West" }, "geometry": { "type": "Point", "coordinates": [ 4.8661847064293, 52.384572138072002 ] } },
{ "type": "Feature", "properties": { "laadpaal_id": "OCM-285212", "aantal_laadpunten": 2, "operator_id": 47.0, "adres": "Van Slingelandtstraat 45", "buurt_naam": "Bedrijvencentrum Westerkwartier", "stadsdeel": "West" }, "geometry": { "type": "Point", "coordinates": [ 4.8647564, 52.38383781 ] } },
{ "type": "Feature", "properties": { "laadpaal_id": "OCM-37325", "aantal_laadpunten": 1, "operator_id": 78.0, "adres": "Stadionkade 15-1", "buurt_naam": "Minervabuurt-Zuid", "stadsdeel": "Zuid" }, "geometry": { "type": "Point", "coordinates": [ 4.873614, 52.344873 ] } },
{ "type": "Feature", "properties": { "laadpaal_id": "OCM-37342", "aantal_laadpunten": 1, "operator_id": 78.0, "adres": "Michelangelostraat 66", "buurt_naam": "Minervabuurt-Zuid", "stadsdeel": "Zuid" }, "geometry": { "type": "Point", "coordinates": [ 4.871042, 52.346091 ] } },
{ "type": "Feature", "properties": { "laadpaal_id": "OCM-37267", "aantal_laadpunten": 1, "operator_id": 78.0, "adres": "Tweede Amstelvlietpad 1", "buurt_naam": "Amstelkwartier-Noord", "stadsdeel": "Oost" }, "geometry": { "type": "Point", "coordinates": [ 4.917703, 52.339144 ] } },
{ "type": "Feature", "properties": { "laadpaal_id": "OCM-68240", "aantal_laadpunten": 1, "operator_id": 177.0, "adres": "Nieuwendammerkade 28A-14", "buurt_naam": "Vliegenbos", "stadsdeel": "Noord" }, "geometry": { "type": "Point", "coordinates": [ 4.935603, 52.390449 ] } },
{ "type": "Feature", "properties": { "laadpaal_id": "OCM-37381", "aantal_laadpunten": 1, "operator_id": 78.0, "adres": "Kruislaan 182", "buurt_naam": "Sportpark Middenmeer-Zuid", "stadsdeel": "Oost" }, "geometry": { "type": "Point", "coordinates": [ 4.941798, 52.348422 ] } },
{ "type": "Feature", "properties": { "laadpaal_id": "OCM-37311", "aantal_laadpunten": 1, "operator_id": 78.0, "adres": "Prinses Margrietstraat 5", "buurt_naam": "Prinses Irenebuurt", "stadsdeel": "Zuid" }, "geometry": { "type": "Point", "coordinates": [ 4.874207, 52.343553 ] } },
{ "type": "Feature", "properties": { "laadpaal_id": "OCM-41697", "aantal_laadpunten": 1, "operator_id": 78.0, "adres": "Nieuwpoortkade 27", "buurt_naam": "Bedrijventerrein Landlust", "stadsdeel": "West" }, "geometry": { "type": "Point", "coordinates": [ 4.861224, 52.382986 ] } },
{ "type": "Feature", "properties": { "laadpaal_id": "OCM-37463", "aantal_laadpunten": 1, "operator_id": 78.0, "adres": "Prins Hendriklaan 49", "buurt_naam": "Willemsparkbuurt-Noord", "stadsdeel": "Zuid" }, "geometry": { "type": "Point", "coordinates": [ 4.860265, 52.353133 ] } },
{ "type": "Feature", "properties": { "laadpaal_id": "OCM-37262", "aantal_laadpunten": 1, "operator_id": 73.0, "adres": "Spaklerweg 20", "buurt_naam": "Amstelkwartier-Noord", "stadsdeel": "Oost" }, "geometry": { "type": "Point", "coordinates": [ 4.91565, 52.33782 ] } },
{ "type": "Feature", "properties": { "laadpaal_id": "OCM-74793", "aantal_laadpunten": 2, "operator_id": 23.0, "adres": "Overtoom 519", "buurt_naam": "Vondelparkbuurt-West", "stadsdeel": "West" }, "geometry": { "type": "Point", "coordinates": [ 4.856549, 52.357784 ] } },
{ "type": "Feature", "properties": { "laadpaal_id": "OCM-104478", "aantal_laadpunten": 2, "operator_id": 23.0, "adres": "Amstelvlietstraat 2D", "buurt_naam": "Amstelkwartier-Noord", "stadsdeel": "Oost" }, "geometry": { "type": "Point", "coordinates": [ 4.920993, 52.338392 ] } },
{ "type": "Feature", "properties": { "laadpaal_id": "OCM-68228", "aantal_laadpunten": 1, "operator_id": 177.0, "adres": "Blancefloorstraat 2-1", "buurt_naam": "Erasmusparkbuurt-West", "stadsdeel": "West" }, "geometry": { "type": "Point", "coordinates": [ 4.855724, 52.377095 ] } },
{ "type": "Feature", "properties": { "laadpaal_id": "OCM-37625", "aantal_laadpunten": 1, "operator_id": 78.0, "adres": "Postjeskade 61-1", "buurt_naam": "Paramariboplein e.o.", "stadsdeel": "West" }, "geometry": { "type": "Point", "coordinates": [ 4.853731, 52.363435 ] } },
{ "type": "Feature", "properties": { "laadpaal_id": "OCM-37440", "aantal_laadpunten": 1, "operator_id": 78.0, "adres": "Koninginneweg 209", "buurt_naam": "Valeriusbuurt-West", "stadsdeel": "Zuid" }, "geometry": { "type": "Point", "coordinates": [ 4.859854, 52.352242 ] } },
{ "type": "Feature", "properties": { "laadpaal_id": "OCM-68222", "aantal_laadpunten": 1, "operator_id": 177.0, "adres": "John Franklinstraat 76-3", "buurt_naam": "John Franklinbuurt", "stadsdeel": "West" }, "geometry": { "type": "Point", "coordinates": [ 4.853719, 52.372803 ] } },
{ "type": "Feature", "properties": { "laadpaal_id": "OCM-87982", "aantal_laadpunten": 1, "operator_id": 23.0, "adres": "Amstelveenseweg 5", "buurt_naam": "Vondelparkbuurt-West", "stadsdeel": "West" }, "geometry": { "type": "Point", "coordinates": [ 4.855383, 52.357282 ] } },
{ "type": "Feature", "properties": { "laadpaal_id": "OCM-37279", "aantal_laadpunten": 1, "operator_id": 162.0, "adres": "Beethovenstraat 298", "buurt_naam": "Zuidas-Noord", "stadsdeel": "Zuid" }, "geometry": { "type": "Point", "coordinates": [ 4.876763, 52.34082 ] } },
{ "type": "Feature", "properties": { "laadpaal_id": "OCM-37476", "aantal_laadpunten": 1, "operator_id": 162.0, "adres": "Waldeck Pyrmontlaan 9", "buurt_naam": "Willemsparkbuurt-Noord", "stadsdeel": "Zuid" }, "geometry": { "type": "Point", "coordinates": [ 4.857462, 52.353874 ] } },
{ "type": "Feature", "properties": { "laadpaal_id": "OCM-37304", "aantal_laadpunten": 1, "operator_id": 78.0, "adres": "Brandts Buysstraat 3", "buurt_naam": "Prinses Irenebuurt", "stadsdeel": "Zuid" }, "geometry": { "type": "Point", "coordinates": [ 4.871334, 52.343084 ] } },
{ "type": "Feature", "properties": { "laadpaal_id": "OCM-37319", "aantal_laadpunten": 1, "operator_id": 78.0, "adres": "Stadionkade 68-1", "buurt_naam": "Minervabuurt-Zuid", "stadsdeel": "Zuid" }, "geometry": { "type": "Point", "coordinates": [ 4.868612, 52.34451 ] } },
{ "type": "Feature", "properties": { "laadpaal_id": "OCM-85837", "aantal_laadpunten": 2, "operator_id": 177.0, "adres": "Curacaostraat 91", "buurt_naam": "Postjeskade e.o.", "stadsdeel": "West" }, "geometry": { "type": "Point", "coordinates": [ 4.85309267871252, 52.361722139522101 ] } },
{ "type": "Feature", "properties": { "laadpaal_id": "OCM-37891", "aantal_laadpunten": 1, "operator_id": 73.0, "adres": "Willem de Zwijgerlaan 350A", "buurt_naam": "Bedrijventerrein Landlust", "stadsdeel": "West" }, "geometry": { "type": "Point", "coordinates": [ 4.85809, 52.38261 ] } },
{ "type": "Feature", "properties": { "laadpaal_id": "OCM-148324", "aantal_laadpunten": 2, "operator_id": 103.0, "adres": "Strawinskylaan", "buurt_naam": "Zuidas-Noord", "stadsdeel": "Zuid" }, "geometry": { "type": "Point", "coordinates": [ 4.875402153081495, 52.340961671030556 ] } },
{ "type": "Feature", "properties": { "laadpaal_id": "OCM-60279", "aantal_laadpunten": 29, "operator_id": 3.0, "adres": "Willem de Zwijgerlaan", "buurt_naam": "Bedrijventerrein Landlust", "stadsdeel": "West" }, "geometry": { "type": "Point", "coordinates": [ 4.85790889999998, 52.3825301 ] } },
{ "type": "Feature", "properties": { "laadpaal_id": "OCM-37494", "aantal_laadpunten": 1, "operator_id": 162.0, "adres": "Science Park", "buurt_naam": "Science Park-Noord", "stadsdeel": "Oost" }, "geometry": { "type": "Point", "coordinates": [ 4.9522, 52.354912 ] } },
{ "type": "Feature", "properties": { "laadpaal_id": "OCM-37263", "aantal_laadpunten": 1, "operator_id": 73.0, "adres": "Antonio Vivaldistraat 150", "buurt_naam": "Vivaldi", "stadsdeel": "Zuid" }, "geometry": { "type": "Point", "coordinates": [ 4.8845592, 52.3378605 ] } },
{ "type": "Feature", "properties": { "laadpaal_id": "OCM-38006", "aantal_laadpunten": 1, "operator_id": 78.0, "adres": "Kamillestraat 1", "buurt_naam": "Bloemenbuurt-Noord", "stadsdeel": "Noord" }, "geometry": { "type": "Point", "coordinates": [ 4.918056, 52.398727 ] } },
{ "type": "Feature", "properties": { "laadpaal_id": "OCM-68217", "aantal_laadpunten": 1, "operator_id": 177.0, "adres": "Van Spilbergenstraat 160-1", "buurt_naam": "Orteliusbuurt-Midden", "stadsdeel": "West" }, "geometry": { "type": "Point", "coordinates": [ 4.85088, 52.368713 ] } },
{ "type": "Feature", "properties": { "laadpaal_id": "OCM-37635", "aantal_laadpunten": 1, "operator_id": 78.0, "adres": "Postjesweg 124", "buurt_naam": "Orteliusbuurt-Zuid", "stadsdeel": "West" }, "geometry": { "type": "Point", "coordinates": [ 4.850912, 52.364324 ] } },
{ "type": "Feature", "properties": { "laadpaal_id": "OCM-456490", "aantal_laadpunten": 1, "operator_id": 3632.0, "adres": "Joan Muyskensweg 10", "buurt_naam": "Amstelkwartier-West", "stadsdeel": "Oost" }, "geometry": { "type": "Point", "coordinates": [ 4.91411018371582, 52.335430145263672 ] } },
{ "type": "Feature", "properties": { "laadpaal_id": "OCM-37274", "aantal_laadpunten": 1, "operator_id": 73.0, "adres": "Strawinskylaan 93", "buurt_naam": "Zuidas-Noord", "stadsdeel": "Zuid" }, "geometry": { "type": "Point", "coordinates": [ 4.87402666931155, 52.340236899989002 ] } },
{ "type": "Feature", "properties": { "laadpaal_id": "OCM-41699", "aantal_laadpunten": 1, "operator_id": 157.0, "adres": "Spaarndammerdijk 302", "buurt_naam": "Spaarndammerbuurt-Noordwest", "stadsdeel": "West" }, "geometry": { "type": "Point", "coordinates": [ 4.8689384, 52.392663 ] } },
{ "type": "Feature", "properties": { "laadpaal_id": "OCM-37245", "aantal_laadpunten": 1, "operator_id": 157.0, "adres": "Barbara Strozzilaan 388", "buurt_naam": "Vivaldi", "stadsdeel": "Zuid" }, "geometry": { "type": "Point", "coordinates": [ 4.88891172409058, 52.335739135742202 ] } },
{ "type": "Feature", "properties": { "laadpaal_id": "OCM-37314", "aantal_laadpunten": 1, "operator_id": 177.0, "adres": "Stadionkade 95-H", "buurt_naam": "Van Tuyllbuurt", "stadsdeel": "Zuid" }, "geometry": { "type": "Point", "coordinates": [ 4.8657129, 52.3440179 ] } },
{ "type": "Feature", "properties": { "laadpaal_id": "OCM-37908", "aantal_laadpunten": 1, "operator_id": 78.0, "adres": "Bos en Lommerweg 35", "buurt_naam": "Gibraltarbuurt", "stadsdeel": "West" }, "geometry": { "type": "Point", "coordinates": [ 4.856072, 52.383853 ] } },
{ "type": "Feature", "properties": { "laadpaal_id": "OCM-37496", "aantal_laadpunten": 1, "operator_id": 78.0, "adres": "Sloterkade 61-1", "buurt_naam": "Surinamepleinbuurt", "stadsdeel": "Zuid" }, "geometry": { "type": "Point", "coordinates": [ 4.853133, 52.354959 ] } },
{ "type": "Feature", "properties": { "laadpaal_id": "OCM-37247", "aantal_laadpunten": 1, "operator_id": 78.0, "adres": "Antonio Vivaldistraat 50", "buurt_naam": "Vivaldi", "stadsdeel": "Zuid" }, "geometry": { "type": "Point", "coordinates": [ 4.885306, 52.335972 ] } },
{ "type": "Feature", "properties": { "laadpaal_id": "OCM-38016", "aantal_laadpunten": 1, "operator_id": 78.0, "adres": "Buiksloterdijk 314", "buurt_naam": "Buiksloterdijk-West", "stadsdeel": "Noord" }, "geometry": { "type": "Point", "coordinates": [ 4.919944, 52.400193 ] } },
{ "type": "Feature", "properties": { "laadpaal_id": "OCM-37462", "aantal_laadpunten": 1, "operator_id": 78.0, "adres": "Tweede Schinkelstraat 156", "buurt_naam": "Schinkelbuurt-Noord", "stadsdeel": "Zuid" }, "geometry": { "type": "Point", "coordinates": [ 4.853546, 52.353118 ] } },
{ "type": "Feature", "properties": { "laadpaal_id": "OCM-37963", "aantal_laadpunten": 1, "operator_id": 78.0, "adres": "Purmerplein 33", "buurt_naam": "Tuindorp Nieuwendam-Oost", "stadsdeel": "Noord" }, "geometry": { "type": "Point", "coordinates": [ 4.944926, 52.391142 ] } },
{ "type": "Feature", "properties": { "laadpaal_id": "OCM-37392", "aantal_laadpunten": 4, "operator_id": 73.0, "adres": "Europaboulevard", "buurt_naam": "De Klenckebuurt", "stadsdeel": "Zuid" }, "geometry": { "type": "Point", "coordinates": [ 4.88961460317989, 52.334277430187697 ] } },
{ "type": "Feature", "properties": { "laadpaal_id": "OCM-456488", "aantal_laadpunten": 1, "operator_id": 3632.0, "adres": "Europaboulevard 10", "buurt_naam": "De Klenckebuurt", "stadsdeel": "Zuid" }, "geometry": { "type": "Point", "coordinates": [ 4.888354301452637, 52.334316253662109 ] } },
{ "type": "Feature", "properties": { "laadpaal_id": "OCM-37778", "aantal_laadpunten": 1, "operator_id": 78.0, "adres": "Hoofdweg 439-1", "buurt_naam": "Robert Scottbuurt-Oost", "stadsdeel": "West" }, "geometry": { "type": "Point", "coordinates": [ 4.84813, 52.37388 ] } },
{ "type": "Feature", "properties": { "laadpaal_id": "OCM-37237", "aantal_laadpunten": 1, "operator_id": 78.0, "adres": "Daniël Goedkoopstraat 13B", "buurt_naam": "Amstelkwartier-Zuid", "stadsdeel": "Oost" }, "geometry": { "type": "Point", "coordinates": [ 4.922406, 52.334565 ] } },
{ "type": "Feature", "properties": { "laadpaal_id": "OCM-37402", "aantal_laadpunten": 1, "operator_id": 78.0, "adres": "Baarsstraat 27A", "buurt_naam": "Schinkelbuurt-Zuid", "stadsdeel": "Zuid" }, "geometry": { "type": "Point", "coordinates": [ 4.854641, 52.349995 ] } },
{ "type": "Feature", "properties": { "laadpaal_id": "OCM-37818", "aantal_laadpunten": 1, "operator_id": 78.0, "adres": "Griseldestraat 23-H", "buurt_naam": "Erasmusparkbuurt-West", "stadsdeel": "West" }, "geometry": { "type": "Point", "coordinates": [ 4.848784, 52.376737 ] } },
{ "type": "Feature", "properties": { "laadpaal_id": "OCM-37380", "aantal_laadpunten": 1, "operator_id": 78.0, "adres": "Karperstraat 2", "buurt_naam": "Schinkelbuurt-Zuid", "stadsdeel": "Zuid" }, "geometry": { "type": "Point", "coordinates": [ 4.856233, 52.348321 ] } },
{ "type": "Feature", "properties": { "laadpaal_id": "OCM-37312", "aantal_laadpunten": 1, "operator_id": 78.0, "adres": "Middenweg 340", "buurt_naam": "Betondorp", "stadsdeel": "Oost" }, "geometry": { "type": "Point", "coordinates": [ 4.946243, 52.343805 ] } },
{ "type": "Feature", "properties": { "laadpaal_id": "OCM-37699", "aantal_laadpunten": 1, "operator_id": 162.0, "adres": "Zuider IJdijk 102", "buurt_naam": "Baaibuurt-West", "stadsdeel": "Oost" }, "geometry": { "type": "Point", "coordinates": [ 4.961723, 52.368799 ] } },
{ "type": "Feature", "properties": { "laadpaal_id": "OCM-63918", "aantal_laadpunten": 1, "operator_id": 73.0, "adres": "H.J.E. Wenckebachweg 137", "buurt_naam": "Weespertrekvaart", "stadsdeel": "Oost" }, "geometry": { "type": "Point", "coordinates": [ 4.93338, 52.33727 ] } },
{ "type": "Feature", "properties": { "laadpaal_id": "OCM-37983", "aantal_laadpunten": 2, "operator_id": 47.0, "adres": "Nieuwe Hemweg 11", "buurt_naam": "Hemknoop-Noord", "stadsdeel": "Westpoort" }, "geometry": { "type": "Point", "coordinates": [ 4.8650550842285, 52.393718663293001 ] } },
{ "type": "Feature", "properties": { "laadpaal_id": "OCM-37756", "aantal_laadpunten": 1, "operator_id": 162.0, "adres": "Zuiderzeeweg 46A", "buurt_naam": "Baaibuurt-West", "stadsdeel": "Oost" }, "geometry": { "type": "Point", "coordinates": [ 4.961765, 52.37184 ] } },
{ "type": "Feature", "properties": { "laadpaal_id": "OCM-37348", "aantal_laadpunten": 1, "operator_id": 78.0, "adres": "Amstelveenseweg 310", "buurt_naam": "Olympisch Stadion e.o.", "stadsdeel": "Zuid" }, "geometry": { "type": "Point", "coordinates": [ 4.857322, 52.346504 ] } },
{ "type": "Feature", "properties": { "laadpaal_id": "OCM-149457", "aantal_laadpunten": 2, "operator_id": 108.0, "adres": "Argonautenstraat 19", "buurt_naam": "Van Tuyllbuurt", "stadsdeel": "Zuid" }, "geometry": { "type": "Point", "coordinates": [ 4.860980473843256, 52.343610353076059 ] } },
{ "type": "Feature", "properties": { "laadpaal_id": "OCM-37441", "aantal_laadpunten": 1, "operator_id": 78.0, "adres": "Legmeerstraat 45-1", "buurt_naam": "Legmeerpleinbuurt", "stadsdeel": "Zuid" }, "geometry": { "type": "Point", "coordinates": [ 4.851402, 52.352318 ] } },
{ "type": "Feature", "properties": { "laadpaal_id": "OCM-37254", "aantal_laadpunten": 1, "operator_id": 162.0, "adres": "Gustav Mahlerlaan", "buurt_naam": "Zuidas-Zuid", "stadsdeel": "Zuid" }, "geometry": { "type": "Point", "coordinates": [ 4.8743518065681, 52.336926887593002 ] } },
{ "type": "Feature", "properties": { "laadpaal_id": "OCM-63933", "aantal_laadpunten": 1, "operator_id": 157.0, "adres": "Science Park", "buurt_naam": "Science Park-Zuid", "stadsdeel": "Oost" }, "geometry": { "type": "Point", "coordinates": [ 4.95967754550782, 52.356404394775304 ] } },
{ "type": "Feature", "properties": { "laadpaal_id": "OCM-37996", "aantal_laadpunten": 1, "operator_id": 78.0, "adres": "Het Breed 467", "buurt_naam": "Plan van Gool", "stadsdeel": "Noord" }, "geometry": { "type": "Point", "coordinates": [ 4.939057, 52.396563 ] } },
{ "type": "Feature", "properties": { "laadpaal_id": "OCM-38001", "aantal_laadpunten": 1, "operator_id": 78.0, "adres": "Archangelkade 22", "buurt_naam": "Minervahaven-Noordoost", "stadsdeel": "Westpoort" }, "geometry": { "type": "Point", "coordinates": [ 4.871356, 52.397709 ] } },
{ "type": "Feature", "properties": { "laadpaal_id": "OCM-63916", "aantal_laadpunten": 1, "operator_id": 73.0, "adres": "H.J.E. Wenckebachweg 78", "buurt_naam": "Onbekend", "stadsdeel": "Onbekend" }, "geometry": { "type": "Point", "coordinates": [ 4.92757, 52.33441 ] } },
{ "type": "Feature", "properties": { "laadpaal_id": "OCM-37248", "aantal_laadpunten": 1, "operator_id": 157.0, "adres": "Gustav Mahlerlaan", "buurt_naam": "Zuidas-Zuid", "stadsdeel": "Zuid" }, "geometry": { "type": "Point", "coordinates": [ 4.8750552, 52.3360136 ] } },
{ "type": "Feature", "properties": { "laadpaal_id": "OCM-37257", "aantal_laadpunten": 4, "operator_id": null, "adres": "Gustav Mahlerlaan", "buurt_naam": "Zuidas-Zuid", "stadsdeel": "Zuid" }, "geometry": { "type": "Point", "coordinates": [ 4.8717209504014, 52.337142702195003 ] } },
{ "type": "Feature", "properties": { "laadpaal_id": "OCM-37259", "aantal_laadpunten": 1, "operator_id": 157.0, "adres": "Gustav Mahlerlaan", "buurt_naam": "Zuidas-Zuid", "stadsdeel": "Zuid" }, "geometry": { "type": "Point", "coordinates": [ 4.8711256980896, 52.337291717529297 ] } },
{ "type": "Feature", "properties": { "laadpaal_id": "OCM-37690", "aantal_laadpunten": 1, "operator_id": null, "adres": "Jan Evertsenstraat 171", "buurt_naam": "Rembrandtpark-Noord", "stadsdeel": "Nieuw-West" }, "geometry": { "type": "Point", "coordinates": [ 4.84406, 52.36835 ] } },
{ "type": "Feature", "properties": { "laadpaal_id": "OCM-38036", "aantal_laadpunten": 1, "operator_id": 162.0, "adres": "tt. Vasumweg 34D", "buurt_naam": "NDSM terrein", "stadsdeel": "Noord" }, "geometry": { "type": "Point", "coordinates": [ 4.894243, 52.403952 ] } },
{ "type": "Feature", "properties": { "laadpaal_id": "OCM-20586", "aantal_laadpunten": 44, "operator_id": 45.0, "adres": "Spaklerweg 24", "buurt_naam": "Onbekend", "stadsdeel": "Onbekend" }, "geometry": { "type": "Point", "coordinates": [ 4.922158752900714, 52.332013292853702 ] } },
{ "type": "Feature", "properties": { "laadpaal_id": "OCM-68190", "aantal_laadpunten": 1, "operator_id": 177.0, "adres": "Holy 2", "buurt_naam": "Buitenveldert-Oost-Midden", "stadsdeel": "Zuid" }, "geometry": { "type": "Point", "coordinates": [ 4.882153, 52.332832 ] } },
{ "type": "Feature", "properties": { "laadpaal_id": "OCM-37459", "aantal_laadpunten": 1, "operator_id": 78.0, "adres": "Woestduinstraat 59-H", "buurt_naam": "Westlandgrachtbuurt", "stadsdeel": "Zuid" }, "geometry": { "type": "Point", "coordinates": [ 4.848027, 52.352898 ] } },
{ "type": "Feature", "properties": { "laadpaal_id": "OCM-37811", "aantal_laadpunten": 1, "operator_id": 162.0, "adres": "Zuiderzeeweg", "buurt_naam": "Sluisbuurt", "stadsdeel": "Oost" }, "geometry": { "type": "Point", "coordinates": [ 4.963766, 52.376405 ] } },
{ "type": "Feature", "properties": { "laadpaal_id": "OCM-37917", "aantal_laadpunten": 1, "operator_id": 78.0, "adres": "Haarlemmerweg 609", "buurt_naam": "Gibraltarbuurt", "stadsdeel": "West" }, "geometry": { "type": "Point", "coordinates": [ 4.84945, 52.384886 ] } },
{ "type": "Feature", "properties": { "laadpaal_id": "OCM-65734", "aantal_laadpunten": 1, "operator_id": 73.0, "adres": "Nachtwachtlaan 20", "buurt_naam": "Rembrandtpark-Zuid", "stadsdeel": "Nieuw-West" }, "geometry": { "type": "Point", "coordinates": [ 4.84394260725583, 52.359524807049198 ] } },
{ "type": "Feature", "properties": { "laadpaal_id": "OCM-37857", "aantal_laadpunten": 2, "operator_id": null, "adres": "Leeuwendalersweg 23B", "buurt_naam": "Bosleeuw", "stadsdeel": "West" }, "geometry": { "type": "Point", "coordinates": [ 4.8454337434082, 52.379335984789002 ] } },
{ "type": "Feature", "properties": { "laadpaal_id": "OCM-24630", "aantal_laadpunten": 6, "operator_id": 63.0, "adres": "Laan der Hesperiden", "buurt_naam": "Olympisch Stadion e.o.", "stadsdeel": "Zuid" }, "geometry": { "type": "Point", "coordinates": [ 4.854892057672155, 52.344782935920506 ] } },
{ "type": "Feature", "properties": { "laadpaal_id": "OCM-38020", "aantal_laadpunten": 1, "operator_id": 78.0, "adres": "Buikslotermeerplein 2000", "buurt_naam": "Loenermark", "stadsdeel": "Noord" }, "geometry": { "type": "Point", "coordinates": [ 4.932926, 52.401097 ] } },
{ "type": "Feature", "properties": { "laadpaal_id": "OCM-37540", "aantal_laadpunten": 2, "operator_id": 157.0, "adres": "Hendrikje Stoffelsstraat 2A", "buurt_naam": "Andreasterrein", "stadsdeel": "Nieuw-West" }, "geometry": { "type": "Point", "coordinates": [ 4.84424686431885, 52.357265472412102 ] } },
{ "type": "Feature", "properties": { "laadpaal_id": "OCM-37234", "aantal_laadpunten": 1, "operator_id": 78.0, "adres": "Wedderborg 2", "buurt_naam": "Gelderlandpleinbuurt", "stadsdeel": "Zuid" }, "geometry": { "type": "Point", "coordinates": [ 4.873365, 52.334344 ] } },
{ "type": "Feature", "properties": { "laadpaal_id": "OCM-37396", "aantal_laadpunten": 1, "operator_id": 78.0, "adres": "Rietwijkerstraat 36-1", "buurt_naam": "Aalsmeerwegbuurt-West", "stadsdeel": "Zuid" }, "geometry": { "type": "Point", "coordinates": [ 4.84872, 52.349523 ] } },
{ "type": "Feature", "properties": { "laadpaal_id": "OCM-38000", "aantal_laadpunten": 1, "operator_id": 78.0, "adres": "Dollardpad 3", "buurt_naam": "Buikslotermeerplein", "stadsdeel": "Noord" }, "geometry": { "type": "Point", "coordinates": [ 4.94359, 52.397581 ] } },
{ "type": "Feature", "properties": { "laadpaal_id": "OCM-68239", "aantal_laadpunten": 1, "operator_id": 177.0, "adres": "Werengouw 55", "buurt_naam": "Werengouw-Zuid", "stadsdeel": "Noord" }, "geometry": { "type": "Point", "coordinates": [ 4.954974, 52.390378 ] } },
{ "type": "Feature", "properties": { "laadpaal_id": "OCM-38041", "aantal_laadpunten": 1, "operator_id": 157.0, "adres": "Displaystraat 1", "buurt_naam": "NDSM terrein", "stadsdeel": "Noord" }, "geometry": { "type": "Point", "coordinates": [ 4.89013719558716, 52.405773162841797 ] } },
{ "type": "Feature", "properties": { "laadpaal_id": "OCM-37859", "aantal_laadpunten": 1, "operator_id": 157.0, "adres": "Leeuwendalersweg 29A", "buurt_naam": "Kolenkitbuurt-Noord", "stadsdeel": "West" }, "geometry": { "type": "Point", "coordinates": [ 4.8425155, 52.3795377 ] } },
{ "type": "Feature", "properties": { "laadpaal_id": "OCM-68189", "aantal_laadpunten": 1, "operator_id": 177.0, "adres": "Doddendaal 90", "buurt_naam": "Gelderlandpleinbuurt", "stadsdeel": "Zuid" }, "geometry": { "type": "Point", "coordinates": [ 4.874845, 52.332382 ] } },
{ "type": "Feature", "properties": { "laadpaal_id": "OCM-37374", "aantal_laadpunten": 1, "operator_id": 78.0, "adres": "Abbenesstraat 5", "buurt_naam": "Aalsmeerwegbuurt-West", "stadsdeel": "Zuid" }, "geometry": { "type": "Point", "coordinates": [ 4.847159, 52.34806 ] } },
{ "type": "Feature", "properties": { "laadpaal_id": "OCM-53954", "aantal_laadpunten": 1, "operator_id": 78.0, "adres": "Kaneelappelstraat 126", "buurt_naam": "De Bongerd", "stadsdeel": "Noord" }, "geometry": { "type": "Point", "coordinates": [ 4.90564, 52.407598 ] } },
{ "type": "Feature", "properties": { "laadpaal_id": "OCM-68221", "aantal_laadpunten": 1, "operator_id": 177.0, "adres": "Faas Wilkesstraat 102", "buurt_naam": "Sportheldenbuurt", "stadsdeel": "Oost" }, "geometry": { "type": "Point", "coordinates": [ 4.969192, 52.372503 ] } },
{ "type": "Feature", "properties": { "laadpaal_id": "OCM-37361", "aantal_laadpunten": 1, "operator_id": 78.0, "adres": "Aalsmeerplein 8-1", "buurt_naam": "Aalsmeerwegbuurt-West", "stadsdeel": "Zuid" }, "geometry": { "type": "Point", "coordinates": [ 4.846253, 52.347209 ] } },
{ "type": "Feature", "properties": { "laadpaal_id": "OCM-37250", "aantal_laadpunten": 1, "operator_id": 157.0, "adres": "Gustav Mahlerlaan 3004", "buurt_naam": "VU-kwartier", "stadsdeel": "Zuid" }, "geometry": { "type": "Point", "coordinates": [ 4.86121589999993, 52.3360888 ] } },
{ "type": "Feature", "properties": { "laadpaal_id": "OCM-68188", "aantal_laadpunten": 1, "operator_id": 177.0, "adres": "Waddenland 25", "buurt_naam": "Onbekend", "stadsdeel": "Onbekend" }, "geometry": { "type": "Point", "coordinates": [ 4.938159, 52.332205 ] } },
{ "type": "Feature", "properties": { "laadpaal_id": "OCM-37219", "aantal_laadpunten": 1, "operator_id": 78.0, "adres": "Arent Janszoon Ernststraat 865A", "buurt_naam": "Gelderlandpleinbuurt", "stadsdeel": "Zuid" }, "geometry": { "type": "Point", "coordinates": [ 4.869918, 52.332002 ] } },
{ "type": "Feature", "properties": { "laadpaal_id": "OCM-37966", "aantal_laadpunten": 1, "operator_id": 78.0, "adres": "Transformatorweg 39", "buurt_naam": "Contactbuurt", "stadsdeel": "West" }, "geometry": { "type": "Point", "coordinates": [ 4.848914, 52.391561 ] } },
{ "type": "Feature", "properties": { "laadpaal_id": "OCM-53946", "aantal_laadpunten": 1, "operator_id": 73.0, "adres": "Kingsfordweg 151", "buurt_naam": "Sloterdijk Stationskwartier", "stadsdeel": "Nieuw-West" }, "geometry": { "type": "Point", "coordinates": [ 4.84283110000001, 52.3855894 ] } },
{ "type": "Feature", "properties": { "laadpaal_id": "OCM-65731", "aantal_laadpunten": 1, "operator_id": 73.0, "adres": "Delflandlaan 15", "buurt_naam": "Delflandpleinbuurt-West", "stadsdeel": "Nieuw-West" }, "geometry": { "type": "Point", "coordinates": [ 4.84175, 52.35103 ] } },
{ "type": "Feature", "properties": { "laadpaal_id": "OCM-37971", "aantal_laadpunten": 1, "operator_id": null, "adres": "Transformatorweg", "buurt_naam": "Isolatorbuurt", "stadsdeel": "West" }, "geometry": { "type": "Point", "coordinates": [ 4.8489739537763, 52.392005783202997 ] } },
{ "type": "Feature", "properties": { "laadpaal_id": "OCM-68246", "aantal_laadpunten": 1, "operator_id": 177.0, "adres": "H. Cleyndertweg 447", "buurt_naam": "Buikslotermeer-Noord", "stadsdeel": "Noord" }, "geometry": { "type": "Point", "coordinates": [ 4.938367, 52.403583 ] } },
{ "type": "Feature", "properties": { "laadpaal_id": "OCM-37204", "aantal_laadpunten": 1, "operator_id": 78.0, "adres": "Van Nijenrodeweg 2", "buurt_naam": "Buitenveldert-Zuidoost", "stadsdeel": "Zuid" }, "geometry": { "type": "Point", "coordinates": [ 4.884914, 52.327602 ] } },
{ "type": "Feature", "properties": { "laadpaal_id": "OCM-68244", "aantal_laadpunten": 1, "operator_id": 73.0, "adres": "Zekeringstraat 7B", "buurt_naam": "Alfa-driehoek", "stadsdeel": "Westpoort" }, "geometry": { "type": "Point", "coordinates": [ 4.85336, 52.39602 ] } },
{ "type": "Feature", "properties": { "laadpaal_id": "OCM-38046", "aantal_laadpunten": 1, "operator_id": 157.0, "adres": "tt. Vasumweg 124", "buurt_naam": "Cornelis Douwesterrein-Oost", "stadsdeel": "Noord" }, "geometry": { "type": "Point", "coordinates": [ 4.88532686233521, 52.408065795898402 ] } },
{ "type": "Feature", "properties": { "laadpaal_id": "OCM-37246", "aantal_laadpunten": 1, "operator_id": 178.0, "adres": "Vlasdonk 11", "buurt_naam": "Onbekend", "stadsdeel": "Onbekend" }, "geometry": { "type": "Point", "coordinates": [ 4.94978, 52.33577 ] } },
{ "type": "Feature", "properties": { "laadpaal_id": "OCM-37563", "aantal_laadpunten": 1, "operator_id": 78.0, "adres": "Johan Jongkindstraat 140", "buurt_naam": "Overtoomse Veld-Zuid", "stadsdeel": "Nieuw-West" }, "geometry": { "type": "Point", "coordinates": [ 4.835493, 52.359356 ] } },
{ "type": "Feature", "properties": { "laadpaal_id": "OCM-37277", "aantal_laadpunten": 1, "operator_id": 78.0, "adres": "IJsbaanpad 98", "buurt_naam": "IJsbaanpad e.o.", "stadsdeel": "Zuid" }, "geometry": { "type": "Point", "coordinates": [ 4.849793, 52.340665 ] } },
{ "type": "Feature", "properties": { "laadpaal_id": "OCM-38028", "aantal_laadpunten": 1, "operator_id": 78.0, "adres": "Elpermeer 207", "buurt_naam": "Buikslotermeer-Noord", "stadsdeel": "Noord" }, "geometry": { "type": "Point", "coordinates": [ 4.94653, 52.40188 ] } },
{ "type": "Feature", "properties": { "laadpaal_id": "OCM-41691", "aantal_laadpunten": 1, "operator_id": 178.0, "adres": "Van der Madeweg 35", "buurt_naam": "Onbekend", "stadsdeel": "Onbekend" }, "geometry": { "type": "Point", "coordinates": [ 4.923581, 52.326197 ] } },
{ "type": "Feature", "properties": { "laadpaal_id": "OCM-68184", "aantal_laadpunten": 1, "operator_id": 177.0, "adres": "Van Nijenrodeweg 432", "buurt_naam": "Buitenveldert-Zuid-Midden", "stadsdeel": "Zuid" }, "geometry": { "type": "Point", "coordinates": [ 4.877177, 52.327739 ] } },
{ "type": "Feature", "properties": { "laadpaal_id": "OCM-65732", "aantal_laadpunten": 1, "operator_id": 157.0, "adres": "Houtbosch 37", "buurt_naam": "Onbekend", "stadsdeel": "Onbekend" }, "geometry": { "type": "Point", "coordinates": [ 4.97004079818726, 52.351997375488303 ] } },
{ "type": "Feature", "properties": { "laadpaal_id": "OCM-37889", "aantal_laadpunten": 1, "operator_id": null, "adres": "Burgemeester Vening Meineszlaan 2", "buurt_naam": "Coronelbuurt", "stadsdeel": "Nieuw-West" }, "geometry": { "type": "Point", "coordinates": [ 4.837683, 52.382527 ] } },
{ "type": "Feature", "properties": { "laadpaal_id": "OCM-41698", "aantal_laadpunten": 1, "operator_id": 73.0, "adres": "Teleportboulevard", "buurt_naam": "Sloterdijk Stationskwartier", "stadsdeel": "Nieuw-West" }, "geometry": { "type": "Point", "coordinates": [ 4.8417883, 52.388122 ] } },
{ "type": "Feature", "properties": { "laadpaal_id": "OCM-37685", "aantal_laadpunten": 1, "operator_id": 78.0, "adres": "Hof van Versailles 35", "buurt_naam": "Oostoever Sloterplas", "stadsdeel": "Nieuw-West" }, "geometry": { "type": "Point", "coordinates": [ 4.8328005, 52.3678191 ] } },
{ "type": "Feature", "properties": { "laadpaal_id": "OCM-37901", "aantal_laadpunten": 1, "operator_id": 78.0, "adres": "Harry Koningsbergerstraat 89", "buurt_naam": "Coronelbuurt", "stadsdeel": "Nieuw-West" }, "geometry": { "type": "Point", "coordinates": [ 4.837624, 52.383463 ] } },
{ "type": "Feature", "properties": { "laadpaal_id": "OCM-37291", "aantal_laadpunten": 1, "operator_id": 78.0, "adres": "Valschermkade 19", "buurt_naam": "Bedrijventerrein Schinkel", "stadsdeel": "Zuid" }, "geometry": { "type": "Point", "coordinates": [ 4.845679, 52.342303 ] } },
{ "type": "Feature", "properties": { "laadpaal_id": "OCM-68196", "aantal_laadpunten": 1, "operator_id": 73.0, "adres": "Einsteinweg", "buurt_naam": "Delflandpleinbuurt-West", "stadsdeel": "Nieuw-West" }, "geometry": { "type": "Point", "coordinates": [ 4.84037, 52.34751 ] } },
{ "type": "Feature", "properties": { "laadpaal_id": "OCM-68243", "aantal_laadpunten": 1, "operator_id": 177.0, "adres": "Kabelweg 51", "buurt_naam": "Isolatorbuurt", "stadsdeel": "West" }, "geometry": { "type": "Point", "coordinates": [ 4.846907, 52.394112 ] } },
{ "type": "Feature", "properties": { "laadpaal_id": "OCM-20109", "aantal_laadpunten": 2, "operator_id": 1.0, "adres": "De Flinesstraat 9", "buurt_naam": "Onbekend", "stadsdeel": "Onbekend" }, "geometry": { "type": "Point", "coordinates": [ 4.92263769721471, 52.3248922 ] } },
{ "type": "Feature", "properties": { "laadpaal_id": "OCM-37429", "aantal_laadpunten": 1, "operator_id": 78.0, "adres": "Maassluisstraat", "buurt_naam": "Delflandpleinbuurt-West", "stadsdeel": "Nieuw-West" }, "geometry": { "type": "Point", "coordinates": [ 4.836382, 52.351421 ] } },
{ "type": "Feature", "properties": { "laadpaal_id": "OCM-37201", "aantal_laadpunten": 1, "operator_id": 78.0, "adres": "Van Nijenrodeweg 649", "buurt_naam": "Buitenveldert-Zuid-Midden", "stadsdeel": "Zuid" }, "geometry": { "type": "Point", "coordinates": [ 4.871557, 52.327432 ] } },
{ "type": "Feature", "properties": { "laadpaal_id": "OCM-37270", "aantal_laadpunten": 1, "operator_id": 78.0, "adres": "Jaagpad 38", "buurt_naam": "Bedrijventerrein Schinkel", "stadsdeel": "Zuid" }, "geometry": { "type": "Point", "coordinates": [ 4.846202, 52.339961 ] } },
{ "type": "Feature", "properties": { "laadpaal_id": "OCM-37614", "aantal_laadpunten": 1, "operator_id": 78.0, "adres": "Martin Cortesstraat 1", "buurt_naam": "Steigereiland-Zuid", "stadsdeel": "Oost" }, "geometry": { "type": "Point", "coordinates": [ 4.977481, 52.36275 ] } },
{ "type": "Feature", "properties": { "laadpaal_id": "OCM-84347", "aantal_laadpunten": 6, "operator_id": 103.0, "adres": "Overschiestraat 172", "buurt_naam": "Delflandpleinbuurt-West", "stadsdeel": "Nieuw-West" }, "geometry": { "type": "Point", "coordinates": [ 4.83904469999993, 52.3461067 ] } },
{ "type": "Feature", "properties": { "laadpaal_id": "OCM-37224", "aantal_laadpunten": 1, "operator_id": 78.0, "adres": "Amstelveenseweg 740C", "buurt_naam": "Buitenveldert-West-Midden", "stadsdeel": "Zuid" }, "geometry": { "type": "Point", "coordinates": [ 4.856987, 52.332756 ] } },
{ "type": "Feature", "properties": { "laadpaal_id": "OCM-37175", "aantal_laadpunten": 1, "operator_id": 78.0, "adres": "Ouborg 10", "buurt_naam": "Buitenveldert-Zuidoost", "stadsdeel": "Zuid" }, "geometry": { "type": "Point", "coordinates": [ 4.887151, 52.323437 ] } },
{ "type": "Feature", "properties": { "laadpaal_id": "OCM-37181", "aantal_laadpunten": 1, "operator_id": 108.0, "adres": "Van Boshuizenstraat 409", "buurt_naam": "Buitenveldert-Zuidoost", "stadsdeel": "Zuid" }, "geometry": { "type": "Point", "coordinates": [ 4.879872, 52.324685 ] } },
{ "type": "Feature", "properties": { "laadpaal_id": "OCM-37633", "aantal_laadpunten": 1, "operator_id": 78.0, "adres": "Boymansweg 101", "buurt_naam": "Oostoever Sloterplas", "stadsdeel": "Nieuw-West" }, "geometry": { "type": "Point", "coordinates": [ 4.829822, 52.36424 ] } },
{ "type": "Feature", "properties": { "laadpaal_id": "OCM-37621", "aantal_laadpunten": 1, "operator_id": 73.0, "adres": "Pedro de Medinalaan 1C", "buurt_naam": "Steigereiland-Zuid", "stadsdeel": "Oost" }, "geometry": { "type": "Point", "coordinates": [ 4.9785734, 52.363281 ] } },
{ "type": "Feature", "properties": { "laadpaal_id": "OCM-53931", "aantal_laadpunten": 1, "operator_id": 78.0, "adres": "Comeniusstraat 249", "buurt_naam": "Jacob Geelbuurt", "stadsdeel": "Nieuw-West" }, "geometry": { "type": "Point", "coordinates": [ 4.830204, 52.359212 ] } },
{ "type": "Feature", "properties": { "laadpaal_id": "OCM-37956", "aantal_laadpunten": 1, "operator_id": 73.0, "adres": "Piarcoplein", "buurt_naam": "Sloterdijk Stationskwartier", "stadsdeel": "Nieuw-West" }, "geometry": { "type": "Point", "coordinates": [ 4.838443, 52.390045 ] } },
{ "type": "Feature", "properties": { "laadpaal_id": "OCM-90311", "aantal_laadpunten": 2, "operator_id": 23.0, "adres": "Jollenpad 10", "buurt_naam": "Amsterdamse Bos", "stadsdeel": "Zuid" }, "geometry": { "type": "Point", "coordinates": [ 4.848441, 52.335616 ] } },
{ "type": "Feature", "properties": { "laadpaal_id": "OCM-37653", "aantal_laadpunten": 1, "operator_id": 78.0, "adres": "Boymansweg 1", "buurt_naam": "Oostoever Sloterplas", "stadsdeel": "Nieuw-West" }, "geometry": { "type": "Point", "coordinates": [ 4.82726, 52.365611 ] } },
{ "type": "Feature", "properties": { "laadpaal_id": "OCM-37611", "aantal_laadpunten": 1, "operator_id": 78.0, "adres": "IJburglaan 436", "buurt_naam": "Steigereiland-Zuid", "stadsdeel": "Oost" }, "geometry": { "type": "Point", "coordinates": [ 4.980579, 52.362515 ] } },
{ "type": "Feature", "properties": { "laadpaal_id": "OCM-68214", "aantal_laadpunten": 1, "operator_id": 177.0, "adres": "James Bradleystraat 21", "buurt_naam": "Steigereiland-Zuid", "stadsdeel": "Oost" }, "geometry": { "type": "Point", "coordinates": [ 4.98025, 52.359908 ] } },
{ "type": "Feature", "properties": { "laadpaal_id": "OCM-37296", "aantal_laadpunten": 1, "operator_id": 157.0, "adres": "van Dijkstraat 25", "buurt_naam": "Onbekend", "stadsdeel": "Onbekend" }, "geometry": { "type": "Point", "coordinates": [ 4.9696984, 52.3427359 ] } },
{ "type": "Feature", "properties": { "laadpaal_id": "OCM-37214", "aantal_laadpunten": 1, "operator_id": 157.0, "adres": "Polderland 103", "buurt_naam": "Onbekend", "stadsdeel": "Onbekend" }, "geometry": { "type": "Point", "coordinates": [ 4.95267248153686, 52.330879211425803 ] } },
{ "type": "Feature", "properties": { "laadpaal_id": "OCM-65726", "aantal_laadpunten": 1, "operator_id": 103.0, "adres": "Kruidenhof", "buurt_naam": "Onbekend", "stadsdeel": "Onbekend" }, "geometry": { "type": "Point", "coordinates": [ 4.957414, 52.33328 ] } },
{ "type": "Feature", "properties": { "laadpaal_id": "OCM-68249", "aantal_laadpunten": 1, "operator_id": 177.0, "adres": "Kadoelenweg 169H", "buurt_naam": "Kadoelen", "stadsdeel": "Noord" }, "geometry": { "type": "Point", "coordinates": [ 4.907609, 52.414955 ] } },
{ "type": "Feature", "properties": { "laadpaal_id": "OCM-68198", "aantal_laadpunten": 1, "operator_id": 177.0, "adres": "Ottho Heldringstraat 37A", "buurt_naam": "Staalmanbuurt", "stadsdeel": "Nieuw-West" }, "geometry": { "type": "Point", "coordinates": [ 4.832403, 52.34837 ] } },
{ "type": "Feature", "properties": { "laadpaal_id": "OCM-36447", "aantal_laadpunten": 1, "operator_id": 73.0, "adres": "Radarweg 29", "buurt_naam": "Sloterdijk Donauhoek", "stadsdeel": "Nieuw-West" }, "geometry": { "type": "Point", "coordinates": [ 4.8365981, 52.3932559 ] } },
{ "type": "Feature", "properties": { "laadpaal_id": "OCM-37401", "aantal_laadpunten": 1, "operator_id": 178.0, "adres": "Gruttoplein 20", "buurt_naam": "Onbekend", "stadsdeel": "Onbekend" }, "geometry": { "type": "Point", "coordinates": [ 4.978222, 52.349958 ] } },
{ "type": "Feature", "properties": { "laadpaal_id": "OCM-53912", "aantal_laadpunten": 1, "operator_id": 63.0, "adres": "Kalfjeslaan", "buurt_naam": "Onbekend", "stadsdeel": "Onbekend" }, "geometry": { "type": "Point", "coordinates": [ 4.87895, 52.321342 ] } },
{ "type": "Feature", "properties": { "laadpaal_id": "OCM-68250", "aantal_laadpunten": 1, "operator_id": 177.0, "adres": "Oostzanerdijk 22", "buurt_naam": "Oostzanerdijk", "stadsdeel": "Noord" }, "geometry": { "type": "Point", "coordinates": [ 4.897347, 52.416255 ] } },
{ "type": "Feature", "properties": { "laadpaal_id": "OCM-53947", "aantal_laadpunten": 1, "operator_id": 73.0, "adres": "Naritaweg 12", "buurt_naam": "Sloterdijk Stationskwartier", "stadsdeel": "Nieuw-West" }, "geometry": { "type": "Point", "coordinates": [ 4.82991, 52.38756 ] } },
{ "type": "Feature", "properties": { "laadpaal_id": "OCM-54726", "aantal_laadpunten": 1, "operator_id": 73.0, "adres": "Aletta Jacobslaan", "buurt_naam": "Staalmanbuurt", "stadsdeel": "Nieuw-West" }, "geometry": { "type": "Point", "coordinates": [ 4.83053, 52.34663 ] } },
{ "type": "Feature", "properties": { "laadpaal_id": "OCM-37207", "aantal_laadpunten": 1, "operator_id": 78.0, "adres": "Bosbaanweg", "buurt_naam": "Onbekend", "stadsdeel": "Onbekend" }, "geometry": { "type": "Point", "coordinates": [ 4.854863, 52.328153 ] } },
{ "type": "Feature", "properties": { "laadpaal_id": "OCM-37977", "aantal_laadpunten": 1, "operator_id": null, "adres": "Basisweg 30", "buurt_naam": "Westhaven-Zuid", "stadsdeel": "Westpoort" }, "geometry": { "type": "Point", "coordinates": [ 4.8338609933853, 52.392574219075001 ] } },
{ "type": "Feature", "properties": { "laadpaal_id": "OCM-68209", "aantal_laadpunten": 1, "operator_id": 177.0, "adres": "Tourniairestraat 1", "buurt_naam": "Louis Crispijnbuurt", "stadsdeel": "Nieuw-West" }, "geometry": { "type": "Point", "coordinates": [ 4.824988, 52.355798 ] } },
{ "type": "Feature", "properties": { "laadpaal_id": "OCM-38017", "aantal_laadpunten": 1, "operator_id": 73.0, "adres": "Gyroscoopweg 134", "buurt_naam": "Vervoerscentrum", "stadsdeel": "Westpoort" }, "geometry": { "type": "Point", "coordinates": [ 4.84286, 52.40046 ] } },
{ "type": "Feature", "properties": { "laadpaal_id": "OCM-51015", "aantal_laadpunten": 1, "operator_id": 73.0, "adres": "Gyroscoopweg 4A", "buurt_naam": "Vervoerscentrum", "stadsdeel": "Westpoort" }, "geometry": { "type": "Point", "coordinates": [ 4.83979, 52.39823 ] } },
{ "type": "Feature", "properties": { "laadpaal_id": "OCM-68215", "aantal_laadpunten": 1, "operator_id": 177.0, "adres": "Hemsterhuisstraat 44", "buurt_naam": "Emanuel van Meterenbuurt", "stadsdeel": "Nieuw-West" }, "geometry": { "type": "Point", "coordinates": [ 4.822978, 52.361399 ] } },
{ "type": "Feature", "properties": { "laadpaal_id": "OCM-37163", "aantal_laadpunten": 1, "operator_id": 157.0, "adres": "Uilenstede", "buurt_naam": "Onbekend", "stadsdeel": "Onbekend" }, "geometry": { "type": "Point", "coordinates": [ 4.87462997436523, 52.320945739746101 ] } },
{ "type": "Feature", "properties": { "laadpaal_id": "OCM-68183", "aantal_laadpunten": 1, "operator_id": 177.0, "adres": "Charlotte Brontéstraat 46", "buurt_naam": "Venserpolder-Oost", "stadsdeel": "Zuidoost" }, "geometry": { "type": "Point", "coordinates": [ 4.945047, 52.324284 ] } },
{ "type": "Feature", "properties": { "laadpaal_id": "OCM-68241", "aantal_laadpunten": 1, "operator_id": 177.0, "adres": "Basisweg 35", "buurt_naam": "Sloterdijk Rhônepark", "stadsdeel": "Nieuw-West" }, "geometry": { "type": "Point", "coordinates": [ 4.830831, 52.391262 ] } },
{ "type": "Feature", "properties": { "laadpaal_id": "OCM-37196", "aantal_laadpunten": 1, "operator_id": 178.0, "adres": "Diemerhof 12", "buurt_naam": "Onbekend", "stadsdeel": "Onbekend" }, "geometry": { "type": "Point", "coordinates": [ 4.95227, 52.326391 ] } },
{ "type": "Feature", "properties": { "laadpaal_id": "OCM-37221", "aantal_laadpunten": 1, "operator_id": 157.0, "adres": "Verrijn Stuartweg 12", "buurt_naam": "Onbekend", "stadsdeel": "Onbekend" }, "geometry": { "type": "Point", "coordinates": [ 4.96333360671997, 52.332157135009801 ] } },
{ "type": "Feature", "properties": { "laadpaal_id": "OCM-37169", "aantal_laadpunten": 1, "operator_id": 78.0, "adres": "Albert Camuslaan 119", "buurt_naam": "Venserpolder-West", "stadsdeel": "Zuidoost" }, "geometry": { "type": "Point", "coordinates": [ 4.94283, 52.322249 ] } },
{ "type": "Feature", "properties": { "laadpaal_id": "OCM-37846", "aantal_laadpunten": 1, "operator_id": 78.0, "adres": "Krijn Breurstraat 83", "buurt_naam": "Dichtersbuurt", "stadsdeel": "Nieuw-West" }, "geometry": { "type": "Point", "coordinates": [ 4.821872, 52.37856 ] } },
{ "type": "Feature", "properties": { "laadpaal_id": "OCM-68211", "aantal_laadpunten": 1, "operator_id": 177.0, "adres": "Van Mourik Broekmanstraat 103", "buurt_naam": "Louis Crispijnbuurt", "stadsdeel": "Nieuw-West" }, "geometry": { "type": "Point", "coordinates": [ 4.821633, 52.357198 ] } },
{ "type": "Feature", "properties": { "laadpaal_id": "OCM-44759", "aantal_laadpunten": 2, "operator_id": 179.0, "adres": "Kriekenoord", "buurt_naam": "Onbekend", "stadsdeel": "Onbekend" }, "geometry": { "type": "Point", "coordinates": [ 4.972955, 52.337803 ] } },
{ "type": "Feature", "properties": { "laadpaal_id": "OCM-38069", "aantal_laadpunten": 1, "operator_id": 78.0, "adres": "Adriaan Loosjesstraat 7", "buurt_naam": "Twiske-West", "stadsdeel": "Noord" }, "geometry": { "type": "Point", "coordinates": [ 4.894675, 52.418972 ] } },
{ "type": "Feature", "properties": { "laadpaal_id": "OCM-63922", "aantal_laadpunten": 1, "operator_id": 73.0, "adres": "Johan Huizingalaan", "buurt_naam": "Riekerpolder", "stadsdeel": "Nieuw-West" }, "geometry": { "type": "Point", "coordinates": [ 4.82938, 52.34296 ] } },
{ "type": "Feature", "properties": { "laadpaal_id": "OCM-38022", "aantal_laadpunten": 1, "operator_id": 157.0, "adres": "Deccaweg 29", "buurt_naam": "Vervoerscentrum", "stadsdeel": "Westpoort" }, "geometry": { "type": "Point", "coordinates": [ 4.83870840072632, 52.401405334472699 ] } },
{ "type": "Feature", "properties": { "laadpaal_id": "OCM-68238", "aantal_laadpunten": 1, "operator_id": 177.0, "adres": "Rhôneweg 34", "buurt_naam": "Sloterdijk Rhônepark", "stadsdeel": "Nieuw-West" }, "geometry": { "type": "Point", "coordinates": [ 4.826021, 52.390196 ] } },
{ "type": "Feature", "properties": { "laadpaal_id": "OCM-63920", "aantal_laadpunten": 1, "operator_id": 73.0, "adres": "employee access", "buurt_naam": "Riekerpolder", "stadsdeel": "Nieuw-West" }, "geometry": { "type": "Point", "coordinates": [ 4.82934, 52.34084 ] } },
{ "type": "Feature", "properties": { "laadpaal_id": "OCM-37157", "aantal_laadpunten": 1, "operator_id": 157.0, "adres": "Prof. E.M. Meijerslaan 2", "buurt_naam": "Onbekend", "stadsdeel": "Onbekend" }, "geometry": { "type": "Point", "coordinates": [ 4.87390210000001, 52.3179118 ] } },
{ "type": "Feature", "properties": { "laadpaal_id": "OCM-38070", "aantal_laadpunten": 1, "operator_id": 78.0, "adres": "Reizigersweg 4", "buurt_naam": "Circus/Kermisbuurt", "stadsdeel": "Noord" }, "geometry": { "type": "Point", "coordinates": [ 4.883882, 52.419166 ] } },
{ "type": "Feature", "properties": { "laadpaal_id": "OCM-37946", "aantal_laadpunten": 1, "operator_id": 73.0, "adres": "Naritaweg 106", "buurt_naam": "Sloterdijk Stationskwartier", "stadsdeel": "Nieuw-West" }, "geometry": { "type": "Point", "coordinates": [ 4.82394, 52.38803 ] } },
{ "type": "Feature", "properties": { "laadpaal_id": "OCM-68210", "aantal_laadpunten": 1, "operator_id": 177.0, "adres": "Vennepluimstraat 6", "buurt_naam": "Rieteilanden-West", "stadsdeel": "Oost" }, "geometry": { "type": "Point", "coordinates": [ 4.989679, 52.356689 ] } },
{ "type": "Feature", "properties": { "laadpaal_id": "OCM-37166", "aantal_laadpunten": 1, "operator_id": 78.0, "adres": "Amstelveenseweg 965", "buurt_naam": "Buitenveldert-Zuidwest", "stadsdeel": "Zuid" }, "geometry": { "type": "Point", "coordinates": [ 4.85846, 52.32189 ] } },
{ "type": "Feature", "properties": { "laadpaal_id": "OCM-50985", "aantal_laadpunten": 1, "operator_id": 73.0, "adres": "Visseringweg 78", "buurt_naam": "Onbekend", "stadsdeel": "Onbekend" }, "geometry": { "type": "Point", "coordinates": [ 4.97177, 52.33192 ] } },
{ "type": "Feature", "properties": { "laadpaal_id": "OCM-97668", "aantal_laadpunten": 2, "operator_id": 23.0, "adres": "John M. Keynesplein 2", "buurt_naam": "Riekerpolder", "stadsdeel": "Nieuw-West" }, "geometry": { "type": "Point", "coordinates": [ 4.824712, 52.341746 ] } },
{ "type": "Feature", "properties": { "laadpaal_id": "OCM-37442", "aantal_laadpunten": 1, "operator_id": 63.0, "adres": "Johan Braakensiekhof 9", "buurt_naam": "Osdorp-Zuidoost", "stadsdeel": "Nieuw-West" }, "geometry": { "type": "Point", "coordinates": [ 4.817601442337, 52.352328276184998 ] } },
{ "type": "Feature", "properties": { "laadpaal_id": "OCM-68212", "aantal_laadpunten": 1, "operator_id": 177.0, "adres": "Erich Salomonstraat 64", "buurt_naam": "Joris Ivenspleinbuurt", "stadsdeel": "Oost" }, "geometry": { "type": "Point", "coordinates": [ 4.993291, 52.35889 ] } },
{ "type": "Feature", "properties": { "laadpaal_id": "OCM-53925", "aantal_laadpunten": 1, "operator_id": 78.0, "adres": "Diepenbeekplantsoen 35", "buurt_naam": "Nieuw-Sloten-Noordoost", "stadsdeel": "Nieuw-West" }, "geometry": { "type": "Point", "coordinates": [ 4.818995, 52.349046 ] } },
{ "type": "Feature", "properties": { "laadpaal_id": "OCM-68224", "aantal_laadpunten": 1, "operator_id": 177.0, "adres": "Senecastraat 21", "buurt_naam": "Confuciusbuurt", "stadsdeel": "Nieuw-West" }, "geometry": { "type": "Point", "coordinates": [ 4.813206, 52.3734 ] } },
{ "type": "Feature", "properties": { "laadpaal_id": "OCM-68248", "aantal_laadpunten": 1, "operator_id": 73.0, "adres": "Westhavenweg 45", "buurt_naam": "Westhaven-Noord", "stadsdeel": "Westpoort" }, "geometry": { "type": "Point", "coordinates": [ 4.83475, 52.40491 ] } },
{ "type": "Feature", "properties": { "laadpaal_id": "OCM-38033", "aantal_laadpunten": 1, "operator_id": 78.0, "adres": "Sextantweg 8", "buurt_naam": "Westhaven-Noord", "stadsdeel": "Westpoort" }, "geometry": { "type": "Point", "coordinates": [ 4.832683, 52.403552 ] } },
{ "type": "Feature", "properties": { "laadpaal_id": "OCM-37504", "aantal_laadpunten": 1, "operator_id": 78.0, "adres": "IJburglaan 1099", "buurt_naam": "Ed Pelsterparkbuurt", "stadsdeel": "Oost" }, "geometry": { "type": "Point", "coordinates": [ 4.995385, 52.355425 ] } },
{ "type": "Feature", "properties": { "laadpaal_id": "OCM-47017", "aantal_laadpunten": 1, "operator_id": 73.0, "adres": "Lisdoddelaan 84", "buurt_naam": "Rieteilanden-West", "stadsdeel": "Oost" }, "geometry": { "type": "Point", "coordinates": [ 4.99409, 52.35192 ] } },
{ "type": "Feature", "properties": { "laadpaal_id": "OCM-37453", "aantal_laadpunten": 1, "operator_id": 78.0, "adres": "Hegeraatstraat 58", "buurt_naam": "Osdorp-Zuidoost", "stadsdeel": "Nieuw-West" }, "geometry": { "type": "Point", "coordinates": [ 4.813506, 52.352818 ] } },
{ "type": "Feature", "properties": { "laadpaal_id": "OCM-37471", "aantal_laadpunten": 1, "operator_id": 78.0, "adres": "Zwanebloemlaan 224", "buurt_naam": "Rieteilanden-West", "stadsdeel": "Oost" }, "geometry": { "type": "Point", "coordinates": [ 4.995624, 52.353593 ] } },
{ "type": "Feature", "properties": { "laadpaal_id": "OCM-37489", "aantal_laadpunten": 1, "operator_id": 78.0, "adres": "C.K. Eloutstraat 30", "buurt_naam": "Osdorp-Zuidoost", "stadsdeel": "Nieuw-West" }, "geometry": { "type": "Point", "coordinates": [ 4.812068, 52.354718 ] } },
{ "type": "Feature", "properties": { "laadpaal_id": "OCM-37272", "aantal_laadpunten": 1, "operator_id": 73.0, "adres": "Joseph Schumpeterstraat", "buurt_naam": "Riekerpolder", "stadsdeel": "Nieuw-West" }, "geometry": { "type": "Point", "coordinates": [ 4.82105, 52.33996 ] } },
{ "type": "Feature", "properties": { "laadpaal_id": "OCM-68180", "aantal_laadpunten": 1, "operator_id": 73.0, "adres": "Edith Magnusstraat 31", "buurt_naam": "G-buurt-West", "stadsdeel": "Zuidoost" }, "geometry": { "type": "Point", "coordinates": [ 4.96083, 52.32135 ] } },
{ "type": "Feature", "properties": { "laadpaal_id": "OCM-53920", "aantal_laadpunten": 1, "operator_id": 78.0, "adres": "Bastenakenstraat 81", "buurt_naam": "Nieuw-Sloten-Zuidoost", "stadsdeel": "Nieuw-West" }, "geometry": { "type": "Point", "coordinates": [ 4.817951, 52.343322 ] } },
{ "type": "Feature", "properties": { "laadpaal_id": "OCM-37602", "aantal_laadpunten": 1, "operator_id": 78.0, "adres": "Ruimzicht 173", "buurt_naam": "Meer en Oever", "stadsdeel": "Nieuw-West" }, "geometry": { "type": "Point", "coordinates": [ 4.808713, 52.361944 ] } },
{ "type": "Feature", "properties": { "laadpaal_id": "OCM-37098", "aantal_laadpunten": 20, "operator_id": 103.0, "adres": "Burgemeester Stramanweg 130", "buurt_naam": "Hoofdcentrum-Zuidoost", "stadsdeel": "Zuidoost" }, "geometry": { "type": "Point", "coordinates": [ 4.9412730080261, 52.313666218167903 ] } },
{ "type": "Feature", "properties": { "laadpaal_id": "OCM-37617", "aantal_laadpunten": 1, "operator_id": 78.0, "adres": "Meer en Vaart 131", "buurt_naam": "Meer en Oever", "stadsdeel": "Nieuw-West" }, "geometry": { "type": "Point", "coordinates": [ 4.807887, 52.363052 ] } },
{ "type": "Feature", "properties": { "laadpaal_id": "OCM-68202", "aantal_laadpunten": 1, "operator_id": 177.0, "adres": "Zwanebloemlaan 308", "buurt_naam": "Rieteilanden-West", "stadsdeel": "Oost" }, "geometry": { "type": "Point", "coordinates": [ 4.998771, 52.351999 ] } },
{ "type": "Feature", "properties": { "laadpaal_id": "OCM-37432", "aantal_laadpunten": 1, "operator_id": 78.0, "adres": "Prof. R. Casimirstraat 85", "buurt_naam": "Osdorp-Zuidoost", "stadsdeel": "Nieuw-West" }, "geometry": { "type": "Point", "coordinates": [ 4.809354, 52.351707 ] } },
{ "type": "Feature", "properties": { "laadpaal_id": "OCM-54734", "aantal_laadpunten": 1, "operator_id": 73.0, "adres": "Zuiderzeelaan 66", "buurt_naam": "Onbekend", "stadsdeel": "Onbekend" }, "geometry": { "type": "Point", "coordinates": [ 4.90415, 52.42778 ] } },
{ "type": "Feature", "properties": { "laadpaal_id": "OCM-37115", "aantal_laadpunten": 1, "operator_id": 103.0, "adres": "De entree 11", "buurt_naam": "Hoofdcentrum-Zuidoost", "stadsdeel": "Zuidoost" }, "geometry": { "type": "Point", "coordinates": [ 4.939417, 52.311417 ] } },
{ "type": "Feature", "properties": { "laadpaal_id": "OCM-37139", "aantal_laadpunten": 2, "operator_id": null, "adres": "Bijlmerplein", "buurt_naam": "Amsterdamse Poort", "stadsdeel": "Zuidoost" }, "geometry": { "type": "Point", "coordinates": [ 4.9521260331352, 52.315024438734 ] } },
{ "type": "Feature", "properties": { "laadpaal_id": "OCM-37145", "aantal_laadpunten": 2, "operator_id": null, "adres": "Bijlmerplein 526", "buurt_naam": "Amsterdamse Poort", "stadsdeel": "Zuidoost" }, "geometry": { "type": "Point", "coordinates": [ 4.9551448593814, 52.316036113815002 ] } },
{ "type": "Feature", "properties": { "laadpaal_id": "OCM-37548", "aantal_laadpunten": 1, "operator_id": 78.0, "adres": "Osdorpplein 1000", "buurt_naam": "Osdorpplein e.o.", "stadsdeel": "Nieuw-West" }, "geometry": { "type": "Point", "coordinates": [ 4.806591, 52.357865 ] } },
{ "type": "Feature", "properties": { "laadpaal_id": "OCM-50981", "aantal_laadpunten": 1, "operator_id": 177.0, "adres": "Bijlmerdreef 754", "buurt_naam": "G-buurt-West", "stadsdeel": "Zuidoost" }, "geometry": { "type": "Point", "coordinates": [ 4.963280068122913, 52.319228262044149 ] } },
{ "type": "Feature", "properties": { "laadpaal_id": "OCM-53938", "aantal_laadpunten": 1, "operator_id": 78.0, "adres": "Dokter Meurerlaan 4", "buurt_naam": "Ookmeer", "stadsdeel": "Nieuw-West" }, "geometry": { "type": "Point", "coordinates": [ 4.80519, 52.368528 ] } },
{ "type": "Feature", "properties": { "laadpaal_id": "OCM-68170", "aantal_laadpunten": 1, "operator_id": 103.0, "adres": "Fanny Blankers-Koenlaan 56", "buurt_naam": "Onbekend", "stadsdeel": "Onbekend" }, "geometry": { "type": "Point", "coordinates": [ 4.881888, 52.30872224 ] } },
{ "type": "Feature", "properties": { "laadpaal_id": "OCM-63915", "aantal_laadpunten": 1, "operator_id": 73.0, "adres": "Stammerkamp 1-TRAF", "buurt_naam": "Onbekend", "stadsdeel": "Onbekend" }, "geometry": { "type": "Point", "coordinates": [ 4.98594, 52.33315 ] } },
{ "type": "Feature", "properties": { "laadpaal_id": "OCM-37570", "aantal_laadpunten": 1, "operator_id": 78.0, "adres": "Osdorpplein 251", "buurt_naam": "Osdorpplein e.o.", "stadsdeel": "Nieuw-West" }, "geometry": { "type": "Point", "coordinates": [ 4.805126, 52.359795 ] } },
{ "type": "Feature", "properties": { "laadpaal_id": "OCM-127218", "aantal_laadpunten": 1, "operator_id": 177.0, "adres": "Maria Austriastraat 722", "buurt_naam": "Ed Pelsterparkbuurt", "stadsdeel": "Oost" }, "geometry": { "type": "Point", "coordinates": [ 5.00136550966624, 52.353330135339 ] } },
{ "type": "Feature", "properties": { "laadpaal_id": "OCM-37141", "aantal_laadpunten": 1, "operator_id": 178.0, "adres": "Nassaupark 1", "buurt_naam": "Onbekend", "stadsdeel": "Onbekend" }, "geometry": { "type": "Point", "coordinates": [ 4.851114, 52.315711 ] } },
{ "type": "Feature", "properties": { "laadpaal_id": "OCM-37122", "aantal_laadpunten": 1, "operator_id": 162.0, "adres": "Bijlmerplein", "buurt_naam": "Amsterdamse Poort", "stadsdeel": "Zuidoost" }, "geometry": { "type": "Point", "coordinates": [ 4.949204, 52.312994 ] } },
{ "type": "Feature", "properties": { "laadpaal_id": "OCM-68205", "aantal_laadpunten": 1, "operator_id": 177.0, "adres": "Lumièrestraat 93", "buurt_naam": "Ed Pelsterparkbuurt", "stadsdeel": "Oost" }, "geometry": { "type": "Point", "coordinates": [ 5.002253, 52.354814 ] } },
{ "type": "Feature", "properties": { "laadpaal_id": "OCM-53944", "aantal_laadpunten": 1, "operator_id": 78.0, "adres": "Dolhaantjestraat 37", "buurt_naam": "Ruys de Beerenbrouckbuurt", "stadsdeel": "Nieuw-West" }, "geometry": { "type": "Point", "coordinates": [ 4.807045, 52.383317 ] } },
{ "type": "Feature", "properties": { "laadpaal_id": "OCM-297266", "aantal_laadpunten": 4, "operator_id": 3504.0, "adres": "Westeinde 118", "buurt_naam": "Onbekend", "stadsdeel": "Onbekend" }, "geometry": { "type": "Point", "coordinates": [ 4.879149, 52.427101 ] } },
{ "type": "Feature", "properties": { "laadpaal_id": "OCM-37172", "aantal_laadpunten": 1, "operator_id": 78.0, "adres": "Bijlmerdreef", "buurt_naam": "G-buurt-West", "stadsdeel": "Zuidoost" }, "geometry": { "type": "Point", "coordinates": [ 4.973384, 52.322663 ] } },
{ "type": "Feature", "properties": { "laadpaal_id": "OCM-127215", "aantal_laadpunten": 2, "operator_id": 177.0, "adres": "Ijburglaan 1554", "buurt_naam": "Theo van Goghparkbuurt", "stadsdeel": "Oost" }, "geometry": { "type": "Point", "coordinates": [ 5.0017806, 52.3514132 ] } },
{ "type": "Feature", "properties": { "laadpaal_id": "OCM-68186", "aantal_laadpunten": 1, "operator_id": 177.0, "adres": "Stammerkamp 9", "buurt_naam": "Onbekend", "stadsdeel": "Onbekend" }, "geometry": { "type": "Point", "coordinates": [ 4.9857368, 52.3304904 ] } },
{ "type": "Feature", "properties": { "laadpaal_id": "OCM-37444", "aantal_laadpunten": 1, "operator_id": 78.0, "adres": "Julius Pergerstraat 139", "buurt_naam": "Havenkwartier IJburg", "stadsdeel": "Oost" }, "geometry": { "type": "Point", "coordinates": [ 5.002858, 52.352468 ] } },
{ "type": "Feature", "properties": { "laadpaal_id": "OCM-37126", "aantal_laadpunten": 2, "operator_id": null, "adres": "Bijlmerplein 700", "buurt_naam": "Amsterdamse Poort", "stadsdeel": "Zuidoost" }, "geometry": { "type": "Point", "coordinates": [ 4.9546258519371, 52.313456870412999 ] } },
{ "type": "Feature", "properties": { "laadpaal_id": "OCM-68201", "aantal_laadpunten": 1, "operator_id": 177.0, "adres": "Willem Bartjenshof 7", "buurt_naam": "Osdorp-Zuidoost", "stadsdeel": "Nieuw-West" }, "geometry": { "type": "Point", "coordinates": [ 4.805209, 52.351926 ] } },
{ "type": "Feature", "properties": { "laadpaal_id": "OCM-37797", "aantal_laadpunten": 1, "operator_id": 78.0, "adres": "Jacob van Weesenbekestraat 60-H", "buurt_naam": "Wegener Sleeswijkbuurt", "stadsdeel": "Nieuw-West" }, "geometry": { "type": "Point", "coordinates": [ 4.802546, 52.375069 ] } },
{ "type": "Feature", "properties": { "laadpaal_id": "OCM-37171", "aantal_laadpunten": 1, "operator_id": 78.0, "adres": "De Duizendmeterweg 2", "buurt_naam": "Onbekend", "stadsdeel": "Onbekend" }, "geometry": { "type": "Point", "coordinates": [ 4.832246, 52.322632 ] } },
{ "type": "Feature", "properties": { "laadpaal_id": "OCM-68172", "aantal_laadpunten": 1, "operator_id": 103.0, "adres": "Van der Hoochlaan 23", "buurt_naam": "Onbekend", "stadsdeel": "Onbekend" }, "geometry": { "type": "Point", "coordinates": [ 4.8546713, 52.3122288 ] } },
{ "type": "Feature", "properties": { "laadpaal_id": "OCM-54724", "aantal_laadpunten": 1, "operator_id": 73.0, "adres": "Keienbergweg 56", "buurt_naam": "Amstel III deel C/D-Noord", "stadsdeel": "Zuidoost" }, "geometry": { "type": "Point", "coordinates": [ 4.93373, 52.30689 ] } },
{ "type": "Feature", "properties": { "laadpaal_id": "OCM-127216", "aantal_laadpunten": 1, "operator_id": 177.0, "adres": "Pieter Oosterhuisstraat 9", "buurt_naam": "Havenkwartier IJburg", "stadsdeel": "Oost" }, "geometry": { "type": "Point", "coordinates": [ 5.00557549269763, 52.352441194956 ] } },
{ "type": "Feature", "properties": { "laadpaal_id": "OCM-37468", "aantal_laadpunten": 1, "operator_id": 78.0, "adres": "Franz Zieglerstraat", "buurt_naam": "Havenkwartier IJburg", "stadsdeel": "Oost" }, "geometry": { "type": "Point", "coordinates": [ 5.006051, 52.353462 ] } },
{ "type": "Feature", "properties": { "laadpaal_id": "OCM-63902", "aantal_laadpunten": 1, "operator_id": 73.0, "adres": "Amsterdamseweg 204A", "buurt_naam": "Onbekend", "stadsdeel": "Onbekend" }, "geometry": { "type": "Point", "coordinates": [ 4.85044, 52.31209 ] } },
{ "type": "Feature", "properties": { "laadpaal_id": "OCM-68251", "aantal_laadpunten": 1, "operator_id": 73.0, "adres": "Rijshoutweg 25", "buurt_naam": "Onbekend", "stadsdeel": "Onbekend" }, "geometry": { "type": "Point", "coordinates": [ 4.84843, 52.42285 ] } },
{ "type": "Feature", "properties": { "laadpaal_id": "OCM-63899", "aantal_laadpunten": 1, "operator_id": 103.0, "adres": "Jan Benninghstraat 62", "buurt_naam": "Onbekend", "stadsdeel": "Onbekend" }, "geometry": { "type": "Point", "coordinates": [ 4.8536646, 52.310447 ] } },
{ "type": "Feature", "properties": { "laadpaal_id": "OCM-37301", "aantal_laadpunten": 1, "operator_id": 78.0, "adres": "Schaarbeekstraat 40", "buurt_naam": "Nieuw-Sloten-Zuidwest", "stadsdeel": "Nieuw-West" }, "geometry": { "type": "Point", "coordinates": [ 4.805561, 52.342962 ] } },
{ "type": "Feature", "properties": { "laadpaal_id": "OCM-68169", "aantal_laadpunten": 1, "operator_id": 73.0, "adres": "Hogehilweg 4", "buurt_naam": "Amstel III deel A/B-Noord", "stadsdeel": "Zuidoost" }, "geometry": { "type": "Point", "coordinates": [ 4.94633, 52.30781 ] } },
{ "type": "Feature", "properties": { "laadpaal_id": "OCM-37059", "aantal_laadpunten": 2, "operator_id": 178.0, "adres": "Escapade", "buurt_naam": "Onbekend", "stadsdeel": "Onbekend" }, "geometry": { "type": "Point", "coordinates": [ 4.884163, 52.303475 ] } },
{ "type": "Feature", "properties": { "laadpaal_id": "OCM-37089", "aantal_laadpunten": 1, "operator_id": 157.0, "adres": "Burgemeester Haspelslaan 202C", "buurt_naam": "Onbekend", "stadsdeel": "Onbekend" }, "geometry": { "type": "Point", "coordinates": [ 4.868079662323, 52.306098937988303 ] } },
{ "type": "Feature", "properties": { "laadpaal_id": "OCM-37405", "aantal_laadpunten": 1, "operator_id": 78.0, "adres": "Eva Besnyöstraat 439", "buurt_naam": "Theo van Goghparkbuurt", "stadsdeel": "Oost" }, "geometry": { "type": "Point", "coordinates": [ 5.007332, 52.350409 ] } },
{ "type": "Feature", "properties": { "laadpaal_id": "OCM-63888", "aantal_laadpunten": 1, "operator_id": 180.0, "adres": "Kollenbergweg 44", "buurt_naam": "Amstel III deel C/D-Noord", "stadsdeel": "Zuidoost" }, "geometry": { "type": "Point", "coordinates": [ 4.93812, 52.305504 ] } },
{ "type": "Feature", "properties": { "laadpaal_id": "OCM-37434", "aantal_laadpunten": 1, "operator_id": 78.0, "adres": "Pieter Calandlaan 893", "buurt_naam": "Zuidwestkwadrant-Zuid", "stadsdeel": "Nieuw-West" }, "geometry": { "type": "Point", "coordinates": [ 4.799083, 52.351748 ] } },
{ "type": "Feature", "properties": { "laadpaal_id": "OCM-63969", "aantal_laadpunten": 1, "operator_id": 157.0, "adres": "Corsicaweg 10", "buurt_naam": "Westhaven-Noord", "stadsdeel": "Westpoort" }, "geometry": { "type": "Point", "coordinates": [ 4.8115058, 52.4021045 ] } },
{ "type": "Feature", "properties": { "laadpaal_id": "OCM-63978", "aantal_laadpunten": 1, "operator_id": 73.0, "adres": "Sluispolderweg 5", "buurt_naam": "Onbekend", "stadsdeel": "Onbekend" }, "geometry": { "type": "Point", "coordinates": [ 4.85592, 52.42708 ] } },
{ "type": "Feature", "properties": { "laadpaal_id": "OCM-37037", "aantal_laadpunten": 1, "operator_id": 178.0, "adres": "Amsteldijk Noord 34", "buurt_naam": "Onbekend", "stadsdeel": "Onbekend" }, "geometry": { "type": "Point", "coordinates": [ 4.898979, 52.301276 ] } },
{ "type": "Feature", "properties": { "laadpaal_id": "OCM-37086", "aantal_laadpunten": 2, "operator_id": 178.0, "adres": "Rembrandtweg", "buurt_naam": "Onbekend", "stadsdeel": "Onbekend" }, "geometry": { "type": "Point", "coordinates": [ 4.862668, 52.305955 ] } },
{ "type": "Feature", "properties": { "laadpaal_id": "OCM-37298", "aantal_laadpunten": 1, "operator_id": 78.0, "adres": "Kortrijk 131", "buurt_naam": "Nieuw-Sloten-Zuidwest", "stadsdeel": "Nieuw-West" }, "geometry": { "type": "Point", "coordinates": [ 4.802307, 52.34291 ] } },
{ "type": "Feature", "properties": { "laadpaal_id": "OCM-68195", "aantal_laadpunten": 1, "operator_id": 177.0, "adres": "Berlaarstraat 387", "buurt_naam": "Nieuw-Sloten-Noordwest", "stadsdeel": "Nieuw-West" }, "geometry": { "type": "Point", "coordinates": [ 4.800753, 52.34538 ] } },
{ "type": "Feature", "properties": { "laadpaal_id": "OCM-37110", "aantal_laadpunten": 2, "operator_id": 178.0, "adres": "Bilderdijklaan 10", "buurt_naam": "Onbekend", "stadsdeel": "Onbekend" }, "geometry": { "type": "Point", "coordinates": [ 4.84505, 52.310505 ] } },
{ "type": "Feature", "properties": { "laadpaal_id": "OCM-50976", "aantal_laadpunten": 1, "operator_id": 73.0, "adres": "Karspeldreef 4", "buurt_naam": "Amstel III deel A/B-Noord", "stadsdeel": "Zuidoost" }, "geometry": { "type": "Point", "coordinates": [ 4.94887, 52.30524 ] } },
{ "type": "Feature", "properties": { "laadpaal_id": "OCM-37047", "aantal_laadpunten": 2, "operator_id": 178.0, "adres": "De Parelvisserslaan 1", "buurt_naam": "Onbekend", "stadsdeel": "Onbekend" }, "geometry": { "type": "Point", "coordinates": [ 4.873364, 52.302096 ] } },
{ "type": "Feature", "properties": { "laadpaal_id": "OCM-37100", "aantal_laadpunten": 2, "operator_id": 178.0, "adres": "Molenweg 7A", "buurt_naam": "Onbekend", "stadsdeel": "Onbekend" }, "geometry": { "type": "Point", "coordinates": [ 4.848318, 52.308303 ] } },
{ "type": "Feature", "properties": { "laadpaal_id": "OCM-68197", "aantal_laadpunten": 1, "operator_id": 177.0, "adres": "Eva Besnyöstraat 372", "buurt_naam": "Theo van Goghparkbuurt", "stadsdeel": "Oost" }, "geometry": { "type": "Point", "coordinates": [ 5.011488, 52.347996 ] } },
{ "type": "Feature", "properties": { "laadpaal_id": "OCM-63976", "aantal_laadpunten": 1, "operator_id": 73.0, "adres": "Dukdalfweg 36", "buurt_naam": "Westhaven-Noord", "stadsdeel": "Westpoort" }, "geometry": { "type": "Point", "coordinates": [ 4.82559, 52.4166 ] } },
{ "type": "Feature", "properties": { "laadpaal_id": "OCM-68157", "aantal_laadpunten": 1, "operator_id": 177.0, "adres": "Abraham Rademakerstraat 13", "buurt_naam": "Onbekend", "stadsdeel": "Onbekend" }, "geometry": { "type": "Point", "coordinates": [ 4.914441, 52.299258 ] } },
{ "type": "Feature", "properties": { "laadpaal_id": "OCM-37144", "aantal_laadpunten": 1, "operator_id": 78.0, "adres": "Karspeldreef", "buurt_naam": "De Kameleon e.o.", "stadsdeel": "Zuidoost" }, "geometry": { "type": "Point", "coordinates": [ 4.978537, 52.316033 ] } },
{ "type": "Feature", "properties": { "laadpaal_id": "OCM-37082", "aantal_laadpunten": 2, "operator_id": 178.0, "adres": "De Savornin Lohmanlaan 26", "buurt_naam": "Onbekend", "stadsdeel": "Onbekend" }, "geometry": { "type": "Point", "coordinates": [ 4.853983, 52.305755 ] } },
{ "type": "Feature", "properties": { "laadpaal_id": "OCM-38075", "aantal_laadpunten": 1, "operator_id": 73.0, "adres": "Zuiddijk 422", "buurt_naam": "Onbekend", "stadsdeel": "Onbekend" }, "geometry": { "type": "Point", "coordinates": [ 4.83986, 52.42452 ] } },
{ "type": "Feature", "properties": { "laadpaal_id": "OCM-68159", "aantal_laadpunten": 1, "operator_id": 103.0, "adres": "Oberonstraat 21", "buurt_naam": "Onbekend", "stadsdeel": "Onbekend" }, "geometry": { "type": "Point", "coordinates": [ 4.8772051, 52.29984856 ] } },
{ "type": "Feature", "properties": { "laadpaal_id": "OCM-68231", "aantal_laadpunten": 1, "operator_id": 177.0, "adres": "Marga Klompélaan 50", "buurt_naam": "De Eendracht", "stadsdeel": "Nieuw-West" }, "geometry": { "type": "Point", "coordinates": [ 4.791596, 52.379596 ] } },
{ "type": "Feature", "properties": { "laadpaal_id": "OCM-37093", "aantal_laadpunten": 1, "operator_id": 78.0, "adres": "Huntum 72", "buurt_naam": "Huntum", "stadsdeel": "Zuidoost" }, "geometry": { "type": "Point", "coordinates": [ 4.96167, 52.307099 ] } },
{ "type": "Feature", "properties": { "laadpaal_id": "OCM-65748", "aantal_laadpunten": 1, "operator_id": 103.0, "adres": "Waterput 1", "buurt_naam": "Onbekend", "stadsdeel": "Onbekend" }, "geometry": { "type": "Point", "coordinates": [ 4.8745099, 52.435369 ] } },
{ "type": "Feature", "properties": { "laadpaal_id": "OCM-37043", "aantal_laadpunten": 1, "operator_id": null, "adres": "Handelsplein 41", "buurt_naam": "Onbekend", "stadsdeel": "Onbekend" }, "geometry": { "type": "Point", "coordinates": [ 4.8654198646545, 52.301551020440002 ] } },
{ "type": "Feature", "properties": { "laadpaal_id": "OCM-37040", "aantal_laadpunten": 1, "operator_id": 157.0, "adres": "Handelsplein 53", "buurt_naam": "Onbekend", "stadsdeel": "Onbekend" }, "geometry": { "type": "Point", "coordinates": [ 4.86604452133179, 52.301399230957003 ] } },
{ "type": "Feature", "properties": { "laadpaal_id": "OCM-68245", "aantal_laadpunten": 1, "operator_id": 73.0, "adres": "Galwin", "buurt_naam": "Sloterdijk Poort-Noord", "stadsdeel": "Nieuw-West" }, "geometry": { "type": "Point", "coordinates": [ 4.79959, 52.39684 ] } },
{ "type": "Feature", "properties": { "laadpaal_id": "OCM-37055", "aantal_laadpunten": 1, "operator_id": 157.0, "adres": "Stadsplein 102", "buurt_naam": "Onbekend", "stadsdeel": "Onbekend" }, "geometry": { "type": "Point", "coordinates": [ 4.8588215, 52.3030786 ] } },
{ "type": "Feature", "properties": { "laadpaal_id": "OCM-68155", "aantal_laadpunten": 1, "operator_id": 177.0, "adres": "Reijgershof 49", "buurt_naam": "Onbekend", "stadsdeel": "Onbekend" }, "geometry": { "type": "Point", "coordinates": [ 4.912034, 52.297479 ] } },
{ "type": "Feature", "properties": { "laadpaal_id": "OCM-37078", "aantal_laadpunten": 1, "operator_id": 78.0, "adres": "Hakfort 133", "buurt_naam": "Hakfort/Huigenbos", "stadsdeel": "Zuidoost" }, "geometry": { "type": "Point", "coordinates": [ 4.958092, 52.305529 ] } },
{ "type": "Feature", "properties": { "laadpaal_id": "OCM-65745", "aantal_laadpunten": 2, "operator_id": 179.0, "adres": "Dukdalfweg 51", "buurt_naam": "Westhaven-Noord", "stadsdeel": "Westpoort" }, "geometry": { "type": "Point", "coordinates": [ 4.823499, 52.417978 ] } },
{ "type": "Feature", "properties": { "laadpaal_id": "OCM-63924", "aantal_laadpunten": 2, "operator_id": null, "adres": "Sporadenlaan 22", "buurt_naam": "De Aker-Oost", "stadsdeel": "Nieuw-West" }, "geometry": { "type": "Point", "coordinates": [ 4.7941535711288, 52.346305458821 ] } },
{ "type": "Feature", "properties": { "laadpaal_id": "OCM-65728", "aantal_laadpunten": 1, "operator_id": 73.0, "adres": "Sloterweg 1285", "buurt_naam": "Dorp Sloten", "stadsdeel": "Nieuw-West" }, "geometry": { "type": "Point", "coordinates": [ 4.79644, 52.3415 ] } },
{ "type": "Feature", "properties": { "laadpaal_id": "OCM-37005", "aantal_laadpunten": 1, "operator_id": 178.0, "adres": "Raadhuislaan 2", "buurt_naam": "Onbekend", "stadsdeel": "Onbekend" }, "geometry": { "type": "Point", "coordinates": [ 4.904447, 52.29684 ] } },
{ "type": "Feature", "properties": { "laadpaal_id": "OCM-68207", "aantal_laadpunten": 1, "operator_id": 177.0, "adres": "Langswater 268", "buurt_naam": "Dijkgraafpleinbuurt", "stadsdeel": "Nieuw-West" }, "geometry": { "type": "Point", "coordinates": [ 4.789584, 52.355501 ] } },
{ "type": "Feature", "properties": { "laadpaal_id": "OCM-37028", "aantal_laadpunten": 1, "operator_id": 157.0, "adres": "Meander 1019D-6", "buurt_naam": "Onbekend", "stadsdeel": "Onbekend" }, "geometry": { "type": "Point", "coordinates": [ 4.86710840000001, 52.2999741 ] } },
{ "type": "Feature", "properties": { "laadpaal_id": "OCM-68174", "aantal_laadpunten": 1, "operator_id": 177.0, "adres": "Krombekstraat 65", "buurt_naam": "K-buurt-Zuidwest", "stadsdeel": "Zuidoost" }, "geometry": { "type": "Point", "coordinates": [ 4.97909, 52.312498 ] } },
{ "type": "Feature", "properties": { "laadpaal_id": "OCM-37029", "aantal_laadpunten": 1, "operator_id": 73.0, "adres": "Muntbergweg 16", "buurt_naam": "Amstel III deel C/D-Noord", "stadsdeel": "Zuidoost" }, "geometry": { "type": "Point", "coordinates": [ 4.94509, 52.30009 ] } },
{ "type": "Feature", "properties": { "laadpaal_id": "OCM-63984", "aantal_laadpunten": 1, "operator_id": 103.0, "adres": "Linnaeusstraat 226", "buurt_naam": "Onbekend", "stadsdeel": "Onbekend" }, "geometry": { "type": "Point", "coordinates": [ 4.8545213, 52.43347934 ] } },
{ "type": "Feature", "properties": { "laadpaal_id": "OCM-41687", "aantal_laadpunten": 1, "operator_id": 178.0, "adres": "Koningin Julianalaan 15", "buurt_naam": "Onbekend", "stadsdeel": "Onbekend" }, "geometry": { "type": "Point", "coordinates": [ 4.90777, 52.295116 ] } },
{ "type": "Feature", "properties": { "laadpaal_id": "OCM-37067", "aantal_laadpunten": 1, "operator_id": 78.0, "adres": "Maldenhof 13", "buurt_naam": "Holendrecht-Oost", "stadsdeel": "Zuidoost" }, "geometry": { "type": "Point", "coordinates": [ 4.96626, 52.304831 ] } },
{ "type": "Feature", "properties": { "laadpaal_id": "OCM-37368", "aantal_laadpunten": 1, "operator_id": 78.0, "adres": "Pond Sterlinglaan 47", "buurt_naam": "De Aker-Oost", "stadsdeel": "Nieuw-West" }, "geometry": { "type": "Point", "coordinates": [ 4.788475, 52.347557 ] } },
{ "type": "Feature", "properties": { "laadpaal_id": "OCM-37014", "aantal_laadpunten": 1, "operator_id": 162.0, "adres": "Snijdersbergweg 101", "buurt_naam": "Amstel III deel C/D-Zuid", "stadsdeel": "Zuidoost" }, "geometry": { "type": "Point", "coordinates": [ 4.946561, 52.298534 ] } },
{ "type": "Feature", "properties": { "laadpaal_id": "OCM-63982", "aantal_laadpunten": 1, "operator_id": 103.0, "adres": "Pieter Jelles Troelstralaan 54", "buurt_naam": "Onbekend", "stadsdeel": "Onbekend" }, "geometry": { "type": "Point", "coordinates": [ 4.84286198, 52.43168533 ] } },
{ "type": "Feature", "properties": { "laadpaal_id": "OCM-24675", "aantal_laadpunten": 1, "operator_id": 112.0, "adres": "Dominee Nanne Zwiepsingel 2", "buurt_naam": "Onbekend", "stadsdeel": "Onbekend" }, "geometry": { "type": "Point", "coordinates": [ 4.877144899999962, 52.4402752 ] } },
{ "type": "Feature", "properties": { "laadpaal_id": "OCM-37021", "aantal_laadpunten": 1, "operator_id": 73.0, "adres": "Paasheuvelweg 35", "buurt_naam": "Amstel III deel A/B-Zuid", "stadsdeel": "Zuidoost" }, "geometry": { "type": "Point", "coordinates": [ 4.95157, 52.29891 ] } },
{ "type": "Feature", "properties": { "laadpaal_id": "OCM-38019", "aantal_laadpunten": 1, "operator_id": 73.0, "adres": "Australiëhavenweg 21", "buurt_naam": "Amerikahaven", "stadsdeel": "Westpoort" }, "geometry": { "type": "Point", "coordinates": [ 4.79502, 52.4012 ] } },
{ "type": "Feature", "properties": { "laadpaal_id": "OCM-68148", "aantal_laadpunten": 1, "operator_id": 103.0, "adres": "Klaproos 39", "buurt_naam": "Onbekend", "stadsdeel": "Onbekend" }, "geometry": { "type": "Point", "coordinates": [ 4.90485987, 52.29290141 ] } },
{ "type": "Feature", "properties": { "laadpaal_id": "OCM-68200", "aantal_laadpunten": 1, "operator_id": 177.0, "adres": "Eduard Hellendoornstraat", "buurt_naam": "Middelveldsche Akerpolder", "stadsdeel": "Nieuw-West" }, "geometry": { "type": "Point", "coordinates": [ 4.784584, 52.35166 ] } },
{ "type": "Feature", "properties": { "laadpaal_id": "OCM-36984", "aantal_laadpunten": 1, "operator_id": 73.0, "adres": "Nederhoven 62", "buurt_naam": "Onbekend", "stadsdeel": "Onbekend" }, "geometry": { "type": "Point", "coordinates": [ 4.9192, 52.29339 ] } },
{ "type": "Feature", "properties": { "laadpaal_id": "OCM-37119", "aantal_laadpunten": 1, "operator_id": 78.0, "adres": "Gaasperdammerpad", "buurt_naam": "Gaasperpark", "stadsdeel": "Zuidoost" }, "geometry": { "type": "Point", "coordinates": [ 4.986278, 52.311729 ] } },
{ "type": "Feature", "properties": { "laadpaal_id": "OCM-37061", "aantal_laadpunten": 1, "operator_id": 78.0, "adres": "Maldenhof 463", "buurt_naam": "Holendrecht-Oost", "stadsdeel": "Zuidoost" }, "geometry": { "type": "Point", "coordinates": [ 4.969707, 52.303727 ] } },
{ "type": "Feature", "properties": { "laadpaal_id": "OCM-37042", "aantal_laadpunten": 2, "operator_id": 178.0, "adres": "Laan Nieuwer-Amstel", "buurt_naam": "Onbekend", "stadsdeel": "Onbekend" }, "geometry": { "type": "Point", "coordinates": [ 4.844437, 52.301541 ] } },
{ "type": "Feature", "properties": { "laadpaal_id": "OCM-100886", "aantal_laadpunten": 2, "operator_id": 1.0, "adres": "Herwijk 10", "buurt_naam": "Sloterdijk Poort-Noord", "stadsdeel": "Nieuw-West" }, "geometry": { "type": "Point", "coordinates": [ 4.7896188, 52.3962498 ] } },
{ "type": "Feature", "properties": { "laadpaal_id": "OCM-38076", "aantal_laadpunten": 2, "operator_id": 179.0, "adres": "Symon Spiersweg 6", "buurt_naam": "Onbekend", "stadsdeel": "Onbekend" }, "geometry": { "type": "Point", "coordinates": [ 4.823753, 52.425161 ] } },
{ "type": "Feature", "properties": { "laadpaal_id": "OCM-36971", "aantal_laadpunten": 1, "operator_id": 157.0, "adres": "Watersnip 24", "buurt_naam": "Onbekend", "stadsdeel": "Onbekend" }, "geometry": { "type": "Point", "coordinates": [ 4.90769481658935, 52.2919731140137 ] } },
{ "type": "Feature", "properties": { "laadpaal_id": "OCM-37123", "aantal_laadpunten": 1, "operator_id": 162.0, "adres": "Loosdrechtdreef", "buurt_naam": "Gaasperpark", "stadsdeel": "Zuidoost" }, "geometry": { "type": "Point", "coordinates": [ 4.990207, 52.313131 ] } },
{ "type": "Feature", "properties": { "laadpaal_id": "OCM-63874", "aantal_laadpunten": 1, "operator_id": 157.0, "adres": "Laan van de Helende Meesters 6", "buurt_naam": "Onbekend", "stadsdeel": "Onbekend" }, "geometry": { "type": "Point", "coordinates": [ 4.87538695335388, 52.293823430530402 ] } },
{ "type": "Feature", "properties": { "laadpaal_id": "OCM-37118", "aantal_laadpunten": 1, "operator_id": 78.0, "adres": "Nieuwe Meerlaan 3", "buurt_naam": "Onbekend", "stadsdeel": "Onbekend" }, "geometry": { "type": "Point", "coordinates": [ 4.820133, 52.311706 ] } },
{ "type": "Feature", "properties": { "laadpaal_id": "OCM-68191", "aantal_laadpunten": 1, "operator_id": 177.0, "adres": "Toevluchtstraat 51", "buurt_naam": "Onbekend", "stadsdeel": "Onbekend" }, "geometry": { "type": "Point", "coordinates": [ 4.78849, 52.339178 ] } },
{ "type": "Feature", "properties": { "laadpaal_id": "OCM-37393", "aantal_laadpunten": 1, "operator_id": 78.0, "adres": "Vätternkade 77", "buurt_naam": "De Aker-West", "stadsdeel": "Nieuw-West" }, "geometry": { "type": "Point", "coordinates": [ 4.782058, 52.349399 ] } },
{ "type": "Feature", "properties": { "laadpaal_id": "OCM-50979", "aantal_laadpunten": 1, "operator_id": 157.0, "adres": "Provincialeweg 38", "buurt_naam": "Gaasperpark", "stadsdeel": "Zuidoost" }, "geometry": { "type": "Point", "coordinates": [ 4.996354, 52.315449 ] } },
{ "type": "Feature", "properties": { "laadpaal_id": "OCM-38077", "aantal_laadpunten": 1, "operator_id": 73.0, "adres": "Symon Spiersweg 17", "buurt_naam": "Onbekend", "stadsdeel": "Onbekend" }, "geometry": { "type": "Point", "coordinates": [ 4.81958, 52.42452 ] } },
{ "type": "Feature", "properties": { "laadpaal_id": "OCM-36999", "aantal_laadpunten": 1, "operator_id": 162.0, "adres": "Schurenbergweg 5A", "buurt_naam": "Amstel III deel C/D-Zuid", "stadsdeel": "Zuidoost" }, "geometry": { "type": "Point", "coordinates": [ 4.949052, 52.29564 ] } },
{ "type": "Feature", "properties": { "laadpaal_id": "OCM-63871", "aantal_laadpunten": 1, "operator_id": 73.0, "adres": "Laan van de Helende Meesters", "buurt_naam": "Onbekend", "stadsdeel": "Onbekend" }, "geometry": { "type": "Point", "coordinates": [ 4.87305, 52.2927 ] } },
{ "type": "Feature", "properties": { "laadpaal_id": "OCM-43042", "aantal_laadpunten": 2, "operator_id": 179.0, "adres": "Pieter Ghijsenlaan 22", "buurt_naam": "Onbekend", "stadsdeel": "Onbekend" }, "geometry": { "type": "Point", "coordinates": [ 4.823645, 52.427338 ] } },
{ "type": "Feature", "properties": { "laadpaal_id": "OCM-37533", "aantal_laadpunten": 1, "operator_id": 78.0, "adres": "Terpstraat 35", "buurt_naam": "Dijkgraafpleinbuurt", "stadsdeel": "Nieuw-West" }, "geometry": { "type": "Point", "coordinates": [ 4.778595, 52.357127 ] } },
{ "type": "Feature", "properties": { "laadpaal_id": "OCM-68203", "aantal_laadpunten": 1, "operator_id": 177.0, "adres": "M. Gandhilaan 113", "buurt_naam": "Middelveldsche Akerpolder", "stadsdeel": "Nieuw-West" }, "geometry": { "type": "Point", "coordinates": [ 4.779016, 52.354151 ] } },
{ "type": "Feature", "properties": { "laadpaal_id": "OCM-37294", "aantal_laadpunten": 1, "operator_id": 157.0, "adres": "Stevinstraat 18", "buurt_naam": "Onbekend", "stadsdeel": "Onbekend" }, "geometry": { "type": "Point", "coordinates": [ 4.78353977203369, 52.342601776123097 ] } },
{ "type": "Feature", "properties": { "laadpaal_id": "OCM-50963", "aantal_laadpunten": 1, "operator_id": 157.0, "adres": "Rondehoep West 32", "buurt_naam": "Onbekend", "stadsdeel": "Onbekend" }, "geometry": { "type": "Point", "coordinates": [ 4.8889085, 52.2902433 ] } },
{ "type": "Feature", "properties": { "laadpaal_id": "OCM-13516", "aantal_laadpunten": 1, "operator_id": null, "adres": "Schepenbergweg 43", "buurt_naam": "Amstel III deel C/D-Zuid", "stadsdeel": "Zuidoost" }, "geometry": { "type": "Point", "coordinates": [ 4.946344299999964, 52.293778800000013 ] } },
{ "type": "Feature", "properties": { "laadpaal_id": "OCM-68149", "aantal_laadpunten": 1, "operator_id": 103.0, "adres": "Maarten Lutherweg 142", "buurt_naam": "Onbekend", "stadsdeel": "Onbekend" }, "geometry": { "type": "Point", "coordinates": [ 4.8631728, 52.2930857 ] } },
{ "type": "Feature", "properties": { "laadpaal_id": "OCM-37436", "aantal_laadpunten": 1, "operator_id": 78.0, "adres": "Ortler 67", "buurt_naam": "De Aker-West", "stadsdeel": "Nieuw-West" }, "geometry": { "type": "Point", "coordinates": [ 4.775582, 52.351834 ] } },
{ "type": "Feature", "properties": { "laadpaal_id": "OCM-37113", "aantal_laadpunten": 1, "operator_id": 73.0, "adres": "Stationsplein Zuid-West 951", "buurt_naam": "Onbekend", "stadsdeel": "Onbekend" }, "geometry": { "type": "Point", "coordinates": [ 4.81138, 52.31092 ] } },
{ "type": "Feature", "properties": { "laadpaal_id": "OCM-36954", "aantal_laadpunten": 2, "operator_id": 178.0, "adres": "Majella 16", "buurt_naam": "Onbekend", "stadsdeel": "Onbekend" }, "geometry": { "type": "Point", "coordinates": [ 4.872042, 52.289625 ] } },
{ "type": "Feature", "properties": { "laadpaal_id": "OCM-100619", "aantal_laadpunten": 6, "operator_id": 74.0, "adres": "A8", "buurt_naam": "Onbekend", "stadsdeel": "Onbekend" }, "geometry": { "type": "Point", "coordinates": [ 4.855034351348877, 52.442271259231099 ] } },
{ "type": "Feature", "properties": { "laadpaal_id": "OCM-36995", "aantal_laadpunten": 2, "operator_id": 178.0, "adres": "Handweg 103C", "buurt_naam": "Onbekend", "stadsdeel": "Onbekend" }, "geometry": { "type": "Point", "coordinates": [ 4.844381, 52.29518 ] } },
{ "type": "Feature", "properties": { "laadpaal_id": "OCM-37410", "aantal_laadpunten": 1, "operator_id": 78.0, "adres": "Le Tourmalet 12", "buurt_naam": "De Aker-West", "stadsdeel": "Nieuw-West" }, "geometry": { "type": "Point", "coordinates": [ 4.774112, 52.350731 ] } },
{ "type": "Feature", "properties": { "laadpaal_id": "OCM-38124", "aantal_laadpunten": 1, "operator_id": 73.0, "adres": "Jollenmakersweg 34", "buurt_naam": "Onbekend", "stadsdeel": "Onbekend" }, "geometry": { "type": "Point", "coordinates": [ 4.87526, 52.4472 ] } },
{ "type": "Feature", "properties": { "laadpaal_id": "OCM-114034", "aantal_laadpunten": 32, "operator_id": 23.0, "adres": "275 Schipholweg", "buurt_naam": "Onbekend", "stadsdeel": "Onbekend" }, "geometry": { "type": "Point", "coordinates": [ 4.784994, 52.329339 ] } },
{ "type": "Feature", "properties": { "laadpaal_id": "OCM-63911", "aantal_laadpunten": 1, "operator_id": 73.0, "adres": "Loevesteinse Randweg", "buurt_naam": "Onbekend", "stadsdeel": "Onbekend" }, "geometry": { "type": "Point", "coordinates": [ 4.79136, 52.32272 ] } },
{ "type": "Feature", "properties": { "laadpaal_id": "OCM-68182", "aantal_laadpunten": 1, "operator_id": 73.0, "adres": "Schipholweg", "buurt_naam": "Onbekend", "stadsdeel": "Onbekend" }, "geometry": { "type": "Point", "coordinates": [ 4.78924, 52.32409 ] } },
{ "type": "Feature", "properties": { "laadpaal_id": "OCM-38080", "aantal_laadpunten": 1, "operator_id": 157.0, "adres": "Zijtocht 2", "buurt_naam": "Onbekend", "stadsdeel": "Onbekend" }, "geometry": { "type": "Point", "coordinates": [ 4.810783, 52.428076 ] } },
{ "type": "Feature", "properties": { "laadpaal_id": "OCM-68187", "aantal_laadpunten": 1, "operator_id": 177.0, "adres": "Fokkerstraat 20", "buurt_naam": "Onbekend", "stadsdeel": "Onbekend" }, "geometry": { "type": "Point", "coordinates": [ 4.78126, 52.331893 ] } },
{ "type": "Feature", "properties": { "laadpaal_id": "OCM-290266", "aantal_laadpunten": 10, "operator_id": 3504.0, "adres": "Schipholweg 275", "buurt_naam": "Onbekend", "stadsdeel": "Onbekend" }, "geometry": { "type": "Point", "coordinates": [ 4.784033432245337, 52.327975422831031 ] } },
{ "type": "Feature", "properties": { "laadpaal_id": "OCM-68163", "aantal_laadpunten": 1, "operator_id": 177.0, "adres": "Wamelstraat 3", "buurt_naam": "Gein 1", "stadsdeel": "Zuidoost" }, "geometry": { "type": "Point", "coordinates": [ 4.986798, 52.301109 ] } },
{ "type": "Feature", "properties": { "laadpaal_id": "OCM-65721", "aantal_laadpunten": 1, "operator_id": 73.0, "adres": "Zuidtangent", "buurt_naam": "Onbekend", "stadsdeel": "Onbekend" }, "geometry": { "type": "Point", "coordinates": [ 4.78679, 52.32263 ] } },
{ "type": "Feature", "properties": { "laadpaal_id": "OCM-36948", "aantal_laadpunten": 1, "operator_id": 178.0, "adres": "Van der Hooplaan 237", "buurt_naam": "Onbekend", "stadsdeel": "Onbekend" }, "geometry": { "type": "Point", "coordinates": [ 4.853067, 52.288711 ] } },
{ "type": "Feature", "properties": { "laadpaal_id": "OCM-36993", "aantal_laadpunten": 1, "operator_id": 78.0, "adres": "Renooiplein 9", "buurt_naam": "Reigersbos 2", "stadsdeel": "Zuidoost" }, "geometry": { "type": "Point", "coordinates": [ 4.975317, 52.294588 ] } },
{ "type": "Feature", "properties": { "laadpaal_id": "OCM-36986", "aantal_laadpunten": 2, "operator_id": 178.0, "adres": "Noorddammerlaan", "buurt_naam": "Onbekend", "stadsdeel": "Onbekend" }, "geometry": { "type": "Point", "coordinates": [ 4.833962, 52.293618 ] } },
{ "type": "Feature", "properties": { "laadpaal_id": "OCM-9245", "aantal_laadpunten": 1, "operator_id": 1.0, "adres": "Robert Kochstraat 55", "buurt_naam": "Onbekend", "stadsdeel": "Onbekend" }, "geometry": { "type": "Point", "coordinates": [ 4.7707282, 52.3395039 ] } },
{ "type": "Feature", "properties": { "laadpaal_id": "OCM-65747", "aantal_laadpunten": 1, "operator_id": 157.0, "adres": "Provincialeweg 11", "buurt_naam": "Onbekend", "stadsdeel": "Onbekend" }, "geometry": { "type": "Point", "coordinates": [ 4.81606721878052, 52.435344696044901 ] } },
{ "type": "Feature", "properties": { "laadpaal_id": "OCM-37011", "aantal_laadpunten": 1, "operator_id": 78.0, "adres": "Wisseloordplein 10", "buurt_naam": "Gein 1", "stadsdeel": "Zuidoost" }, "geometry": { "type": "Point", "coordinates": [ 4.987696, 52.297601 ] } },
{ "type": "Feature", "properties": { "laadpaal_id": "OCM-41692", "aantal_laadpunten": 1, "operator_id": null, "adres": "A9", "buurt_naam": "Onbekend", "stadsdeel": "Onbekend" }, "geometry": { "type": "Point", "coordinates": [ 4.7688670590651, 52.341145221083003 ] } },
{ "type": "Feature", "properties": { "laadpaal_id": "OCM-36944", "aantal_laadpunten": 2, "operator_id": 178.0, "adres": "Startbaan 10", "buurt_naam": "Onbekend", "stadsdeel": "Onbekend" }, "geometry": { "type": "Point", "coordinates": [ 4.851042, 52.287144 ] } },
{ "type": "Feature", "properties": { "laadpaal_id": "OCM-50293", "aantal_laadpunten": 1, "operator_id": 1.0, "adres": "Bloemendalerweg 43 F", "buurt_naam": "Bedrijventerrein-Noord Weesp", "stadsdeel": "Weesp" }, "geometry": { "type": "Point", "coordinates": [ 5.0234911, 52.3206271 ] } },
{ "type": "Feature", "properties": { "laadpaal_id": "OCM-65730", "aantal_laadpunten": 1, "operator_id": 157.0, "adres": "Melbournestraat", "buurt_naam": "Onbekend", "stadsdeel": "Onbekend" }, "geometry": { "type": "Point", "coordinates": [ 4.7654587, 52.3486993 ] } },
{ "type": "Feature", "properties": { "laadpaal_id": "OCM-38115", "aantal_laadpunten": 1, "operator_id": 178.0, "adres": "Panneroodstraat 346", "buurt_naam": "Onbekend", "stadsdeel": "Onbekend" }, "geometry": { "type": "Point", "coordinates": [ 4.838968, 52.445229 ] } },
{ "type": "Feature", "properties": { "laadpaal_id": "OCM-38106", "aantal_laadpunten": 1, "operator_id": 157.0, "adres": "Czaar Peterstraat 71", "buurt_naam": "Onbekend", "stadsdeel": "Onbekend" }, "geometry": { "type": "Point", "coordinates": [ 4.8191876411438, 52.4378852844238 ] } },
{ "type": "Feature", "properties": { "laadpaal_id": "OCM-456489", "aantal_laadpunten": 1, "operator_id": 3632.0, "adres": "Sloterweg 301", "buurt_naam": "Onbekend", "stadsdeel": "Onbekend" }, "geometry": { "type": "Point", "coordinates": [ 4.771780967712402, 52.334548950195312 ] } },
{ "type": "Feature", "properties": { "laadpaal_id": "OCM-51025", "aantal_laadpunten": 1, "operator_id": 157.0, "adres": "Havenrak 31", "buurt_naam": "Onbekend", "stadsdeel": "Onbekend" }, "geometry": { "type": "Point", "coordinates": [ 4.99543519999997, 52.435085 ] } },
{ "type": "Feature", "properties": { "laadpaal_id": "OCM-50292", "aantal_laadpunten": 1, "operator_id": 47.0, "adres": "Flevolaan 66", "buurt_naam": "Bedrijventerrein-Noord Weesp", "stadsdeel": "Weesp" }, "geometry": { "type": "Point", "coordinates": [ 5.021481799999947, 52.3170527 ] } },
{ "type": "Feature", "properties": { "laadpaal_id": "OCM-63925", "aantal_laadpunten": 1, "operator_id": 73.0, "adres": "Tokyostraat 2", "buurt_naam": "Onbekend", "stadsdeel": "Onbekend" }, "geometry": { "type": "Point", "coordinates": [ 4.76425, 52.34708 ] } },
{ "type": "Feature", "properties": { "laadpaal_id": "OCM-68253", "aantal_laadpunten": 1, "operator_id": 103.0, "adres": "Westzanerdijk", "buurt_naam": "Onbekend", "stadsdeel": "Onbekend" }, "geometry": { "type": "Point", "coordinates": [ 4.8107194, 52.4344855 ] } },
{ "type": "Feature", "properties": { "laadpaal_id": "OCM-49235", "aantal_laadpunten": 1, "operator_id": 73.0, "adres": "Flevolaan 25", "buurt_naam": "Bedrijventerrein-Noord Weesp", "stadsdeel": "Weesp" }, "geometry": { "type": "Point", "coordinates": [ 5.02098950000004, 52.3162783 ] } },
{ "type": "Feature", "properties": { "laadpaal_id": "OCM-68144", "aantal_laadpunten": 1, "operator_id": 103.0, "adres": "Aagje Dekenlaan 51", "buurt_naam": "Onbekend", "stadsdeel": "Onbekend" }, "geometry": { "type": "Point", "coordinates": [ 4.83358, 52.290793 ] } },
{ "type": "Feature", "properties": { "laadpaal_id": "OCM-49234", "aantal_laadpunten": 1, "operator_id": 47.0, "adres": "Bloemendalerweg 25", "buurt_naam": "Bedrijventerrein-Noord Weesp", "stadsdeel": "Weesp" }, "geometry": { "type": "Point", "coordinates": [ 5.0253318, 52.3197249 ] } },
{ "type": "Feature", "properties": { "laadpaal_id": "OCM-49288", "aantal_laadpunten": 1, "operator_id": 47.0, "adres": "Flevolaan 21", "buurt_naam": "Bedrijventerrein-Noord Weesp", "stadsdeel": "Weesp" }, "geometry": { "type": "Point", "coordinates": [ 5.021112799999969, 52.3155596 ] } },
{ "type": "Feature", "properties": { "laadpaal_id": "OCM-63981", "aantal_laadpunten": 1, "operator_id": 73.0, "adres": "Ducaatstraat 42", "buurt_naam": "Onbekend", "stadsdeel": "Onbekend" }, "geometry": { "type": "Point", "coordinates": [ 4.79882, 52.4285 ] } },
{ "type": "Feature", "properties": { "laadpaal_id": "OCM-41688", "aantal_laadpunten": 1, "operator_id": 73.0, "adres": "Driemondweg", "buurt_naam": "Gaasperplas", "stadsdeel": "Zuidoost" }, "geometry": { "type": "Point", "coordinates": [ 5.00552, 52.30421 ] } },
{ "type": "Feature", "properties": { "laadpaal_id": "OCM-49289", "aantal_laadpunten": 1, "operator_id": 47.0, "adres": "Flevolaan 19", "buurt_naam": "Bedrijventerrein-Noord Weesp", "stadsdeel": "Weesp" }, "geometry": { "type": "Point", "coordinates": [ 5.021262400000069, 52.3151916 ] } },
{ "type": "Feature", "properties": { "laadpaal_id": "OCM-68158", "aantal_laadpunten": 1, "operator_id": 177.0, "adres": "Hendrik Hosstraat 48", "buurt_naam": "Gein 3", "stadsdeel": "Zuidoost" }, "geometry": { "type": "Point", "coordinates": [ 4.997398, 52.29955 ] } },
{ "type": "Feature", "properties": { "laadpaal_id": "OCM-37007", "aantal_laadpunten": 1, "operator_id": 157.0, "adres": "Rietwijkeroordweg 64", "buurt_naam": "Onbekend", "stadsdeel": "Onbekend" }, "geometry": { "type": "Point", "coordinates": [ 4.8158897, 52.2969548 ] } },
{ "type": "Feature", "properties": { "laadpaal_id": "OCM-49202", "aantal_laadpunten": 1, "operator_id": 73.0, "adres": "Flevolaan 17", "buurt_naam": "Bedrijventerrein-Noord Weesp", "stadsdeel": "Weesp" }, "geometry": { "type": "Point", "coordinates": [ 5.02125019999994, 52.3148949 ] } },
{ "type": "Feature", "properties": { "laadpaal_id": "OCM-212423", "aantal_laadpunten": 2, "operator_id": 3504.0, "adres": "Zeemansstraat 21", "buurt_naam": "Onbekend", "stadsdeel": "Onbekend" }, "geometry": { "type": "Point", "coordinates": [ 4.821080344094412, 52.440784547014516 ] } },
{ "type": "Feature", "properties": { "laadpaal_id": "OCM-68255", "aantal_laadpunten": 1, "operator_id": 103.0, "adres": "Pieter Lakplantsoen 29", "buurt_naam": "Onbekend", "stadsdeel": "Onbekend" }, "geometry": { "type": "Point", "coordinates": [ 4.83113, 52.44476 ] } },
{ "type": "Feature", "properties": { "laadpaal_id": "OCM-38109", "aantal_laadpunten": 1, "operator_id": 73.0, "adres": "Ankersmidplein 2", "buurt_naam": "Onbekend", "stadsdeel": "Onbekend" }, "geometry": { "type": "Point", "coordinates": [ 4.8170538, 52.4391426 ] } },
{ "type": "Feature", "properties": { "laadpaal_id": "OCM-49209", "aantal_laadpunten": 1, "operator_id": 73.0, "adres": "Pampuslaan 228", "buurt_naam": "Bedrijventerrein-Noord Weesp", "stadsdeel": "Weesp" }, "geometry": { "type": "Point", "coordinates": [ 5.02668039147112, 52.319250952046097 ] } },
{ "type": "Feature", "properties": { "laadpaal_id": "OCM-68140", "aantal_laadpunten": 1, "operator_id": 103.0, "adres": "Turfschip 90B", "buurt_naam": "Onbekend", "stadsdeel": "Onbekend" }, "geometry": { "type": "Point", "coordinates": [ 4.866983, 52.28088458 ] } },
{ "type": "Feature", "properties": { "laadpaal_id": "OCM-38107", "aantal_laadpunten": 1, "operator_id": 178.0, "adres": "Ebbehout 31", "buurt_naam": "Onbekend", "stadsdeel": "Onbekend" }, "geometry": { "type": "Point", "coordinates": [ 4.812681, 52.438257 ] } },
{ "type": "Feature", "properties": { "laadpaal_id": "OCM-49232", "aantal_laadpunten": 1, "operator_id": 45.0, "adres": "Gemeenschapspolderweg 36", "buurt_naam": "Bedrijventerrein-Noord Weesp", "stadsdeel": "Weesp" }, "geometry": { "type": "Point", "coordinates": [ 5.02257770000006, 52.3139733 ] } },
{ "type": "Feature", "properties": { "laadpaal_id": "OCM-37008", "aantal_laadpunten": 1, "operator_id": 78.0, "adres": "Jan Nautahof 2", "buurt_naam": "Gein 3", "stadsdeel": "Zuidoost" }, "geometry": { "type": "Point", "coordinates": [ 4.995891, 52.297095 ] } },
{ "type": "Feature", "properties": { "laadpaal_id": "OCM-49210", "aantal_laadpunten": 1, "operator_id": 73.0, "adres": "Hogeweyselaan 235", "buurt_naam": "Bedrijventerrein-Noord Weesp", "stadsdeel": "Weesp" }, "geometry": { "type": "Point", "coordinates": [ 5.02869729999998, 52.3188813 ] } },
{ "type": "Feature", "properties": { "laadpaal_id": "OCM-50291", "aantal_laadpunten": 1, "operator_id": 1.0, "adres": "Hogeweyselaan 215", "buurt_naam": "Bedrijventerrein-Noord Weesp", "stadsdeel": "Weesp" }, "geometry": { "type": "Point", "coordinates": [ 5.027476356483458, 52.317401295990287 ] } },
{ "type": "Feature", "properties": { "laadpaal_id": "OCM-49233", "aantal_laadpunten": 1, "operator_id": 45.0, "adres": "Ambachtstraat 12", "buurt_naam": "Bedrijventerrein-Noord Weesp", "stadsdeel": "Weesp" }, "geometry": { "type": "Point", "coordinates": [ 5.02339719999998, 52.3134093 ] } },
{ "type": "Feature", "properties": { "laadpaal_id": "OCM-68145", "aantal_laadpunten": 1, "operator_id": 177.0, "adres": "Wethouder Driessenstraat 116", "buurt_naam": "Gein 4", "stadsdeel": "Zuidoost" }, "geometry": { "type": "Point", "coordinates": [ 4.985423, 52.291346 ] } },
{ "type": "Feature", "properties": { "laadpaal_id": "OCM-37167", "aantal_laadpunten": 1, "operator_id": 73.0, "adres": "Zuidtangent", "buurt_naam": "Onbekend", "stadsdeel": "Onbekend" }, "geometry": { "type": "Point", "coordinates": [ 4.77459, 52.32231 ] } },
{ "type": "Feature", "properties": { "laadpaal_id": "OCM-43020", "aantal_laadpunten": 1, "operator_id": 73.0, "adres": "Schinkeldijkje 2", "buurt_naam": "Onbekend", "stadsdeel": "Onbekend" }, "geometry": { "type": "Point", "coordinates": [ 4.82069, 52.29154 ] } },
{ "type": "Feature", "properties": { "laadpaal_id": "OCM-37072", "aantal_laadpunten": 1, "operator_id": 78.0, "adres": "Lange Stammerdijk 9D", "buurt_naam": "Dorp Driemond", "stadsdeel": "Weesp" }, "geometry": { "type": "Point", "coordinates": [ 5.013636, 52.305108 ] } },
{ "type": "Feature", "properties": { "laadpaal_id": "OCM-68146", "aantal_laadpunten": 1, "operator_id": 177.0, "adres": "Wethouder Ramstraat 24", "buurt_naam": "Gein 4", "stadsdeel": "Zuidoost" }, "geometry": { "type": "Point", "coordinates": [ 4.990334, 52.292598 ] } },
{ "type": "Feature", "properties": { "laadpaal_id": "OCM-68150", "aantal_laadpunten": 1, "operator_id": 177.0, "adres": "Bierdijk", "buurt_naam": "Gein 4", "stadsdeel": "Zuidoost" }, "geometry": { "type": "Point", "coordinates": [ 4.993384, 52.293526 ] } },
{ "type": "Feature", "properties": { "laadpaal_id": "OCM-37134", "aantal_laadpunten": 2, "operator_id": 47.0, "adres": "Hogeweyselaan 165", "buurt_naam": "Bedrijventerrein-Noord Weesp", "stadsdeel": "Weesp" }, "geometry": { "type": "Point", "coordinates": [ 5.027017800000067, 52.3143824 ] } },
{ "type": "Feature", "properties": { "laadpaal_id": "OCM-49212", "aantal_laadpunten": 3, "operator_id": 73.0, "adres": "Pampuslaan 104", "buurt_naam": "Bedrijventerrein-Noord Weesp", "stadsdeel": "Weesp" }, "geometry": { "type": "Point", "coordinates": [ 5.025227, 52.3127861 ] } },
{ "type": "Feature", "properties": { "laadpaal_id": "OCM-49213", "aantal_laadpunten": 1, "operator_id": 197.0, "adres": "Pampuslaan 79", "buurt_naam": "Bedrijventerrein-Noord Weesp", "stadsdeel": "Weesp" }, "geometry": { "type": "Point", "coordinates": [ 5.02486269999997, 52.3122088 ] } },
{ "type": "Feature", "properties": { "laadpaal_id": "OCM-36917", "aantal_laadpunten": 2, "operator_id": 178.0, "adres": "Jupiter 81", "buurt_naam": "Onbekend", "stadsdeel": "Onbekend" }, "geometry": { "type": "Point", "coordinates": [ 4.853135, 52.279803 ] } },
{ "type": "Feature", "properties": { "laadpaal_id": "OCM-51413", "aantal_laadpunten": 1, "operator_id": 47.0, "adres": "Hogeweyselaan 101", "buurt_naam": "Bedrijventerrein-Noord Weesp", "stadsdeel": "Weesp" }, "geometry": { "type": "Point", "coordinates": [ 5.027048700000023, 52.3123782 ] } },
{ "type": "Feature", "properties": { "laadpaal_id": "OCM-68177", "aantal_laadpunten": 1, "operator_id": 73.0, "adres": "Zuidtangent", "buurt_naam": "Onbekend", "stadsdeel": "Onbekend" }, "geometry": { "type": "Point", "coordinates": [ 4.77419, 52.31846 ] } },
{ "type": "Feature", "properties": { "laadpaal_id": "OCM-49208", "aantal_laadpunten": 2, "operator_id": 73.0, "adres": "Keurstraat", "buurt_naam": "Bedrijventerrein-Noord Weesp", "stadsdeel": "Weesp" }, "geometry": { "type": "Point", "coordinates": [ 5.02640943505709, 52.311476200105801 ] } },
{ "type": "Feature", "properties": { "laadpaal_id": "OCM-68143", "aantal_laadpunten": 1, "operator_id": 103.0, "adres": "Groenendaal 29", "buurt_naam": "Onbekend", "stadsdeel": "Onbekend" }, "geometry": { "type": "Point", "coordinates": [ 4.826893, 52.2868631 ] } },
{ "type": "Feature", "properties": { "laadpaal_id": "OCM-68136", "aantal_laadpunten": 1, "operator_id": 103.0, "adres": "Stuwdam 13", "buurt_naam": "Onbekend", "stadsdeel": "Onbekend" }, "geometry": { "type": "Point", "coordinates": [ 4.866314, 52.2766699 ] } },
{ "type": "Feature", "properties": { "laadpaal_id": "OCM-68230", "aantal_laadpunten": 1, "operator_id": 177.0, "adres": "Dennenlaan 14", "buurt_naam": "Onbekend", "stadsdeel": "Onbekend" }, "geometry": { "type": "Point", "coordinates": [ 4.751577, 52.379488 ] } },
{ "type": "Feature", "properties": { "laadpaal_id": "OCM-37116", "aantal_laadpunten": 1, "operator_id": 178.0, "adres": "Hogeweyselaan 73", "buurt_naam": "Hogewey-Midden", "stadsdeel": "Weesp" }, "geometry": { "type": "Point", "coordinates": [ 5.027396, 52.311516 ] } },
{ "type": "Feature", "properties": { "laadpaal_id": "OCM-37789", "aantal_laadpunten": 1, "operator_id": 178.0, "adres": "Essenlaan 64", "buurt_naam": "Onbekend", "stadsdeel": "Onbekend" }, "geometry": { "type": "Point", "coordinates": [ 4.750172, 52.374504 ] } },
{ "type": "Feature", "properties": { "laadpaal_id": "OCM-68141", "aantal_laadpunten": 2, "operator_id": null, "adres": "Pletterij 2", "buurt_naam": "Onbekend", "stadsdeel": "Onbekend" }, "geometry": { "type": "Point", "coordinates": [ 4.838218, 52.282128 ] } },
{ "type": "Feature", "properties": { "laadpaal_id": "OCM-456491", "aantal_laadpunten": 1, "operator_id": 3632.0, "adres": "Olmenlaan 52", "buurt_naam": "Onbekend", "stadsdeel": "Onbekend" }, "geometry": { "type": "Point", "coordinates": [ 4.749892234802246, 52.375648498535156 ] } },
{ "type": "Feature", "properties": { "laadpaal_id": "OCM-68257", "aantal_laadpunten": 1, "operator_id": 103.0, "adres": "Kopermolenstraat 61A", "buurt_naam": "Onbekend", "stadsdeel": "Onbekend" }, "geometry": { "type": "Point", "coordinates": [ 4.826615, 52.449483 ] } },
{ "type": "Feature", "properties": { "laadpaal_id": "OCM-65712", "aantal_laadpunten": 1, "operator_id": 73.0, "adres": "Rijnkade 8", "buurt_naam": "Bedrijventerrein-Noord Weesp", "stadsdeel": "Weesp" }, "geometry": { "type": "Point", "coordinates": [ 5.02144, 52.30595 ] } },
{ "type": "Feature", "properties": { "laadpaal_id": "OCM-65710", "aantal_laadpunten": 1, "operator_id": 73.0, "adres": "Amsterdam-Bataviaweg", "buurt_naam": "Onbekend", "stadsdeel": "Onbekend" }, "geometry": { "type": "Point", "coordinates": [ 4.79475, 52.30065 ] } },
{ "type": "Feature", "properties": { "laadpaal_id": "OCM-68137", "aantal_laadpunten": 1, "operator_id": 103.0, "adres": "Schoener 110", "buurt_naam": "Onbekend", "stadsdeel": "Onbekend" }, "geometry": { "type": "Point", "coordinates": [ 4.855932, 52.2770304 ] } },
{ "type": "Feature", "properties": { "laadpaal_id": "OCM-44764", "aantal_laadpunten": 2, "operator_id": 179.0, "adres": "Zuiderweg", "buurt_naam": "Onbekend", "stadsdeel": "Onbekend" }, "geometry": { "type": "Point", "coordinates": [ 4.753948, 52.395857 ] } },
{ "type": "Feature", "properties": { "laadpaal_id": "OCM-37359", "aantal_laadpunten": 1, "operator_id": 157.0, "adres": "Schipholweg 645", "buurt_naam": "Onbekend", "stadsdeel": "Onbekend" }, "geometry": { "type": "Point", "coordinates": [ 4.75012016296387, 52.347099304199197 ] } },
{ "type": "Feature", "properties": { "laadpaal_id": "OCM-63857", "aantal_laadpunten": 1, "operator_id": 103.0, "adres": "Luttickduin 56B", "buurt_naam": "Onbekend", "stadsdeel": "Onbekend" }, "geometry": { "type": "Point", "coordinates": [ 4.82321796, 52.28495978 ] } },
{ "type": "Feature", "properties": { "laadpaal_id": "OCM-36952", "aantal_laadpunten": 1, "operator_id": 178.0, "adres": "Oosteinderweg 493", "buurt_naam": "Onbekend", "stadsdeel": "Onbekend" }, "geometry": { "type": "Point", "coordinates": [ 4.811752, 52.289247 ] } },
{ "type": "Feature", "properties": { "laadpaal_id": "OCM-51595", "aantal_laadpunten": 1, "operator_id": 73.0, "adres": "C. van Drosthagenstraat 19", "buurt_naam": "Hogewey-Zuid", "stadsdeel": "Weesp" }, "geometry": { "type": "Point", "coordinates": [ 5.030538500000034, 52.3087667 ] } },
{ "type": "Feature", "properties": { "laadpaal_id": "OCM-63973", "aantal_laadpunten": 2, "operator_id": null, "adres": "Oceanenweg 1", "buurt_naam": "Amerikahaven", "stadsdeel": "Westpoort" }, "geometry": { "type": "Point", "coordinates": [ 4.75966, 52.409634 ] } },
{ "type": "Feature", "properties": { "laadpaal_id": "OCM-37893", "aantal_laadpunten": 2, "operator_id": 178.0, "adres": "Matthijs Sterklaan 25", "buurt_naam": "Onbekend", "stadsdeel": "Onbekend" }, "geometry": { "type": "Point", "coordinates": [ 4.743808, 52.382807 ] } },
{ "type": "Feature", "properties": { "laadpaal_id": "OCM-36912", "aantal_laadpunten": 1, "operator_id": 157.0, "adres": "Haagwinde 85", "buurt_naam": "Onbekend", "stadsdeel": "Onbekend" }, "geometry": { "type": "Point", "coordinates": [ 4.97210216522217, 52.277702331542997 ] } },
{ "type": "Feature", "properties": { "laadpaal_id": "OCM-63846", "aantal_laadpunten": 2, "operator_id": 157.0, "adres": "Bovenkerkerweg 83", "buurt_naam": "Onbekend", "stadsdeel": "Onbekend" }, "geometry": { "type": "Point", "coordinates": [ 4.83704869999997, 52.2774213 ] } },
{ "type": "Feature", "properties": { "laadpaal_id": "OCM-50953", "aantal_laadpunten": 1, "operator_id": 157.0, "adres": "Ringdijk Bovenkerker Polder 11A", "buurt_naam": "Onbekend", "stadsdeel": "Onbekend" }, "geometry": { "type": "Point", "coordinates": [ 4.8656273, 52.270729 ] } },
{ "type": "Feature", "properties": { "laadpaal_id": "OCM-68254", "aantal_laadpunten": 1, "operator_id": 177.0, "adres": "Caro van Eyckstraat", "buurt_naam": "Onbekend", "stadsdeel": "Onbekend" }, "geometry": { "type": "Point", "coordinates": [ 4.800292, 52.444598 ] } },
{ "type": "Feature", "properties": { "laadpaal_id": "OCM-51594", "aantal_laadpunten": 1, "operator_id": 73.0, "adres": "Van Houten Industriepark", "buurt_naam": "Bedrijventerrein Van Houten", "stadsdeel": "Weesp" }, "geometry": { "type": "Point", "coordinates": [ 5.030691708984349, 52.303765102415802 ] } },
{ "type": "Feature", "properties": { "laadpaal_id": "OCM-38128", "aantal_laadpunten": 1, "operator_id": 73.0, "adres": "Westzijde 354", "buurt_naam": "Onbekend", "stadsdeel": "Onbekend" }, "geometry": { "type": "Point", "coordinates": [ 4.81589, 52.4523 ] } },
{ "type": "Feature", "properties": { "laadpaal_id": "OCM-51659", "aantal_laadpunten": 1, "operator_id": 47.0, "adres": "Leeuwenveldseweg 16", "buurt_naam": "Leeuwenveld", "stadsdeel": "Weesp" }, "geometry": { "type": "Point", "coordinates": [ 5.043078199999968, 52.3140976 ] } },
{ "type": "Feature", "properties": { "laadpaal_id": "OCM-38058", "aantal_laadpunten": 1, "operator_id": 73.0, "adres": "Latexweg", "buurt_naam": "Amerikahaven", "stadsdeel": "Westpoort" }, "geometry": { "type": "Point", "coordinates": [ 4.75728, 52.41286 ] } },
{ "type": "Feature", "properties": { "laadpaal_id": "OCM-51596", "aantal_laadpunten": 1, "operator_id": 45.0, "adres": "van Houten Industriepark 1", "buurt_naam": "Bedrijventerrein Van Houten", "stadsdeel": "Weesp" }, "geometry": { "type": "Point", "coordinates": [ 5.035085384655758, 52.306656841096348 ] } },
{ "type": "Feature", "properties": { "laadpaal_id": "OCM-51658", "aantal_laadpunten": 1, "operator_id": 47.0, "adres": "Leeuwenveldseweg 12", "buurt_naam": "Leeuwenveld", "stadsdeel": "Weesp" }, "geometry": { "type": "Point", "coordinates": [ 5.044225800000049, 52.3136156 ] } },
{ "type": "Feature", "properties": { "laadpaal_id": "OCM-43023", "aantal_laadpunten": 1, "operator_id": 73.0, "adres": "Van Houten Industriepark 25", "buurt_naam": "Bedrijventerrein Van Houten", "stadsdeel": "Weesp" }, "geometry": { "type": "Point", "coordinates": [ 5.03507070985642, 52.305545418817402 ] } },
{ "type": "Feature", "properties": { "laadpaal_id": "OCM-51593", "aantal_laadpunten": 1, "operator_id": 45.0, "adres": "Van Houten Industriepark 25", "buurt_naam": "Bedrijventerrein Van Houten", "stadsdeel": "Weesp" }, "geometry": { "type": "Point", "coordinates": [ 5.03486686197129, 52.305302692538298 ] } },
{ "type": "Feature", "properties": { "laadpaal_id": "OCM-63983", "aantal_laadpunten": 2, "operator_id": 179.0, "adres": "Kleine Steng", "buurt_naam": "Onbekend", "stadsdeel": "Onbekend" }, "geometry": { "type": "Point", "coordinates": [ 4.774645, 52.431744 ] } },
{ "type": "Feature", "properties": { "laadpaal_id": "OCM-40872", "aantal_laadpunten": 1, "operator_id": 73.0, "adres": "Langeweide", "buurt_naam": "Onbekend", "stadsdeel": "Onbekend" }, "geometry": { "type": "Point", "coordinates": [ 4.80253, 52.44835 ] } },
{ "type": "Feature", "properties": { "laadpaal_id": "OCM-63849", "aantal_laadpunten": 1, "operator_id": 103.0, "adres": "Westhove 242", "buurt_naam": "Onbekend", "stadsdeel": "Onbekend" }, "geometry": { "type": "Point", "coordinates": [ 4.81844019, 52.279937 ] } },
{ "type": "Feature", "properties": { "laadpaal_id": "OCM-36898", "aantal_laadpunten": 2, "operator_id": 178.0, "adres": "Tamarindelaan 16", "buurt_naam": "Onbekend", "stadsdeel": "Onbekend" }, "geometry": { "type": "Point", "coordinates": [ 4.833105, 52.274158 ] } },
{ "type": "Feature", "properties": { "laadpaal_id": "OCM-65706", "aantal_laadpunten": 1, "operator_id": 157.0, "adres": "Fokkerweg", "buurt_naam": "Onbekend", "stadsdeel": "Onbekend" }, "geometry": { "type": "Point", "coordinates": [ 4.7883227, 52.2924308 ] } },
{ "type": "Feature", "properties": { "laadpaal_id": "OCM-36890", "aantal_laadpunten": 2, "operator_id": 178.0, "adres": "Tamarindelaan 51", "buurt_naam": "Onbekend", "stadsdeel": "Onbekend" }, "geometry": { "type": "Point", "coordinates": [ 4.832718, 52.272852 ] } },
{ "type": "Feature", "properties": { "laadpaal_id": "OCM-37090", "aantal_laadpunten": 2, "operator_id": 178.0, "adres": "Oudegracht 65", "buurt_naam": "Weesp Centrum", "stadsdeel": "Weesp" }, "geometry": { "type": "Point", "coordinates": [ 5.042438, 52.306319 ] } },
{ "type": "Feature", "properties": { "laadpaal_id": "OCM-51006", "aantal_laadpunten": 1, "operator_id": 73.0, "adres": "Weerenweg 19", "buurt_naam": "Onbekend", "stadsdeel": "Onbekend" }, "geometry": { "type": "Point", "coordinates": [ 4.7351, 52.38415 ] } },
{ "type": "Feature", "properties": { "laadpaal_id": "OCM-36894", "aantal_laadpunten": 2, "operator_id": 178.0, "adres": "Louis Couperussingel 15", "buurt_naam": "Onbekend", "stadsdeel": "Onbekend" }, "geometry": { "type": "Point", "coordinates": [ 4.826987, 52.273908 ] } },
{ "type": "Feature", "properties": { "laadpaal_id": "OCM-36875", "aantal_laadpunten": 1, "operator_id": 157.0, "adres": "Vennicxstraat 28A", "buurt_naam": "Onbekend", "stadsdeel": "Onbekend" }, "geometry": { "type": "Point", "coordinates": [ 4.96904989999996, 52.2704031 ] } },
{ "type": "Feature", "properties": { "laadpaal_id": "OCM-49207", "aantal_laadpunten": 1, "operator_id": 179.0, "adres": "Ossenmarkt", "buurt_naam": "Weesp Centrum", "stadsdeel": "Weesp" }, "geometry": { "type": "Point", "coordinates": [ 5.0454471589302, 52.307220376797197 ] } },
{ "type": "Feature", "properties": { "laadpaal_id": "OCM-37211", "aantal_laadpunten": 2, "operator_id": 178.0, "adres": "Weesperweg 2a", "buurt_naam": "Onbekend", "stadsdeel": "Onbekend" }, "geometry": { "type": "Point", "coordinates": [ 5.06542, 52.330229 ] } },
{ "type": "Feature", "properties": { "laadpaal_id": "OCM-68229", "aantal_laadpunten": 1, "operator_id": 177.0, "adres": "Midswaard 52", "buurt_naam": "Onbekend", "stadsdeel": "Onbekend" }, "geometry": { "type": "Point", "coordinates": [ 4.731651, 52.377643 ] } },
{ "type": "Feature", "properties": { "laadpaal_id": "OCM-36881", "aantal_laadpunten": 2, "operator_id": 178.0, "adres": "'t Markvelt", "buurt_naam": "Onbekend", "stadsdeel": "Onbekend" }, "geometry": { "type": "Point", "coordinates": [ 4.974597, 52.271004 ] } },
{ "type": "Feature", "properties": { "laadpaal_id": "OCM-36874", "aantal_laadpunten": 1, "operator_id": 73.0, "adres": "'t Markvelt 8", "buurt_naam": "Onbekend", "stadsdeel": "Onbekend" }, "geometry": { "type": "Point", "coordinates": [ 4.97641, 52.27054 ] } },
{ "type": "Feature", "properties": { "laadpaal_id": "OCM-38152", "aantal_laadpunten": 1, "operator_id": 178.0, "adres": "Jonkerplantsoen 7", "buurt_naam": "Onbekend", "stadsdeel": "Onbekend" }, "geometry": { "type": "Point", "coordinates": [ 4.815903, 52.459919 ] } },
{ "type": "Feature", "properties": { "laadpaal_id": "OCM-125565", "aantal_laadpunten": 1, "operator_id": 38.0, "adres": "Doctor H.G. Scholtenstraat 5A", "buurt_naam": "Onbekend", "stadsdeel": "Onbekend" }, "geometry": { "type": "Point", "coordinates": [ 4.817797, 52.460983 ] } },
{ "type": "Feature", "properties": { "laadpaal_id": "OCM-63835", "aantal_laadpunten": 1, "operator_id": 103.0, "adres": "Koppeldijk 5", "buurt_naam": "Onbekend", "stadsdeel": "Onbekend" }, "geometry": { "type": "Point", "coordinates": [ 4.97390608, 52.26918038 ] } },
{ "type": "Feature", "properties": { "laadpaal_id": "OCM-37075", "aantal_laadpunten": 1, "operator_id": 73.0, "adres": "Havenmeesterweg", "buurt_naam": "Onbekend", "stadsdeel": "Onbekend" }, "geometry": { "type": "Point", "coordinates": [ 4.7595, 52.30533 ] } },
{ "type": "Feature", "properties": { "laadpaal_id": "OCM-38173", "aantal_laadpunten": 1, "operator_id": 178.0, "adres": "Drielse Wetering", "buurt_naam": "Onbekend", "stadsdeel": "Onbekend" }, "geometry": { "type": "Point", "coordinates": [ 4.836326, 52.467913 ] } },
{ "type": "Feature", "properties": { "laadpaal_id": "OCM-63914", "aantal_laadpunten": 1, "operator_id": 103.0, "adres": "Kazernestraat 14b", "buurt_naam": "Onbekend", "stadsdeel": "Onbekend" }, "geometry": { "type": "Point", "coordinates": [ 5.07139636, 52.33099089 ] } },
{ "type": "Feature", "properties": { "laadpaal_id": "OCM-37092", "aantal_laadpunten": 1, "operator_id": 73.0, "adres": "Schiphol Boulevard 701", "buurt_naam": "Onbekend", "stadsdeel": "Onbekend" }, "geometry": { "type": "Point", "coordinates": [ 4.75668, 52.30665 ] } },
{ "type": "Feature", "properties": { "laadpaal_id": "OCM-63844", "aantal_laadpunten": 1, "operator_id": 103.0, "adres": "Snoekbaarsstraat 78", "buurt_naam": "Onbekend", "stadsdeel": "Onbekend" }, "geometry": { "type": "Point", "coordinates": [ 4.80534283, 52.27639193 ] } },
{ "type": "Feature", "properties": { "laadpaal_id": "OCM-36863", "aantal_laadpunten": 1, "operator_id": 73.0, "adres": "Angsteloord 74", "buurt_naam": "Onbekend", "stadsdeel": "Onbekend" }, "geometry": { "type": "Point", "coordinates": [ 4.97933, 52.26785 ] } },
{ "type": "Feature", "properties": { "laadpaal_id": "OCM-37193", "aantal_laadpunten": 2, "operator_id": 178.0, "adres": "Nooit Gedacht 46", "buurt_naam": "Onbekend", "stadsdeel": "Onbekend" }, "geometry": { "type": "Point", "coordinates": [ 5.071602, 52.326208 ] } },
{ "type": "Feature", "properties": { "laadpaal_id": "OCM-50954", "aantal_laadpunten": 1, "operator_id": 73.0, "adres": "Noorddammerweg", "buurt_naam": "Onbekend", "stadsdeel": "Onbekend" }, "geometry": { "type": "Point", "coordinates": [ 4.81188, 52.27187 ] } },
{ "type": "Feature", "properties": { "laadpaal_id": "OCM-38154", "aantal_laadpunten": 2, "operator_id": 178.0, "adres": "Glazenmakersveld 69", "buurt_naam": "Onbekend", "stadsdeel": "Onbekend" }, "geometry": { "type": "Point", "coordinates": [ 4.801789, 52.461053 ] } },
{ "type": "Feature", "properties": { "laadpaal_id": "OCM-63997", "aantal_laadpunten": 1, "operator_id": 103.0, "adres": "Kalf 132", "buurt_naam": "Onbekend", "stadsdeel": "Onbekend" }, "geometry": { "type": "Point", "coordinates": [ 4.82728542, 52.46984649 ] } },
{ "type": "Feature", "properties": { "laadpaal_id": "OCM-9125", "aantal_laadpunten": 2, "operator_id": 1.0, "adres": "WESTELIJKE RANDWEG 1 ", "buurt_naam": "Onbekend", "stadsdeel": "Onbekend" }, "geometry": { "type": "Point", "coordinates": [ 4.751660824254946, 52.303958424020102 ] } },
{ "type": "Feature", "properties": { "laadpaal_id": "OCM-65749", "aantal_laadpunten": 1, "operator_id": 103.0, "adres": "Knosterveld 1", "buurt_naam": "Onbekend", "stadsdeel": "Onbekend" }, "geometry": { "type": "Point", "coordinates": [ 4.7990013, 52.4621355 ] } },
{ "type": "Feature", "properties": { "laadpaal_id": "OCM-65704", "aantal_laadpunten": 1, "operator_id": 73.0, "adres": "Reykjavikweg", "buurt_naam": "Onbekend", "stadsdeel": "Onbekend" }, "geometry": { "type": "Point", "coordinates": [ 4.76729, 52.28954 ] } },
{ "type": "Feature", "properties": { "laadpaal_id": "OCM-53885", "aantal_laadpunten": 1, "operator_id": 157.0, "adres": "Aalsmeerderweg 203", "buurt_naam": "Onbekend", "stadsdeel": "Onbekend" }, "geometry": { "type": "Point", "coordinates": [ 4.7883703, 52.2774903 ] } },
{ "type": "Feature", "properties": { "laadpaal_id": "OCM-68258", "aantal_laadpunten": 1, "operator_id": 103.0, "adres": "De Wildeman", "buurt_naam": "Onbekend", "stadsdeel": "Onbekend" }, "geometry": { "type": "Point", "coordinates": [ 4.79448, 52.4607 ] } },
{ "type": "Feature", "properties": { "laadpaal_id": "OCM-53890", "aantal_laadpunten": 1, "operator_id": 73.0, "adres": "Folkstoneweg", "buurt_naam": "Onbekend", "stadsdeel": "Onbekend" }, "geometry": { "type": "Point", "coordinates": [ 4.76103, 52.29175 ] } },
{ "type": "Feature", "properties": { "laadpaal_id": "OCM-132387", "aantal_laadpunten": 8, "operator_id": 74.0, "adres": "Honswijck A1", "buurt_naam": "Onbekend", "stadsdeel": "Onbekend" }, "geometry": { "type": "Point", "coordinates": [ 5.077603571033933, 52.319882229346803 ] } },
{ "type": "Feature", "properties": { "laadpaal_id": "OCM-50957", "aantal_laadpunten": 2, "operator_id": 179.0, "adres": "Capronilaan 1", "buurt_naam": "Onbekend", "stadsdeel": "Onbekend" }, "geometry": { "type": "Point", "coordinates": [ 4.773403, 52.282922 ] } },
{ "type": "Feature", "properties": { "laadpaal_id": "OCM-63956", "aantal_laadpunten": 1, "operator_id": 73.0, "adres": "Haarlemmerstraatweg 149b", "buurt_naam": "Onbekend", "stadsdeel": "Onbekend" }, "geometry": { "type": "Point", "coordinates": [ 4.71474, 52.38433 ] } },
{ "type": "Feature", "properties": { "laadpaal_id": "OCM-38188", "aantal_laadpunten": 1, "operator_id": 157.0, "adres": "Kraaienpad 1", "buurt_naam": "Onbekend", "stadsdeel": "Onbekend" }, "geometry": { "type": "Point", "coordinates": [ 4.8207106590271, 52.472873687744098 ] } },
{ "type": "Feature", "properties": { "laadpaal_id": "OCM-63955", "aantal_laadpunten": 1, "operator_id": 73.0, "adres": "Haarlemmerstraatweg 149a", "buurt_naam": "Onbekend", "stadsdeel": "Onbekend" }, "geometry": { "type": "Point", "coordinates": [ 4.71461, 52.38465 ] } },
{ "type": "Feature", "properties": { "laadpaal_id": "OCM-65705", "aantal_laadpunten": 1, "operator_id": 73.0, "adres": "Folkstoneweg 100", "buurt_naam": "Onbekend", "stadsdeel": "Onbekend" }, "geometry": { "type": "Point", "coordinates": [ 4.75788, 52.29191 ] } },
{ "type": "Feature", "properties": { "laadpaal_id": "OCM-456492", "aantal_laadpunten": 1, "operator_id": 3632.0, "adres": "Kanaaldijk 33", "buurt_naam": "Onbekend", "stadsdeel": "Onbekend" }, "geometry": { "type": "Point", "coordinates": [ 4.750866413116455, 52.438163757324219 ] } },
{ "type": "Feature", "properties": { "laadpaal_id": "OCM-50959", "aantal_laadpunten": 2, "operator_id": 179.0, "adres": "Capronilaan 2", "buurt_naam": "Onbekend", "stadsdeel": "Onbekend" }, "geometry": { "type": "Point", "coordinates": [ 4.772703, 52.281555 ] } },
{ "type": "Feature", "properties": { "laadpaal_id": "OCM-133376", "aantal_laadpunten": 4, "operator_id": 74.0, "adres": "De Hackelaar A1", "buurt_naam": "Onbekend", "stadsdeel": "Onbekend" }, "geometry": { "type": "Point", "coordinates": [ 5.084432053024898, 52.322068974177654 ] } },
{ "type": "Feature", "properties": { "laadpaal_id": "OCM-51022", "aantal_laadpunten": 2, "operator_id": 179.0, "adres": "Zeedijk", "buurt_naam": "Onbekend", "stadsdeel": "Onbekend" }, "geometry": { "type": "Point", "coordinates": [ 5.07304, 52.428167 ] } },
{ "type": "Feature", "properties": { "laadpaal_id": "OCM-38183", "aantal_laadpunten": 2, "operator_id": 178.0, "adres": "Parklaan 36", "buurt_naam": "Onbekend", "stadsdeel": "Onbekend" }, "geometry": { "type": "Point", "coordinates": [ 4.805593, 52.471366 ] } },
{ "type": "Feature", "properties": { "laadpaal_id": "OCM-63993", "aantal_laadpunten": 1, "operator_id": 103.0, "adres": "Swaensborch 1", "buurt_naam": "Onbekend", "stadsdeel": "Onbekend" }, "geometry": { "type": "Point", "coordinates": [ 5.03695, 52.45611 ] } },
{ "type": "Feature", "properties": { "laadpaal_id": "OCM-36899", "aantal_laadpunten": 1, "operator_id": 73.0, "adres": "Klompweg 6c", "buurt_naam": "Onbekend", "stadsdeel": "Onbekend" }, "geometry": { "type": "Point", "coordinates": [ 5.03138, 52.27593 ] } },
{ "type": "Feature", "properties": { "laadpaal_id": "OCM-36919", "aantal_laadpunten": 1, "operator_id": 178.0, "adres": "Capronilaan", "buurt_naam": "Onbekend", "stadsdeel": "Onbekend" }, "geometry": { "type": "Point", "coordinates": [ 4.768151, 52.280443 ] } },
{ "type": "Feature", "properties": { "laadpaal_id": "OCM-63832", "aantal_laadpunten": 1, "operator_id": 73.0, "adres": "Japanlaan", "buurt_naam": "Onbekend", "stadsdeel": "Onbekend" }, "geometry": { "type": "Point", "coordinates": [ 4.79738, 52.26596 ] } },
{ "type": "Feature", "properties": { "laadpaal_id": "OCM-50960", "aantal_laadpunten": 1, "operator_id": 73.0, "adres": "Koolhovenlaan 93", "buurt_naam": "Onbekend", "stadsdeel": "Onbekend" }, "geometry": { "type": "Point", "coordinates": [ 4.76137, 52.28378 ] } },
{ "type": "Feature", "properties": { "laadpaal_id": "OCM-63841", "aantal_laadpunten": 1, "operator_id": 157.0, "adres": "Dorpsstraat 47", "buurt_naam": "Onbekend", "stadsdeel": "Onbekend" }, "geometry": { "type": "Point", "coordinates": [ 5.0294073, 52.2725964 ] } },
{ "type": "Feature", "properties": { "laadpaal_id": "OCM-65754", "aantal_laadpunten": 1, "operator_id": 73.0, "adres": "Sandvisbaai 6", "buurt_naam": "Onbekend", "stadsdeel": "Onbekend" }, "geometry": { "type": "Point", "coordinates": [ 4.94132, 52.48778 ] } },
{ "type": "Feature", "properties": { "laadpaal_id": "OCM-65753", "aantal_laadpunten": 1, "operator_id": 103.0, "adres": "Rosa Luxemburgpark 6", "buurt_naam": "Onbekend", "stadsdeel": "Onbekend" }, "geometry": { "type": "Point", "coordinates": [ 4.96073916, 52.48606919 ] } },
{ "type": "Feature", "properties": { "laadpaal_id": "OCM-63827", "aantal_laadpunten": 1, "operator_id": 73.0, "adres": "Randweg 121", "buurt_naam": "Onbekend", "stadsdeel": "Onbekend" }, "geometry": { "type": "Point", "coordinates": [ 4.80469, 52.25739 ] } },
{ "type": "Feature", "properties": { "laadpaal_id": "OCM-53873", "aantal_laadpunten": 1, "operator_id": 73.0, "adres": "Legmeerdijk", "buurt_naam": "Onbekend", "stadsdeel": "Onbekend" }, "geometry": { "type": "Point", "coordinates": [ 4.78476, 52.265 ] } },
{ "type": "Feature", "properties": { "laadpaal_id": "OCM-38235", "aantal_laadpunten": 2, "operator_id": 178.0, "adres": "Persijnlaan 3", "buurt_naam": "Onbekend", "stadsdeel": "Onbekend" }, "geometry": { "type": "Point", "coordinates": [ 4.961215, 52.488996 ] } },
{ "type": "Feature", "properties": { "laadpaal_id": "OCM-68139", "aantal_laadpunten": 1, "operator_id": 73.0, "adres": "Tupolevlaan", "buurt_naam": "Onbekend", "stadsdeel": "Onbekend" }, "geometry": { "type": "Point", "coordinates": [ 4.75436, 52.28037 ] } },
{ "type": "Feature", "properties": { "laadpaal_id": "OCM-63996", "aantal_laadpunten": 1, "operator_id": 103.0, "adres": "Watermolenstraat 116", "buurt_naam": "Onbekend", "stadsdeel": "Onbekend" }, "geometry": { "type": "Point", "coordinates": [ 4.764173, 52.46101 ] } },
{ "type": "Feature", "properties": { "laadpaal_id": "OCM-38164", "aantal_laadpunten": 1, "operator_id": 178.0, "adres": "De Peereboomstraat", "buurt_naam": "Onbekend", "stadsdeel": "Onbekend" }, "geometry": { "type": "Point", "coordinates": [ 4.770134, 52.464261 ] } },
{ "type": "Feature", "properties": { "laadpaal_id": "OCM-38256", "aantal_laadpunten": 1, "operator_id": 157.0, "adres": "Mississippistraat 110", "buurt_naam": "Onbekend", "stadsdeel": "Onbekend" }, "geometry": { "type": "Point", "coordinates": [ 4.92612970000005, 52.494275926828003 ] } },
{ "type": "Feature", "properties": { "laadpaal_id": "OCM-38244", "aantal_laadpunten": 1, "operator_id": 73.0, "adres": "Fonteinkruid 40", "buurt_naam": "Onbekend", "stadsdeel": "Onbekend" }, "geometry": { "type": "Point", "coordinates": [ 4.95257, 52.4917 ] } },
{ "type": "Feature", "properties": { "laadpaal_id": "OCM-38201", "aantal_laadpunten": 1, "operator_id": 178.0, "adres": "Claude Debussystraat 76", "buurt_naam": "Onbekend", "stadsdeel": "Onbekend" }, "geometry": { "type": "Point", "coordinates": [ 4.796691, 52.477104 ] } },
{ "type": "Feature", "properties": { "laadpaal_id": "OCM-36913", "aantal_laadpunten": 1, "operator_id": 73.0, "adres": "Boeingavenue 264", "buurt_naam": "Onbekend", "stadsdeel": "Onbekend" }, "geometry": { "type": "Point", "coordinates": [ 4.7547, 52.27801 ] } },
{ "type": "Feature", "properties": { "laadpaal_id": "OCM-36967", "aantal_laadpunten": 1, "operator_id": 73.0, "adres": "Rijkerstreek 1", "buurt_naam": "Onbekend", "stadsdeel": "Onbekend" }, "geometry": { "type": "Point", "coordinates": [ 4.73443, 52.29128 ] } },
{ "type": "Feature", "properties": { "laadpaal_id": "OCM-36909", "aantal_laadpunten": 2, "operator_id": null, "adres": "Boeingavenue 266", "buurt_naam": "Onbekend", "stadsdeel": "Onbekend" }, "geometry": { "type": "Point", "coordinates": [ 4.7535717487335, 52.277112070603998 ] } },
{ "type": "Feature", "properties": { "laadpaal_id": "OCM-53881", "aantal_laadpunten": 1, "operator_id": 157.0, "adres": "Dammerweg 81", "buurt_naam": "Onbekend", "stadsdeel": "Onbekend" }, "geometry": { "type": "Point", "coordinates": [ 5.047835, 52.2730732 ] } },
{ "type": "Feature", "properties": { "laadpaal_id": "OCM-65693", "aantal_laadpunten": 1, "operator_id": 73.0, "adres": "Sierteeltstraat", "buurt_naam": "Onbekend", "stadsdeel": "Onbekend" }, "geometry": { "type": "Point", "coordinates": [ 4.78635, 52.25986 ] } },
{ "type": "Feature", "properties": { "laadpaal_id": "OCM-36914", "aantal_laadpunten": 1, "operator_id": 157.0, "adres": "Boeingavenue 2", "buurt_naam": "Onbekend", "stadsdeel": "Onbekend" }, "geometry": { "type": "Point", "coordinates": [ 4.74959564208984, 52.278678894042997 ] } },
{ "type": "Feature", "properties": { "laadpaal_id": "OCM-38166", "aantal_laadpunten": 1, "operator_id": 157.0, "adres": "Vaartdijk 20", "buurt_naam": "Onbekend", "stadsdeel": "Onbekend" }, "geometry": { "type": "Point", "coordinates": [ 4.7630453109741, 52.464694049630999 ] } },
{ "type": "Feature", "properties": { "laadpaal_id": "OCM-36782", "aantal_laadpunten": 2, "operator_id": 178.0, "adres": "Zand- en Jaagpad", "buurt_naam": "Onbekend", "stadsdeel": "Onbekend" }, "geometry": { "type": "Point", "coordinates": [ 4.99351, 52.249637 ] } },
{ "type": "Feature", "properties": { "laadpaal_id": "OCM-192339", "aantal_laadpunten": 1, "operator_id": 1.0, "adres": "van Eerbeeklaan 2", "buurt_naam": "Onbekend", "stadsdeel": "Onbekend" }, "geometry": { "type": "Point", "coordinates": [ 4.829777348453177, 52.245502150722217 ] } },
{ "type": "Feature", "properties": { "laadpaal_id": "OCM-64011", "aantal_laadpunten": 1, "operator_id": 103.0, "adres": "Zwanebloem", "buurt_naam": "Onbekend", "stadsdeel": "Onbekend" }, "geometry": { "type": "Point", "coordinates": [ 4.95281342, 52.49467334 ] } },
{ "type": "Feature", "properties": { "laadpaal_id": "OCM-38214", "aantal_laadpunten": 1, "operator_id": 178.0, "adres": "Boeroestraat 1", "buurt_naam": "Onbekend", "stadsdeel": "Onbekend" }, "geometry": { "type": "Point", "coordinates": [ 4.805263, 52.483479 ] } },
{ "type": "Feature", "properties": { "laadpaal_id": "OCM-36842", "aantal_laadpunten": 2, "operator_id": 178.0, "adres": "A.H. Blaauwstraat 3", "buurt_naam": "Onbekend", "stadsdeel": "Onbekend" }, "geometry": { "type": "Point", "coordinates": [ 4.773259, 52.264021 ] } },
{ "type": "Feature", "properties": { "laadpaal_id": "OCM-36904", "aantal_laadpunten": 1, "operator_id": 78.0, "adres": "Boeingavenue 275", "buurt_naam": "Onbekend", "stadsdeel": "Onbekend" }, "geometry": { "type": "Point", "coordinates": [ 4.751405, 52.275432 ] } },
{ "type": "Feature", "properties": { "laadpaal_id": "OCM-38230", "aantal_laadpunten": 1, "operator_id": 73.0, "adres": "Veerdijk 2", "buurt_naam": "Onbekend", "stadsdeel": "Onbekend" }, "geometry": { "type": "Point", "coordinates": [ 4.81126, 52.48709 ] } },
{ "type": "Feature", "properties": { "laadpaal_id": "OCM-36976", "aantal_laadpunten": 1, "operator_id": 162.0, "adres": "Hoeksteen 60", "buurt_naam": "Onbekend", "stadsdeel": "Onbekend" }, "geometry": { "type": "Point", "coordinates": [ 4.726212, 52.292268 ] } },
{ "type": "Feature", "properties": { "laadpaal_id": "OCM-37888", "aantal_laadpunten": 1, "operator_id": 73.0, "adres": "K.M. Rozenlaantje 183", "buurt_naam": "Onbekend", "stadsdeel": "Onbekend" }, "geometry": { "type": "Point", "coordinates": [ 4.68859, 52.3823 ] } },
{ "type": "Feature", "properties": { "laadpaal_id": "OCM-64010", "aantal_laadpunten": 1, "operator_id": 103.0, "adres": "Van Burgplein", "buurt_naam": "Onbekend", "stadsdeel": "Onbekend" }, "geometry": { "type": "Point", "coordinates": [ 4.96789975, 52.49424399 ] } },
{ "type": "Feature", "properties": { "laadpaal_id": "OCM-68133", "aantal_laadpunten": 1, "operator_id": 73.0, "adres": "Cotoneaster", "buurt_naam": "Onbekend", "stadsdeel": "Onbekend" }, "geometry": { "type": "Point", "coordinates": [ 4.78842, 52.25554 ] } },
{ "type": "Feature", "properties": { "laadpaal_id": "OCM-36934", "aantal_laadpunten": 1, "operator_id": 73.0, "adres": "Beechavenue 400", "buurt_naam": "Onbekend", "stadsdeel": "Onbekend" }, "geometry": { "type": "Point", "coordinates": [ 4.736, 52.28338 ] } },
{ "type": "Feature", "properties": { "laadpaal_id": "OCM-36775", "aantal_laadpunten": 1, "operator_id": 157.0, "adres": "Dorpsstraat 41", "buurt_naam": "Onbekend", "stadsdeel": "Onbekend" }, "geometry": { "type": "Point", "coordinates": [ 4.9911470413208, 52.2452583312988 ] } },
{ "type": "Feature", "properties": { "laadpaal_id": "OCM-36845", "aantal_laadpunten": 2, "operator_id": 178.0, "adres": "Voorstraat 32", "buurt_naam": "Onbekend", "stadsdeel": "Onbekend" }, "geometry": { "type": "Point", "coordinates": [ 5.045326, 52.26525 ] } },
{ "type": "Feature", "properties": { "laadpaal_id": "OCM-53871", "aantal_laadpunten": 1, "operator_id": 73.0, "adres": "Betula 71", "buurt_naam": "Onbekend", "stadsdeel": "Onbekend" }, "geometry": { "type": "Point", "coordinates": [ 4.79143, 52.25247 ] } },
{ "type": "Feature", "properties": { "laadpaal_id": "OCM-63836", "aantal_laadpunten": 1, "operator_id": null, "adres": "Weteringstraat", "buurt_naam": "Onbekend", "stadsdeel": "Onbekend" }, "geometry": { "type": "Point", "coordinates": [ 4.75249, 52.2703 ] } },
{ "type": "Feature", "properties": { "laadpaal_id": "OCM-37064", "aantal_laadpunten": 1, "operator_id": 178.0, "adres": "Hendrik Andriessenlaan 1", "buurt_naam": "Onbekend", "stadsdeel": "Onbekend" }, "geometry": { "type": "Point", "coordinates": [ 4.710103, 52.304217 ] } }
]
}
